GEO,OBJECTID,ID,NAME,ADDRESS,CITY,STATE,ZIP,ZIP4,TELEPHONE,TYPE,STATUS,POPULATION,COUNTY,COUNTYFIPS,COUNTRY,LATITUDE,LONGITUDE,NAICS_CODE,NAICS_DESC,SOURCE,SOURCEDATE,VAL_METHOD,VAL_DATE,WEBSITE,STATE_ID,ALT_NAME,ST_FIPS,OWNER,TTL_STAFF,BEDS,TRAUMA,HELIPAD
"{
  ""coordinates"": [
    -8.649454910982938e+01,
    3.129579533011846e+01
  ],
  ""type"": ""Point""
}",1,0001336420,ANDALUSIA HEALTH,"849 SOUTH THREE NOTCH STREET, PO BOX 760",ANDALUSIA,AL,36420,NOT AVAILABLE,(334) 222-8466,GENERAL ACUTE CARE,OPEN,88,COVINGTON,01039,USA,31.29579533,-86.49454911,622110,GENERAL MEDICAL AND SURGICAL HOSPITALS,https://dph1.adph.state.al.us/facilitiesdirectory/,2024-04-11 00:00:00.000,IMAGERY/OTHER,2014-02-10 00:00:00.000,http://www.andalusiaregionalhospital.com,H2001,NOT AVAILABLE,01,PROPRIETARY,-999,88,LEVEL III,Y
"{
  ""coordinates"": [
    -8.697840720975570e+01,
    3.480416392967238e+01
  ],
  ""type"": ""Point""
}",2,0001535611,ATHENS LIMESTONE HOSPITAL,700 WEST MARKET STREET,ATHENS,AL,35611,NOT AVAILABLE,(256) 262-6468,GENERAL ACUTE CARE,OPEN,71,LIMESTONE,01083,USA,34.80416393,-86.97840721,622110,GENERAL MEDICAL AND SURGICAL HOSPITALS,https://dph1.adph.state.al.us/facilitiesdirectory/,2024-04-11 00:00:00.000,IMAGERY/OTHER,2013-10-02 00:00:00.000,http://www.athenslimestonehospital.com,H4201,NOT AVAILABLE,01,PROPRIETARY,-999,71,LEVEL III,N
"{
  ""coordinates"": [
    -8.747879850963547e+01,
    3.101702387019711e+01
  ],
  ""type"": ""Point""
}",3,0000136502,ATMORE COMMUNITY HOSPITAL,401 MEDICAL PARK DR,ATMORE,AL,36502,NOT AVAILABLE,(251) 368-2500,GENERAL ACUTE CARE,OPEN,51,ESCAMBIA,01053,USA,31.01702387,-87.47879851,622110,GENERAL MEDICAL AND SURGICAL HOSPITALS,https://dph1.adph.state.al.us/facilitiesdirectory/,2024-04-11 00:00:00.000,IMAGERY/OTHER,2014-02-10 00:00:00.000,http://www.ebaptisthealthcare.org/atmorecommunityhospital/,H2704,NOT AVAILABLE,01,NON-PROFIT,-999,51,LEVEL III,Y
"{
  ""coordinates"": [
    -8.617493002024807e+01,
    3.237639949972512e+01
  ],
  ""type"": ""Point""
}",4,0000236124,BAPTIST MEDICAL CENTER EAST,"400 TAYLOR ROAD, PO BOX 241267",MONTGOMERY,AL,36117,1267,(334) 747-4410,GENERAL ACUTE CARE,OPEN,150,MONTGOMERY,01101,USA,32.3763995,-86.17493002,622110,GENERAL MEDICAL AND SURGICAL HOSPITALS,https://dph1.adph.state.al.us/facilitiesdirectory/,2024-04-11 00:00:00.000,IMAGERY/OTHER,2013-09-03 00:00:00.000,http://www.baptistfirst.org,H5107,NOT AVAILABLE,01,GOVERNMENT - DISTRICT/AUTHORITY,-999,150,NOT AVAILABLE,Y
"{
  ""coordinates"": [
    -8.627754934969879e+01,
    3.232815394985060e+01
  ],
  ""type"": ""Point""
}",5,0001736111,BAPTIST MEDICAL CENTER SOUTH,"2105 EAST SOUTH BOULEVARD, PO BOX 11010",MONTGOMERY,AL,36111,0010,(334) 286-2100,GENERAL ACUTE CARE,OPEN,432,MONTGOMERY,01101,USA,32.32815395,-86.27754935,622110,GENERAL MEDICAL AND SURGICAL HOSPITALS,https://dph1.adph.state.al.us/facilitiesdirectory/,2024-04-11 00:00:00.000,IMAGERY/OTHER,2014-03-12 00:00:00.000,http://www.baptistfirst.org,H5102,NOT AVAILABLE,01,GOVERNMENT - DISTRICT/AUTHORITY,-999,432,LEVEL II,Y
"{
  ""coordinates"": [
    -8.817800813002930e+01,
    3.062480849001610e+01
  ],
  ""type"": ""Point""
}",6,0000436693,BAYPOINTE BEHAVIORAL HEALTH,5800 SOUTHLAND DRIVE,MOBILE,AL,36693,NOT AVAILABLE,(251) 450-5901,PSYCHIATRIC,OPEN,60,MOBILE,01097,USA,30.62480849,-88.17800813,622210,PSYCHIATRIC AND SUBSTANCE ABUSE HOSPITALS,https://dph1.adph.state.al.us/facilitiesdirectory/,2024-04-11 00:00:00.000,IMAGERY/OTHER,2014-02-10 00:00:00.000,http://www.altapointe.org,H4912,NOT AVAILABLE,01,NON-PROFIT,-999,60,NOT AVAILABLE,N
"{
  ""coordinates"": [
    -8.626319151003736e+01,
    3.169458855028303e+01
  ],
  ""type"": ""Point""
}",7,0001836049,BEACONS CHILDREN'S HOSPITAL,150 HOSPITAL DRIVE,LUVERNE,AL,36049,NOT AVAILABLE,(334) 334-5040,PSYCHIATRIC,OPEN,28,CRENSHAW,01041,USA,31.69458855,-86.26319151,622210,PSYCHIATRIC AND SUBSTANCE ABUSE HOSPITALS,https://dph1.adph.state.al.us/facilitiesdirectory/,2024-04-11 00:00:00.000,IMAGERY/OTHER,2014-02-10 00:00:00.000,NOT AVAILABLE,H2102,NOT AVAILABLE,01,PROPRIETARY,-999,28,NOT AVAILABLE,Y
"{
  ""coordinates"": [
    -8.714831122984437e+01,
    3.295135837007106e+01
  ],
  ""type"": ""Point""
}",8,0002035042,BIBB MEDICAL CENTER,208 PIERSON AVENUE,CENTREVILLE,AL,35042,NOT AVAILABLE,(205) 926-4881,GENERAL ACUTE CARE,OPEN,35,BIBB,01007,USA,32.95135837,-87.14831123,622110,GENERAL MEDICAL AND SURGICAL HOSPITALS,https://dph1.adph.state.al.us/facilitiesdirectory/,2024-04-11 00:00:00.000,IMAGERY,2014-02-10 00:00:00.000,http://www.bibbmedicalcenter.com,H0401,NOT AVAILABLE,01,GOVERNMENT - DISTRICT/AUTHORITY,-999,35,NOT AVAILABLE,Y
"{
  ""coordinates"": [
    -8.677666510026560e+01,
    3.346425992992519e+01
  ],
  ""type"": ""Point""
}",9,0196784204,BROOKWOOD BAPTIST MEDICAL CENTER,2010 BROOKWOOD MEDICAL CENTER DRIVE,HOMEWOOD,AL,35209,NOT AVAILABLE,(205) 877-1000,GENERAL ACUTE CARE,OPEN,595,JEFFERSON,01073,USA,33.46425993,-86.7766651,622110,GENERAL MEDICAL AND SURGICAL HOSPITALS,https://dph1.adph.state.al.us/facilitiesdirectory/,2024-04-11 00:00:00.000,IMAGERY/OTHER,2022-04-01 00:00:00.000,NOT AVAILABLE,H3721,NOT AVAILABLE,01,PROPRIETARY,-999,595,LEVEL III,Y
"{
  ""coordinates"": [
    -8.753815802029179e+01,
    3.321630309013673e+01
  ],
  ""type"": ""Point""
}",10,0002135401,BRYCE HOSPITAL,200 UNIVERSITY BOULEVARD,TUSCALOOSA,AL,35401,NOT AVAILABLE,(205) 759-0750,PSYCHIATRIC,OPEN,-999,TUSCALOOSA,01125,USA,33.21630309,-87.53815802,622210,PSYCHIATRIC AND SUBSTANCE ABUSE HOSPITALS,https://dph1.adph.state.al.us/facilitiesdirectory/,2024-04-11 00:00:00.000,IMAGERY,2014-02-10 00:00:00.000,NOT AVAILABLE,H6304,NOT AVAILABLE,01,GOVERNMENT - STATE,-999,-999,NOT AVAILABLE,N
"{
  ""coordinates"": [
    -8.571700932965973e+01,
    3.214663510990757e+01
  ],
  ""type"": ""Point""
}",11,0008236089,BULLOCK COUNTY HOSPITAL,102 WEST CONECUH AVENUE,UNION SPRINGS,AL,36089,NOT AVAILABLE,(334) 738-2140,GENERAL ACUTE CARE,OPEN,61,BULLOCK,01011,USA,32.14663511,-85.71700933,622110,GENERAL MEDICAL AND SURGICAL HOSPITALS,https://dph1.adph.state.al.us/facilitiesdirectory/,2024-04-11 00:00:00.000,IMAGERY,2014-02-10 00:00:00.000,NOT AVAILABLE,H0601,NOT AVAILABLE,01,PROPRIETARY,-999,61,NOT AVAILABLE,N
"{
  ""coordinates"": [
    -8.571214861033604e+01,
    3.244521832034915e+01
  ],
  ""type"": ""Point""
}",12,0001636083,CENTRAL ALABAMA VETERANS HEALTH CARE SYSTEM EAST CAMPUS,2400 HOSPITAL ROAD,TUSKEGEE,AL,36083,NOT AVAILABLE,(334) 727-0550,GENERAL ACUTE CARE,OPEN,143,MACON,01087,USA,32.44521832,-85.71214861,622110,GENERAL MEDICAL AND SURGICAL HOSPITALS,https://dph1.adph.state.al.us/facilitiesdirectory/,2024-04-11 00:00:00.000,IMAGERY/OTHER,2015-05-13 00:00:00.000,NOT AVAILABLE,H4401,NOT AVAILABLE,01,NOT AVAILABLE,-999,143,NOT AVAILABLE,Y
"{
  ""coordinates"": [
    -8.680515914005500e+01,
    3.350404815003155e+01
  ],
  ""type"": ""Point""
}",13,0000735233,CHILDREN'S HOSPITAL OF ALABAMA,1600 SEVENTH AVENUE SOUTH,BIRMINGHAM,AL,35233,1711,(205) 638-9100,CHILDREN,OPEN,332,JEFFERSON,01073,USA,33.50404815,-86.80515914,622110,"CHILDREN'S HOSPITALS, GENERAL",https://dph1.adph.state.al.us/facilitiesdirectory/,2024-04-11 00:00:00.000,IMAGERY/OTHER,2014-03-12 00:00:00.000,http://www.childrensal.org,H3704,NOT AVAILABLE,01,NON-PROFIT,-999,332,LEVEL I,Y
"{
  ""coordinates"": [
    -8.820949244041398e+01,
    3.209310533972616e+01
  ],
  ""type"": ""Point""
}",14,0002836904,CHOCTAW GENERAL HOSPITAL,401 VANITY FAIR DRIVE,BUTLER,AL,36904,NOT AVAILABLE,(205) 459-9100,CRITICAL ACCESS,OPEN,25,CHOCTAW,01023,USA,32.09310534,-88.20949244,622110,GENERAL MEDICAL AND SURGICAL HOSPITALS,https://dph1.adph.state.al.us/facilitiesdirectory/,2024-04-11 00:00:00.000,IMAGERY,2013-09-09 00:00:00.000,http://www.choctawgeneral.com/cgh/,H1201,NOT AVAILABLE,01,NON-PROFIT,-999,25,NOT AVAILABLE,Y
"{
  ""coordinates"": [
    -8.609078340016161e+01,
    3.344027682016538e+01
  ],
  ""type"": ""Point""
}",15,0003035161,CITIZENS BAPTIST MEDICAL CENTER,"604 STONE AVENUE, PO BOX 978",TALLADEGA,AL,35161,NOT AVAILABLE,(205) 820-5930,GENERAL ACUTE CARE,OPEN,122,TALLADEGA,01121,USA,33.44027682,-86.0907834,622110,GENERAL MEDICAL AND SURGICAL HOSPITALS,https://dph1.adph.state.al.us/facilitiesdirectory/,2024-04-11 00:00:00.000,IMAGERY,2014-02-10 00:00:00.000,http://www.bhsala.com/home_citizens.cfm?id=38,H6101,NOT AVAILABLE,01,PROPRIETARY,-999,122,LEVEL III,Y
"{
  ""coordinates"": [
    -8.582398277981783e+01,
    3.327756394030514e+01
  ],
  ""type"": ""Point""
}",16,0003236251,CLAY COUNTY HOSPITAL,"83825 HIGHWAY 9, PO BOX 1270",ASHLAND,AL,36251,NOT AVAILABLE,(256) 354-2131,GENERAL ACUTE CARE,OPEN,53,CLAY,01027,USA,33.27756394,-85.82398278,622110,GENERAL MEDICAL AND SURGICAL HOSPITALS,https://dph1.adph.state.al.us/facilitiesdirectory/,2024-04-11 00:00:00.000,IMAGERY/OTHER,2013-09-09 00:00:00.000,http://www.claycountyhospital.com,H1401,NOT AVAILABLE,01,GOVERNMENT - DISTRICT/AUTHORITY,-999,53,NOT AVAILABLE,Y
"{
  ""coordinates"": [
    -8.591224660971842e+01,
    3.253390982963599e+01
  ],
  ""type"": ""Point""
}",17,0003336078,"COMMUNITY HOSPITAL, INC",805 FRIENDSHIP ROAD,TALLASSEE,AL,36078,1225,(334) 283-6541,GENERAL ACUTE CARE,OPEN,69,ELMORE,01051,USA,32.53390983,-85.91224661,622110,GENERAL MEDICAL AND SURGICAL HOSPITALS,https://dph1.adph.state.al.us/facilitiesdirectory/,2024-04-11 00:00:00.000,IMAGERY/OTHER,2014-03-12 00:00:00.000,http://chal.org/,H2602,NOT AVAILABLE,01,NON-PROFIT,-999,69,LEVEL III,Y
"{
  ""coordinates"": [
    -8.625548757972032e+01,
    3.316456022992609e+01
  ],
  ""type"": ""Point""
}",18,0003435150,COOSA VALLEY MEDICAL CENTER,315 WEST HICKORY STREET,SYLACAUGA,AL,35150,NOT AVAILABLE,(256) 401-4534,GENERAL ACUTE CARE,OPEN,168,TALLADEGA,01121,USA,33.16456023,-86.25548758,622110,GENERAL MEDICAL AND SURGICAL HOSPITALS,https://dph1.adph.state.al.us/facilitiesdirectory/,2024-04-11 00:00:00.000,IMAGERY,2014-02-10 00:00:00.000,http://www.cvhealth.net,H6102,NOT AVAILABLE,01,GOVERNMENT - DISTRICT/AUTHORITY,-999,168,LEVEL III,N
"{
  ""coordinates"": [
    -8.626504570015744e+01,
    3.169354406985757e+01
  ],
  ""type"": ""Point""
}",19,0003536049,CRENSHAW COMMUNITY HOSPITAL,101 HOSPITAL CIRCLE,LUVERNE,AL,36049,NOT AVAILABLE,(334) 335-1154,GENERAL ACUTE CARE,OPEN,65,CRENSHAW,01041,USA,31.69354407,-86.2650457,622110,GENERAL MEDICAL AND SURGICAL HOSPITALS,https://dph1.adph.state.al.us/facilitiesdirectory/,2024-04-11 00:00:00.000,IMAGERY/OTHER,2014-02-10 00:00:00.000,NOT AVAILABLE,H2101,NOT AVAILABLE,01,GOVERNMENT - DISTRICT/AUTHORITY,-999,65,NOT AVAILABLE,Y
"{
  ""coordinates"": [
    -8.657217153999343e+01,
    3.469361140007422e+01
  ],
  ""type"": ""Point""
}",20,0008435801,CRESTWOOD MEDICAL CENTER,1 HOSPITAL DRIVE,HUNTSVILLE,AL,35801,NOT AVAILABLE,(256) 429-5000,GENERAL ACUTE CARE,OPEN,180,MADISON,01089,USA,34.6936114,-86.57217154,622110,GENERAL MEDICAL AND SURGICAL HOSPITALS,https://dph1.adph.state.al.us/facilitiesdirectory/,2024-04-11 00:00:00.000,IMAGERY,2013-10-02 00:00:00.000,NOT AVAILABLE,H4501,NOT AVAILABLE,01,PROPRIETARY,-999,180,LEVEL III,N
"{
  ""coordinates"": [
    -8.628134482969057e+01,
    3.232346326983063e+01
  ],
  ""type"": ""Point""
}",21,0091036116,CROSSBRIDGE BEHAVIORAL HEALTH A BAPTIST SOUTH FACILITY,4385 NARROW LANE ROAD,MONTGOMERY,AL,36116,NOT AVAILABLE,(334) 286-3116,PSYCHIATRIC,OPEN,60,MONTGOMERY,01101,USA,32.32346327,-86.28134483,622210,PSYCHIATRIC AND SUBSTANCE ABUSE HOSPITALS,https://dph1.adph.state.al.us/facilitiesdirectory/,2024-04-11 00:00:00.000,IMAGERY/OTHER,2015-02-03 00:00:00.000,NOT AVAILABLE,H5111,NOT AVAILABLE,01,GOVERNMENT - DISTRICT/AUTHORITY,-999,60,NOT AVAILABLE,N
"{
  ""coordinates"": [
    -8.680572957026041e+01,
    3.420132719985812e+01
  ],
  ""type"": ""Point""
}",22,0003735055,CULLMAN REGIONAL MEDICAL CENTER,1912 ALABAMA HIGHWAY 157,CULLMAN,AL,35058,NOT AVAILABLE,(256) 737-2598,GENERAL ACUTE CARE,OPEN,150,CULLMAN,01043,USA,34.2013272,-86.80572957,622110,GENERAL MEDICAL AND SURGICAL HOSPITALS,https://dph1.adph.state.al.us/facilitiesdirectory/,2024-04-11 00:00:00.000,IMAGERY,2014-02-10 00:00:00.000,http://www.crmchospital.com,H2201,NOT AVAILABLE,01,NON-PROFIT,-999,150,LEVEL III,Y
"{
  ""coordinates"": [
    -8.707349930031924e+01,
    3.112703391008980e+01
  ],
  ""type"": ""Point""
}",23,0003836427,D. W. MCMILLAN MEMORIAL HOSPITAL,"1301 BELLEVILLE AVENUE, PO DRAWER 908",BREWTON,AL,36427,NOT AVAILABLE,(251) 867-8061,GENERAL ACUTE CARE,OPEN,91,ESCAMBIA,01053,USA,31.12703391,-87.0734993,622110,GENERAL MEDICAL AND SURGICAL HOSPITALS,https://dph1.adph.state.al.us/facilitiesdirectory/,2024-04-11 00:00:00.000,IMAGERY/OTHER,2014-03-12 00:00:00.000,http://www.dwmmh.org,H2703,NOT AVAILABLE,01,GOVERNMENT - DISTRICT/AUTHORITY,-999,91,LEVEL III,Y
"{
  ""coordinates"": [
    -8.563208804020148e+01,
    3.145157665969572e+01
  ],
  ""type"": ""Point""
}",24,0000836360,DALE MEDICAL CENTER,126 HOSPITAL AVENUE,OZARK,AL,36360,NOT AVAILABLE,(334) 774-2224,GENERAL ACUTE CARE,OPEN,89,DALE,01045,USA,31.45157666,-85.63208804,622110,GENERAL MEDICAL AND SURGICAL HOSPITALS,https://dph1.adph.state.al.us/facilitiesdirectory/,2024-04-11 00:00:00.000,IMAGERY/OTHER,2014-03-12 00:00:00.000,http://www.dalemedical.org,H2301,NOT AVAILABLE,01,GOVERNMENT - LOCAL,-999,89,LEVEL III,Y
"{
  ""coordinates"": [
    -8.752741946955391e+01,
    3.320482052971852e+01
  ],
  ""type"": ""Point""
}",25,0000935401,DCH REGIONAL MEDICAL CENTER,809 UNIVERSITY BOULEVARD EAST,TUSCALOOSA,AL,35401,NOT AVAILABLE,(205) 759-7147,GENERAL ACUTE CARE,OPEN,583,TUSCALOOSA,01125,USA,33.20482053,-87.52741947,622110,GENERAL MEDICAL AND SURGICAL HOSPITALS,https://dph1.adph.state.al.us/facilitiesdirectory/,2024-04-11 00:00:00.000,IMAGERY/OTHER,2014-03-12 00:00:00.000,http://www.dchsystem.com,H6301,NOT AVAILABLE,01,GOVERNMENT - DISTRICT/AUTHORITY,-999,583,LEVEL III,Y
"{
  ""coordinates"": [
    -8.697148153039348e+01,
    3.459034408967094e+01
  ],
  ""type"": ""Point""
}",26,0003935601,DECATUR MORGAN HOSPITAL - DECATUR CAMPUS,1201 SEVENTH STREET SOUTHEAST,DECATUR,AL,35601,NOT AVAILABLE,(256) 973-2000,GENERAL ACUTE CARE,OPEN,273,MORGAN,01103,USA,34.59034409,-86.97148153,622110,GENERAL MEDICAL AND SURGICAL HOSPITALS,https://dph1.adph.state.al.us/facilitiesdirectory/,2024-04-11 00:00:00.000,IMAGERY/OTHER,2014-03-12 00:00:00.000,http://www.decaturgeneral.org/,H5202,NOT AVAILABLE,01,PROPRIETARY,-999,273,LEVEL III,Y
"{
  ""coordinates"": [
    -8.701580866003481e+01,
    3.457689678976268e+01
  ],
  ""type"": ""Point""
}",27,0001035601,DECATUR MORGAN HOSPITAL - PARKWAY CAMPUS,1874 BELTLINE ROAD SW,DECATUR,AL,35601,NOT AVAILABLE,(256) 973-2000,GENERAL ACUTE CARE,OPEN,120,MORGAN,01103,USA,34.57689679,-87.01580866,622110,GENERAL MEDICAL AND SURGICAL HOSPITALS,https://dph1.adph.state.al.us/facilitiesdirectory/,2024-04-11 00:00:00.000,IMAGERY/OTHER,2013-10-02 00:00:00.000,http://www.decaturgeneral.org/,H5201,NOT AVAILABLE,01,PROPRIETARY,-999,120,NOT AVAILABLE,N
"{
  ""coordinates"": [
    -8.702541659025781e+01,
    3.458368231995269e+01
  ],
  ""type"": ""Point""
}",28,0001135601,DECATUR MORGAN WEST,"2205 BELTLINE ROAD SW, PO BOX 2240",DECATUR,AL,35601,NOT AVAILABLE,(256) 973-2000,PSYCHIATRIC,OPEN,64,MORGAN,01103,USA,34.58368232,-87.02541659,622110,GENERAL MEDICAL AND SURGICAL HOSPITALS,https://dph1.adph.state.al.us/facilitiesdirectory/,2024-04-11 00:00:00.000,IMAGERY,2013-09-03 00:00:00.000,http://www.decaturgeneral.org/,H5206,NOT AVAILABLE,01,PROPRIETARY,-999,64,NOT AVAILABLE,N
"{
  ""coordinates"": [
    -8.575621836995353e+01,
    3.444127983984134e+01
  ],
  ""type"": ""Point""
}",29,0004135968,DEKALB REGIONAL MEDICAL CENTER,"200 MEDICAL CENTER DRIVE, PO BOX 680778",FORT PAYNE,AL,35968,1608,(256) 845-3150,GENERAL ACUTE CARE,OPEN,134,DEKALB,01049,USA,34.44127984,-85.75621837,622110,GENERAL MEDICAL AND SURGICAL HOSPITALS,https://dph1.adph.state.al.us/facilitiesdirectory/,2024-04-11 00:00:00.000,IMAGERY/OTHER,2014-03-12 00:00:00.000,http://www.dekalbregional.com,H2501,NOT AVAILABLE,01,PROPRIETARY,-999,134,LEVEL III,Y
"{
  ""coordinates"": [
    -8.516870266956774e+01,
    3.282459810991788e+01
  ],
  ""type"": ""Point""
}",30,0005036854,EAMC - LANIER,4800 48TH STREET,VALLEY,AL,36854,3666,(334) 756-9180,GENERAL ACUTE CARE,OPEN,115,CHAMBERS,01017,USA,32.82459811,-85.16870267,622110,GENERAL MEDICAL AND SURGICAL HOSPITALS,https://dph1.adph.state.al.us/facilitiesdirectory/,2024-04-11 00:00:00.000,IMAGERY/OTHER,2014-02-10 00:00:00.000,http://www.lanierhospital.com,H0904,NOT AVAILABLE,01,GOVERNMENT - DISTRICT/AUTHORITY,-999,115,NOT AVAILABLE,Y
"{
  ""coordinates"": [
    -8.540447479009190e+01,
    3.263852487002269e+01
  ],
  ""type"": ""Point""
}",31,0001236801,EAST ALABAMA MEDICAL CENTER,2000 PEPPERELL PARKWAY,OPELIKA,AL,36801,NOT AVAILABLE,(334) 749-3411,GENERAL ACUTE CARE,OPEN,314,LEE,01081,USA,32.63852487,-85.40447479,622110,GENERAL MEDICAL AND SURGICAL HOSPITALS,https://dph1.adph.state.al.us/facilitiesdirectory/,2024-04-11 00:00:00.000,IMAGERY/OTHER,2014-02-10 00:00:00.000,http://www.eamc.org,H4101,NOT AVAILABLE,01,GOVERNMENT - DISTRICT/AUTHORITY,-999,314,LEVEL III,Y
"{
  ""coordinates"": [
    -8.789513909985672e+01,
    3.063528914977344e+01
  ],
  ""type"": ""Point""
}",32,0004336526,EASTPOINTE HOSPITAL,7400 ROPER LANE,DAPHNE,AL,36526,NOT AVAILABLE,(251) 450-5901,PSYCHIATRIC,OPEN,66,BALDWIN,01003,USA,30.63528915,-87.8951391,622210,PSYCHIATRIC AND SUBSTANCE ABUSE HOSPITALS,https://dph1.adph.state.al.us/facilitiesdirectory/,2024-04-11 00:00:00.000,IMAGERY,2014-02-10 00:00:00.000,http://www.altapointe.org/eastpointe.php,H4913,NOT AVAILABLE,01,PROPRIETARY,-999,66,NOT AVAILABLE,N
"{
  ""coordinates"": [
    -8.618639644980955e+01,
    3.255226697013318e+01
  ],
  ""type"": ""Point""
}",33,0004536092,ELMORE COMMUNITY HOSPITAL,"500 HOSPITAL DRIVE, PO BOX 130",WETUMPKA,AL,36092,NOT AVAILABLE,(256) 825-7821,GENERAL ACUTE CARE,OPEN,69,ELMORE,01051,USA,32.55226697,-86.18639645,622110,GENERAL MEDICAL AND SURGICAL HOSPITALS,https://dph1.adph.state.al.us/facilitiesdirectory/,2024-04-11 00:00:00.000,IMAGERY/OTHER,2013-09-06 00:00:00.000,http://www.elmorehospital.com/,H2601,NOT AVAILABLE,01,PROPRIETARY,-999,69,NOT AVAILABLE,Y
"{
  ""coordinates"": [
    -8.678833499015407e+01,
    3.346911584975599e+01
  ],
  ""type"": ""Point""
}",34,0005835209,ENCOMPASS HEALTH LAKESHORE REHABILITATION HOSPITAL,3800 RIDGEWAY DRIVE,BIRMINGHAM,AL,35209,NOT AVAILABLE,(205) 868-2000,REHABILITATION,OPEN,100,JEFFERSON,01073,USA,33.46911585,-86.78833499,622310,"REHABILITATION HOSPITALS (EXCEPT ALCOHOLISM, DRUG ADDICTION)",https://dph1.adph.state.al.us/facilitiesdirectory/,2024-04-11 00:00:00.000,IMAGERY/OTHER,2013-09-05 00:00:00.000,http://www.healthsouthlakeshorerehab.com,H3709,NOT AVAILABLE,01,PROPRIETARY,-999,100,NOT AVAILABLE,N
"{
  ""coordinates"": [
    -8.536581262977001e+01,
    3.121791191034639e+01
  ],
  ""type"": ""Point""
}",35,0002236301,ENCOMPASS HEALTH REHABILITATION HOSPITAL OF DOTHAN,1736 EAST MAIN STREET,DOTHAN,AL,36301,NOT AVAILABLE,(334) 712-6333,REHABILITATION,OPEN,51,HOUSTON,01069,USA,31.21791191,-85.36581263,622310,"REHABILITATION HOSPITALS (EXCEPT ALCOHOLISM, DRUG ADDICTION)",https://dph1.adph.state.al.us/facilitiesdirectory/,2024-04-11 00:00:00.000,IMAGERY/OTHER,2014-03-12 00:00:00.000,http://www.healthsouthdothan.com,H3504,NOT AVAILABLE,01,PROPRIETARY,-999,51,NOT AVAILABLE,Y
"{
  ""coordinates"": [
    -8.596848843992611e+01,
    3.400674122000463e+01
  ],
  ""type"": ""Point""
}",36,0005935903,ENCOMPASS HEALTH REHABILITATION HOSPITAL OF GADSDEN,801 GOODYEAR AVENUE,GADSDEN,AL,35903,NOT AVAILABLE,(256) 439-5000,REHABILITATION,OPEN,48,ETOWAH,01055,USA,34.00674122,-85.96848844,622310,"REHABILITATION HOSPITALS (EXCEPT ALCOHOLISM, DRUG ADDICTION)",https://dph1.adph.state.al.us/facilitiesdirectory/,2024-04-11 00:00:00.000,IMAGERY/OTHER,2013-09-06 00:00:00.000,http://www.healthsouthgadsden.com/,H2804,NOT AVAILABLE,01,PROPRIETARY,-999,48,NOT AVAILABLE,Y
"{
  ""coordinates"": [
    -8.628070979983642e+01,
    3.231910697989688e+01
  ],
  ""type"": ""Point""
}",37,0002336116,ENCOMPASS HEALTH REHABILITATION HOSPITAL OF MONTGOMERY,4465 NARROW LANE ROAD,MONTGOMERY,AL,36116,NOT AVAILABLE,(334) 284-7700,REHABILITATION,OPEN,75,MONTGOMERY,01101,USA,32.31910698,-86.2807098,622310,"REHABILITATION HOSPITALS (EXCEPT ALCOHOLISM, DRUG ADDICTION)",https://dph1.adph.state.al.us/facilitiesdirectory/,2024-04-11 00:00:00.000,IMAGERY/OTHER,2014-02-10 00:00:00.000,http://www.healthsouthmontgomery.com,H5101,NOT AVAILABLE,01,PROPRIETARY,-999,75,NOT AVAILABLE,N
"{
  ""coordinates"": [
    -8.657986887038808e+01,
    3.471920942966491e+01
  ],
  ""type"": ""Point""
}",38,0090235801,ENCOMPASS HEALTH REHABILITATION HOSPITAL OF NORTH ALABAMA,107 GOVERNORS DRIVE SW,HUNTSVILLE,AL,35801,NOT AVAILABLE,(256) 535-2300,REHABILITATION,OPEN,70,MADISON,01089,USA,34.71920943,-86.57986887,622310,"REHABILITATION HOSPITALS (EXCEPT ALCOHOLISM, DRUG ADDICTION)",https://dph1.adph.state.al.us/facilitiesdirectory/,2024-04-11 00:00:00.000,IMAGERY/OTHER,2015-02-03 00:00:00.000,NOT AVAILABLE,H4502,NOT AVAILABLE,01,PROPRIETARY,-999,70,NOT AVAILABLE,Y
"{
  ""coordinates"": [
    -8.679881000034044e+01,
    3.328329990031838e+01
  ],
  ""type"": ""Point""
}",39,0196784285,ENCOMPASS HEALTH REHABILITATION HOSPITAL OF SHELBY COUNTY,900 OAK MOUNTAIN COMMONS LANE,PELHAM,AL,35124,NOT AVAILABLE,(205) 216-7600,REHABILITATION,OPEN,34,SHELBY,01117,USA,33.2832999,-86.79881,622310,"REHABILITATION HOSPITALS (EXCEPT ALCOHOLISM, DRUG ADDICTION)",https://dph1.adph.state.al.us/facilitiesdirectory/,2024-04-11 00:00:00.000,IMAGERY/OTHER,2022-04-01 00:00:00.000,NOT AVAILABLE,H5903,NOT AVAILABLE,01,PROPRIETARY,-999,34,NOT AVAILABLE,N
"{
  ""coordinates"": [
    -8.694048359036151e+01,
    3.143079856977085e+01
  ],
  ""type"": ""Point""
}",40,0004636401,EVERGREEN MEDICAL CENTER,"101 CRESTVIEW AVENUE, PO BOX 706",EVERGREEN,AL,36401,NOT AVAILABLE,(251) 578-0166,GENERAL ACUTE CARE,OPEN,58,CONECUH,01035,USA,31.43079857,-86.94048359,622110,GENERAL MEDICAL AND SURGICAL HOSPITALS,https://dph1.adph.state.al.us/facilitiesdirectory/,2024-04-11 00:00:00.000,IMAGERY/OTHER,2014-03-12 00:00:00.000,http://www.evergreenmedical.org,H1801,NOT AVAILABLE,01,PROPRIETARY,-999,58,NOT AVAILABLE,Y
"{
  ""coordinates"": [
    -8.782468897971951e+01,
    3.370817813963032e+01
  ],
  ""type"": ""Point""
}",41,0004835555,FAYETTE MEDICAL CENTER,"1653 TEMPLE AVENUE NORTH, PO DRAWER 710",FAYETTE,AL,35555,NOT AVAILABLE,(205) 932-5966,GENERAL ACUTE CARE,OPEN,61,FAYETTE,01057,USA,33.70817814,-87.82468898,622110,GENERAL MEDICAL AND SURGICAL HOSPITALS,https://dph1.adph.state.al.us/facilitiesdirectory/,2024-04-11 00:00:00.000,IMAGERY/OTHER,2014-03-12 00:00:00.000,http://www.dchsystem.com/body.cfm?id=36928,H2901,NOT AVAILABLE,01,GOVERNMENT - DISTRICT/AUTHORITY,-999,61,NOT AVAILABLE,Y
"{
  ""coordinates"": [
    -8.545704245958356e+01,
    3.123742998987682e+01
  ],
  ""type"": ""Point""
}",42,0001636302,FLOWERS HOSPITAL,"4370 WEST MAIN STREET, PO BOX 6907",DOTHAN,AL,36305,NOT AVAILABLE,(334) 793-5000,GENERAL ACUTE CARE,OPEN,235,HOUSTON,01069,USA,31.23742999,-85.45704246,622110,GENERAL MEDICAL AND SURGICAL HOSPITALS,https://dph1.adph.state.al.us/facilitiesdirectory/,2024-04-11 00:00:00.000,IMAGERY/OTHER,2014-02-10 00:00:00.000,http://www.flowershospital.com,H3501,NOT AVAILABLE,01,PROPRIETARY,-999,235,LEVEL III,Y
"{
  ""coordinates"": [
    -8.565108878018803e+01,
    3.416145829999181e+01
  ],
  ""type"": ""Point""
}",43,0002735960,FLOYD CHEROKEE MEDICAL CENTER,400 NORTHWOOD DRIVE,CENTRE,AL,35960,NOT AVAILABLE,(256) 927-5531,GENERAL ACUTE CARE,OPEN,60,CHEROKEE,01019,USA,34.1614583,-85.65108878,622110,GENERAL MEDICAL AND SURGICAL HOSPITALS,https://dph1.adph.state.al.us/facilitiesdirectory/,2024-04-11 00:00:00.000,IMAGERY,2014-02-10 00:00:00.000,http://www.cherokeemedicalcenter.com,H1001,NOT AVAILABLE,01,PROPRIETARY,-999,60,NOT AVAILABLE,Y
"{
  ""coordinates"": [
    -8.596598214028342e+01,
    3.400773627974673e+01
  ],
  ""type"": ""Point""
}",44,0004935903,GADSDEN REGIONAL MEDICAL CENTER,1007 GOODYEAR AVENUE,GADSDEN,AL,35903,NOT AVAILABLE,(256) 494-4000,GENERAL ACUTE CARE,OPEN,346,ETOWAH,01055,USA,34.00773628,-85.96598214,622110,GENERAL MEDICAL AND SURGICAL HOSPITALS,https://dph1.adph.state.al.us/facilitiesdirectory/,2024-04-11 00:00:00.000,IMAGERY/OTHER,2014-02-10 00:00:00.000,http://www.gadsdenregional.com,H2801,NOT AVAILABLE,01,PROPRIETARY,-999,346,LEVEL III,Y
"{
  ""coordinates"": [
    -8.671744145979599e+01,
    3.343293355011505e+01
  ],
  ""type"": ""Point""
}",45,0013535243,GRANDVIEW MEDICAL CENTER,3690 GRANDVIEW PARKWAY,BIRMINGHAM,AL,35243,NOT AVAILABLE,(205) 971-1000,GENERAL ACUTE CARE,OPEN,434,JEFFERSON,01073,USA,33.43293355,-86.71744146,622110,GENERAL MEDICAL AND SURGICAL HOSPITALS,https://dph1.adph.state.al.us/facilitiesdirectory/,2024-04-11 00:00:00.000,IMAGERY/OTHER,2016-03-08 00:00:00.000,http://www.grandviewhealth.com/grandview/default.aspx,H3701,NOT AVAILABLE,01,PROPRIETARY,-999,434,LEVEL III,Y
"{
  ""coordinates"": [
    -8.789048348028545e+01,
    3.284324893963913e+01
  ],
  ""type"": ""Point""
}",46,0005235462,GREENE COUNTY HEALTH SYSTEM,509 WILSON AVENUE,EUTAW,AL,35462,NOT AVAILABLE,(205) 372-3388,GENERAL ACUTE CARE,OPEN,20,GREENE,01063,USA,32.84324894,-87.89048348,622110,GENERAL MEDICAL AND SURGICAL HOSPITALS,https://dph1.adph.state.al.us/facilitiesdirectory/,2024-04-11 00:00:00.000,IMAGERY/OTHER,2014-02-10 00:00:00.000,NOT AVAILABLE,H3201,NOT AVAILABLE,01,GOVERNMENT - LOCAL,-999,20,NOT AVAILABLE,Y
"{
  ""coordinates"": [
    -8.777602463027453e+01,
    3.169430230023927e+01
  ],
  ""type"": ""Point""
}",47,0005536451,GROVE HILL MEMORIAL HOSPITAL,"295 JACKSON HIGHWAY S, PO BOX 935",GROVE HILL,AL,36451,NOT AVAILABLE,(251) 275-3191,GENERAL ACUTE CARE,OPEN,50,CLARKE,01025,USA,31.6943023,-87.77602463,622110,GENERAL MEDICAL AND SURGICAL HOSPITALS,https://dph1.adph.state.al.us/facilitiesdirectory/,2024-04-11 00:00:00.000,IMAGERY/OTHER,2014-02-10 00:00:00.000,http://www.grovehillmemorial.org,H1301,NOT AVAILABLE,01,GOVERNMENT - DISTRICT/AUTHORITY,-999,50,LEVEL III,Y
"{
  ""coordinates"": [
    -8.758693419022671e+01,
    3.269537223967021e+01
  ],
  ""type"": ""Point""
}",48,0005736744,HALE COUNTY HOSPITAL,508 GREENE STREET,GREENSBORO,AL,36744,NOT AVAILABLE,(334) 624-3024,GENERAL ACUTE CARE,OPEN,39,HALE,01065,USA,32.69537224,-87.58693419,622110,GENERAL MEDICAL AND SURGICAL HOSPITALS,https://dph1.adph.state.al.us/facilitiesdirectory/,2024-04-11 00:00:00.000,IMAGERY/OTHER,2013-09-06 00:00:00.000,http://www.halecountyhospital.com,H3301,NOT AVAILABLE,01,GOVERNMENT - LOCAL,-999,39,NOT AVAILABLE,N
"{
  ""coordinates"": [
    -8.770026146032200e+01,
    3.474595015014519e+01
  ],
  ""type"": ""Point""
}",49,0006035660,HELEN KELLER MEMORIAL HOSPITAL,"1300 SMONTGOMERY AVENUE, PO BOX 610",SHEFFIELD,AL,35660,NOT AVAILABLE,(256) 386-4550,GENERAL ACUTE CARE,OPEN,185,COLBERT,01033,USA,34.74595015,-87.70026146,622110,GENERAL MEDICAL AND SURGICAL HOSPITALS,https://dph1.adph.state.al.us/facilitiesdirectory/,2024-04-11 00:00:00.000,IMAGERY/OTHER,2014-02-10 00:00:00.000,NOT AVAILABLE,H1701,NOT AVAILABLE,01,GOVERNMENT - DISTRICT/AUTHORITY,-999,185,LEVEL III,Y
"{
  ""coordinates"": [
    -8.604749080004588e+01,
    3.466203792993333e+01
  ],
  ""type"": ""Point""
}",50,0006135768,HIGHLANDS MEDICAL CENTER,"380 WOODS COVE ROAD, PO BOX 1050",SCOTTSBORO,AL,35768,2428,(256) 259-4444,GENERAL ACUTE CARE,OPEN,170,JACKSON,01071,USA,34.66203793,-86.0474908,622110,GENERAL MEDICAL AND SURGICAL HOSPITALS,https://dph1.adph.state.al.us/facilitiesdirectory/,2024-04-11 00:00:00.000,IMAGERY/OTHER,2014-02-10 00:00:00.000,http://www.highlandsmedcenter.com,H3601,NOT AVAILABLE,01,GOVERNMENT - DISTRICT/AUTHORITY,-999,170,LEVEL III,Y
"{
  ""coordinates"": [
    -8.673018330032986e+01,
    3.354883428002683e+01
  ],
  ""type"": ""Point""
}",51,0002935212,HILL CREST BEHAVIORAL HEALTH SERVICES,"6869 FIFTH AVENUE, SOUTH",BIRMINGHAM,AL,35212,NOT AVAILABLE,(205) 833-9000,PSYCHIATRIC,OPEN,94,JEFFERSON,01073,USA,33.54883428,-86.7301833,622210,PSYCHIATRIC AND SUBSTANCE ABUSE HOSPITALS,https://dph1.adph.state.al.us/facilitiesdirectory/,2024-04-11 00:00:00.000,IMAGERY/OTHER,2014-02-10 00:00:00.000,http://www.hillcrestbhs.com,H3707,NOT AVAILABLE,01,PROPRIETARY,-999,94,NOT AVAILABLE,N
"{
  ""coordinates"": [
    -8.829552376010251e+01,
    3.249199421968744e+01
  ],
  ""type"": ""Point""
}",52,0006236925,HILL HOSPITAL OF SUMTER COUNTY,751 DERBY DRIVE,YORK,AL,36925,NOT AVAILABLE,(205) 392-5263,GENERAL ACUTE CARE,OPEN,33,SUMTER,01119,USA,32.49199422,-88.29552376,622110,GENERAL MEDICAL AND SURGICAL HOSPITALS,https://dph1.adph.state.al.us/facilitiesdirectory/,2024-04-11 00:00:00.000,IMAGERY,2014-02-10 00:00:00.000,NOT AVAILABLE,H6002,NOT AVAILABLE,01,GOVERNMENT - DISTRICT/AUTHORITY,-999,33,NOT AVAILABLE,N
"{
  ""coordinates"": [
    -8.658080550959886e+01,
    3.472143310032373e+01
  ],
  ""type"": ""Point""
}",53,0006335801,THE HUNTSVILLE HOSPITAL,101 SIVLEY ROAD,HUNTSVILLE,AL,35801,NOT AVAILABLE,(256) 265-1000,GENERAL ACUTE CARE,OPEN,881,MADISON,01089,USA,34.7214331,-86.58080551,622110,GENERAL MEDICAL AND SURGICAL HOSPITALS,https://dph1.adph.state.al.us/facilitiesdirectory/,2024-04-11 00:00:00.000,IMAGERY/OTHER,2014-02-10 00:00:00.000,http://www.huntsvillehospital.org,H4503,NOT AVAILABLE,01,GOVERNMENT - DISTRICT/AUTHORITY,-999,881,LEVEL I,Y
"{
  ""coordinates"": [
    -8.808029057021582e+01,
    3.069690068979761e+01
  ],
  ""type"": ""Point""
}",54,0003136607,INFIRMARY LTAC HOSPITAL,5 MOBILE INFIRMARY CIRCLE,MOBILE,AL,36607,NOT AVAILABLE,(251) 435-5822,LONG TERM CARE,OPEN,31,MOBILE,01097,USA,30.69690069,-88.08029057,622310,SPECIALTY (EXCEPT PSYCHIATRIC AND SUBSTANCE ABUSE) HOSPITALS,https://dph1.adph.state.al.us/facilitiesdirectory/,2024-04-11 00:00:00.000,IMAGERY,2014-02-10 00:00:00.000,https://www.infirmaryhealth.org/affiliates/infirmary-ltac,H4909,NOT AVAILABLE,01,PROPRIETARY,-999,31,NOT AVAILABLE,Y
"{
  ""coordinates"": [
    -8.730025784026689e+01,
    3.199752514993605e+01
  ],
  ""type"": ""Point""
}",55,0006436726,J. PAUL JONES HOSPITAL,317 MCWILLIAMS AVENUE,CAMDEN,AL,36726,NOT AVAILABLE,(334) 682-4131,GENERAL ACUTE CARE,OPEN,30,WILCOX,01131,USA,31.99752515,-87.30025784,622110,GENERAL MEDICAL AND SURGICAL HOSPITALS,https://dph1.adph.state.al.us/facilitiesdirectory/,2024-04-11 00:00:00.000,IMAGERY/OTHER,2014-02-10 00:00:00.000,NOT AVAILABLE,H6601,NOT AVAILABLE,01,GOVERNMENT - LOCAL,-999,30,NOT AVAILABLE,Y
"{
  ""coordinates"": [
    -8.500888474035138e+01,
    3.250801426034057e+01
  ],
  ""type"": ""Point""
}",56,0006536867,JACK HUGHSTON MEMORIAL HOSPITAL,4401 RIVER CHASE DRIVE,PHENIX CITY,AL,36867,NOT AVAILABLE,(334) 732-3015,GENERAL ACUTE CARE,OPEN,70,RUSSELL,01113,USA,32.50801426,-85.00888474,622110,GENERAL MEDICAL AND SURGICAL HOSPITALS,https://dph1.adph.state.al.us/facilitiesdirectory/,2024-04-11 00:00:00.000,IMAGERY/OTHER,2014-02-10 00:00:00.000,http://www.jackhughstonmemorialhospital.com,H5703,NOT AVAILABLE,01,PROPRIETARY,-999,70,NOT AVAILABLE,N
"{
  ""coordinates"": [
    -8.628538553987342e+01,
    3.236695299972239e+01
  ],
  ""type"": ""Point""
}",57,0006636106,"JACKSON HOSPITAL AND CLINIC, INC",1725 PINE STREET,MONTGOMERY,AL,36106,NOT AVAILABLE,(334) 293-8000,GENERAL ACUTE CARE,OPEN,344,MONTGOMERY,01101,USA,32.366953,-86.28538554,622110,GENERAL MEDICAL AND SURGICAL HOSPITALS,https://dph1.adph.state.al.us/facilitiesdirectory/,2024-04-11 00:00:00.000,IMAGERY/OTHER,2014-02-10 00:00:00.000,http://www.jackson.org,H5103,NOT AVAILABLE,01,NON-PROFIT,-999,344,LEVEL III,Y
"{
  ""coordinates"": [
    -8.789513455977128e+01,
    3.153106846005629e+01
  ],
  ""type"": ""Point""
}",58,0006736545,JACKSON MEDICAL CENTER,"220 HOSPITAL DRIVE, PO BOX 428",JACKSON,AL,36545,NOT AVAILABLE,(251) 246-9021,GENERAL ACUTE CARE,OPEN,35,CLARKE,01025,USA,31.53106846,-87.89513456,622110,GENERAL MEDICAL AND SURGICAL HOSPITALS,https://dph1.adph.state.al.us/facilitiesdirectory/,2024-04-11 00:00:00.000,IMAGERY/OTHER,2014-02-10 00:00:00.000,http://www.jacksonmedicalcenter.org,H1302,NOT AVAILABLE,01,PROPRIETARY,-999,35,LEVEL III,Y
"{
  ""coordinates"": [
    -8.574113990985603e+01,
    3.281859857025655e+01
  ],
  ""type"": ""Point""
}",59,0006936853,LAKE MARTIN COMMUNITY HOSPITAL,"201 MARIARDEN ROAD, PO BOX 629",DADEVILLE,AL,36853,0629,(256) 825-7821,GENERAL ACUTE CARE,OPEN,46,TALLAPOOSA,01123,USA,32.81859857,-85.74113991,622110,GENERAL MEDICAL AND SURGICAL HOSPITALS,https://dph1.adph.state.al.us/facilitiesdirectory/,2024-04-11 00:00:00.000,IMAGERY,2014-02-10 00:00:00.000,http://www.lakemartincommunityhospital.com,H6202,NOT AVAILABLE,01,PROPRIETARY,-999,46,NOT AVAILABLE,Y
"{
  ""coordinates"": [
    -8.759136579961051e+01,
    3.424191187025581e+01
  ],
  ""type"": ""Point""
}",60,0007035565,LAKELAND COMMUNITY HOSPITAL,"42024 HIGHWAY 195, PO BOX 780",HALEYVILLE,AL,35565,NOT AVAILABLE,(205) 485-5113,GENERAL ACUTE CARE,OPEN,49,WINSTON,01133,USA,34.24191187,-87.5913658,622110,GENERAL MEDICAL AND SURGICAL HOSPITALS,https://dph1.adph.state.al.us/facilitiesdirectory/,2024-04-11 00:00:00.000,IMAGERY/OTHER,2013-09-03 00:00:00.000,http://www.lifepointhospitals.com/serving-communities/community/lakeland-community-hospital/,H6701,NOT AVAILABLE,01,NON-PROFIT,-999,49,NOT AVAILABLE,Y
"{
  ""coordinates"": [
    -8.538460112031282e+01,
    3.120381563976498e+01
  ],
  ""type"": ""Point""
}",61,0004236301,LAUREL OAKS BEHAVIORAL HEALTH CENTER,700 EAST COTTONWOOD ROAD,DOTHAN,AL,36301,NOT AVAILABLE,(334) 794-7373,PSYCHIATRIC,OPEN,46,HOUSTON,01069,USA,31.20381564,-85.38460112,622210,PSYCHIATRIC AND SUBSTANCE ABUSE HOSPITALS,https://dph1.adph.state.al.us/facilitiesdirectory/,2024-04-11 00:00:00.000,IMAGERY/OTHER,2014-02-10 00:00:00.000,http://www.laureloaksbhc.com,H3505,NOT AVAILABLE,01,PROPRIETARY,-999,46,NOT AVAILABLE,N
"{
  ""coordinates"": [
    -8.728531043987776e+01,
    3.448341465011016e+01
  ],
  ""type"": ""Point""
}",62,0008835650,LAWRENCE MEDICAL CENTER,"202 HOSPITAL STREET, PO BOX 39",MOULTON,AL,35650,NOT AVAILABLE,(256) 974-2223,GENERAL ACUTE CARE,OPEN,98,LAWRENCE,01079,USA,34.48341465,-87.28531044,622110,GENERAL MEDICAL AND SURGICAL HOSPITALS,https://dph1.adph.state.al.us/facilitiesdirectory/,2024-04-11 00:00:00.000,IMAGERY/OTHER,2014-03-12 00:00:00.000,NOT AVAILABLE,H4002,NOT AVAILABLE,01,PROPRIETARY,-999,98,NOT AVAILABLE,Y
"{
  ""coordinates"": [
    -8.676452787981685e+01,
    3.474706003964438e+01
  ],
  ""type"": ""Point""
}",63,0007135758,MADISON HOSPITAL,8375 HIGHWAY 72 WEST,MADISON,AL,35758,NOT AVAILABLE,(256) 817-2012,GENERAL ACUTE CARE,OPEN,90,MADISON,01089,USA,34.74706004,-86.76452788,622110,GENERAL MEDICAL AND SURGICAL HOSPITALS,https://dph1.adph.state.al.us/facilitiesdirectory/,2024-04-11 00:00:00.000,IMAGERY/OTHER,2014-02-10 00:00:00.000,http://madisonalhospital.org/,H4506,NOT AVAILABLE,01,GOVERNMENT - DISTRICT/AUTHORITY,-999,90,NOT AVAILABLE,N
"{
  ""coordinates"": [
    -8.642135153012492e+01,
    3.436491334970204e+01
  ],
  ""type"": ""Point""
}",64,0007335976,MARSHALL MEDICAL CENTERS NORTH CAMPUS,8000 ALABAMA HIGHWAY 69,GUNTERSVILLE,AL,35976,NOT AVAILABLE,(256) 894-6733,GENERAL ACUTE CARE,OPEN,90,MARSHALL,01095,USA,34.36491335,-86.42135153,622110,GENERAL MEDICAL AND SURGICAL HOSPITALS,https://dph1.adph.state.al.us/facilitiesdirectory/,2024-04-11 00:00:00.000,IMAGERY/OTHER,2013-10-02 00:00:00.000,http://www.mmcenters.com,H4804,NOT AVAILABLE,01,GOVERNMENT - DISTRICT/AUTHORITY,-999,90,LEVEL III,Y
"{
  ""coordinates"": [
    -8.616062816988337e+01,
    3.422146585005260e+01
  ],
  ""type"": ""Point""
}",65,0009135957,MARSHALL MEDICAL CENTERS SOUTH CAMPUS,"2505 US HIGHWAY 431 SOUTH, PO DRAWER 758",BOAZ,AL,35957,NOT AVAILABLE,(256) 894-6733,GENERAL ACUTE CARE,OPEN,150,MARSHALL,01095,USA,34.22146585,-86.16062817,622110,GENERAL MEDICAL AND SURGICAL HOSPITALS,https://dph1.adph.state.al.us/facilitiesdirectory/,2024-04-11 00:00:00.000,IMAGERY/OTHER,2014-03-12 00:00:00.000,http://www.mmcenters.com//index.php/facilities/marshall_south,H4802,NOT AVAILABLE,01,GOVERNMENT - DISTRICT/AUTHORITY,-999,150,LEVEL III,Y
"{
  ""coordinates"": [
    -8.753398099974771e+01,
    3.321906599997513e+01
  ],
  ""type"": ""Point""
}",66,0091235402,MARY S. HARPER GERIATRIC PSYCHIATRY CENTER,"201 UNIVERSITY BOULEVARD, PO BOX 21231",TUSCALOOSA,AL,35402,NOT AVAILABLE,(205) 759-0900,PSYCHIATRIC,OPEN,96,TUSCALOOSA,01125,USA,33.219066,-87.533981,622210,PSYCHIATRIC AND SUBSTANCE ABUSE HOSPITALS,https://dph1.adph.state.al.us/facilitiesdirectory/,2024-04-11 00:00:00.000,IMAGERY/OTHER,2018-02-20 00:00:00.000,NOT AVAILABLE,H6307,NOT AVAILABLE,01,GOVERNMENT - STATE,-999,96,NOT AVAILABLE,N
"{
  ""coordinates"": [
    -8.515640541964100e+01,
    3.188864507993361e+01
  ],
  ""type"": ""Point""
}",67,0005136027,MEDICAL CENTER BARBOUR,820 WEST WASHINGTON STREET,EUFAULA,AL,36027,NOT AVAILABLE,(334) 688-7132,GENERAL ACUTE CARE,OPEN,74,BARBOUR,01005,USA,31.88864508,-85.15640542,622110,GENERAL MEDICAL AND SURGICAL HOSPITALS,https://dph1.adph.state.al.us/facilitiesdirectory/,2024-04-11 00:00:00.000,IMAGERY/OTHER,2013-09-10 00:00:00.000,http://www.medctrbarbour.org,H0301,NOT AVAILABLE,01,GOVERNMENT - DISTRICT/AUTHORITY,-999,74,LEVEL III,Y
"{
  ""coordinates"": [
    -8.585536973977517e+01,
    3.131877239996666e+01
  ],
  ""type"": ""Point""
}",68,0005336330,MEDICAL CENTER ENTERPRISE,400 NORTH EDWARDS STREET,ENTERPRISE,AL,36330,NOT AVAILABLE,(334) 393-8772,GENERAL ACUTE CARE,OPEN,131,COFFEE,01031,USA,31.3187724,-85.85536974,622110,GENERAL MEDICAL AND SURGICAL HOSPITALS,https://dph1.adph.state.al.us/facilitiesdirectory/,2024-04-11 00:00:00.000,IMAGERY/OTHER,2013-09-06 00:00:00.000,http://www.mcehospital.com,H1603,NOT AVAILABLE,01,PROPRIETARY,-999,131,LEVEL III,N
"{
  ""coordinates"": [
    -8.699074848970776e+01,
    3.337184831014030e+01
  ],
  ""type"": ""Point""
}",69,0005435021,"MEDICAL WEST HOSPITAL AUTHORITY, AN AFFILIATE OF UAB HEALTH SYSTEM",995 NINTH AVENUE SOUTHWEST,BESSEMER,AL,35022,NOT AVAILABLE,(205) 481-7000,GENERAL ACUTE CARE,OPEN,310,JEFFERSON,01073,USA,33.37184831,-86.99074849,622110,GENERAL MEDICAL AND SURGICAL HOSPITALS,https://dph1.adph.state.al.us/facilitiesdirectory/,2024-04-11 00:00:00.000,IMAGERY/OTHER,2013-09-05 00:00:00.000,http://www.medicalwesthospital.org,H3712,NOT AVAILABLE,01,GOVERNMENT - DISTRICT/AUTHORITY,-999,310,LEVEL III,Y
"{
  ""coordinates"": [
    -8.625452691955886e+01,
    3.129195823994276e+01
  ],
  ""type"": ""Point""
}",70,0005636467,MIZELL MEMORIAL HOSPITAL,"702 MAIN STREET, PO BOX 1010",OPP,AL,36467,NOT AVAILABLE,(334) 493-9112,GENERAL ACUTE CARE,OPEN,99,COVINGTON,01039,USA,31.29195824,-86.25452692,622110,GENERAL MEDICAL AND SURGICAL HOSPITALS,https://dph1.adph.state.al.us/facilitiesdirectory/,2024-04-11 00:00:00.000,IMAGERY/OTHER,2014-02-10 00:00:00.000,http://www.mizellmh.com,H2004,NOT AVAILABLE,01,NON-PROFIT,-999,99,LEVEL III,N
"{
  ""coordinates"": [
    -8.807977619039254e+01,
    3.069572495990402e+01
  ],
  ""type"": ""Point""
}",71,0013636652,MOBILE INFIRMARY MEDICAL CENTER,"5 MOBILE INFIRMARY CIRCLE, PO BOX 2144",MOBILE,AL,36607,NOT AVAILABLE,(251) 435-4700,GENERAL ACUTE CARE,OPEN,681,MOBILE,01097,USA,30.69572496,-88.07977619,622110,GENERAL MEDICAL AND SURGICAL HOSPITALS,https://dph1.adph.state.al.us/facilitiesdirectory/,2024-04-11 00:00:00.000,IMAGERY/OTHER,2016-03-08 00:00:00.000,https://www.infirmaryhealth.org/hospitals/mobile-infirmary,H4904,NOT AVAILABLE,01,NON-PROFIT,-999,681,LEVEL III,Y
"{
  ""coordinates"": [
    -8.732076662973164e+01,
    3.149781720006555e+01
  ],
  ""type"": ""Point""
}",72,0007836461,MONROE COUNTY HOSPITAL,"2016 SOUTH ALABAMA AVENUE, PO BOX 886",MONROEVILLE,AL,36460,NOT AVAILABLE,(251) 743-7477,GENERAL ACUTE CARE,OPEN,94,MONROE,01099,USA,31.4978172,-87.32076663,622110,GENERAL MEDICAL AND SURGICAL HOSPITALS,https://dph1.adph.state.al.us/facilitiesdirectory/,2024-04-11 00:00:00.000,IMAGERY/OTHER,2014-02-10 00:00:00.000,http://www.mchcare.com,H5001,NOT AVAILABLE,01,GOVERNMENT - DISTRICT/AUTHORITY,-999,94,LEVEL III,Y
"{
  ""coordinates"": [
    -8.601976607027926e+01,
    3.407242575014119e+01
  ],
  ""type"": ""Point""
}",73,0008035904,MOUNTAIN VIEW HOSPITAL,3001 SCENIC HIGHWAY,GADSDEN,AL,35904,NOT AVAILABLE,(256) 546-9265,PSYCHIATRIC,OPEN,68,ETOWAH,01055,USA,34.07242575,-86.01976607,622210,PSYCHIATRIC AND SUBSTANCE ABUSE HOSPITALS,https://dph1.adph.state.al.us/facilitiesdirectory/,2024-04-11 00:00:00.000,IMAGERY,2014-02-10 00:00:00.000,http://www.mtnviewhospital.com,H2802,NOT AVAILABLE,01,PROPRIETARY,-999,68,NOT AVAILABLE,N
"{
  ""coordinates"": [
    -8.582323961975294e+01,
    3.365565518990238e+01
  ],
  ""type"": ""Point""
}",74,0008136202,"NOLAND HOSPITAL ANNISTON II, LLC","400 EAST 10TH STREET, 4TH FLOOR, PO BOX 1578",ANNISTON,AL,36202,1578,(256) 741-6141,LONG TERM CARE,OPEN,38,CALHOUN,01015,USA,33.65565519,-85.82323962,622310,SPECIALTY (EXCEPT PSYCHIATRIC AND SUBSTANCE ABUSE) HOSPITALS,https://dph1.adph.state.al.us/facilitiesdirectory/,2024-04-11 00:00:00.000,IMAGERY/OTHER,2014-03-12 00:00:00.000,http://www.nolandhealth.com,H0805,NOT AVAILABLE,01,PROPRIETARY,-999,38,LEVEL III,Y
"{
  ""coordinates"": [
    -8.668602205987710e+01,
    3.341491921037247e+01
  ],
  ""type"": ""Point""
}",75,0009235261,"NOLAND HOSPITAL BIRMINGHAM II, LLC","50 MEDICAL PARK EAST DRIVE, 8TH FLOOR, PO BOX 610306",BIRMINGHAM,AL,35261,NOT AVAILABLE,(205) 838-5100,LONG TERM CARE,OPEN,45,SHELBY,01117,USA,33.41491921,-86.68602206,622310,SPECIALTY (EXCEPT PSYCHIATRIC AND SUBSTANCE ABUSE) HOSPITALS,https://dph1.adph.state.al.us/facilitiesdirectory/,2024-04-11 00:00:00.000,IMAGERY,2014-02-10 00:00:00.000,http://www.nolandhealth.com,H3723,NOT AVAILABLE,01,PROPRIETARY,-999,45,NOT AVAILABLE,N
"{
  ""coordinates"": [
    -8.536294421025315e+01,
    3.121628917034293e+01
  ],
  ""type"": ""Point""
}",76,0091336302,"NOLAND HOSPITAL DOTHAN II, LLC","1108 ROSS CLARK CIRCLE, 4TH FLOOR, PO BOX 6845",DOTHAN,AL,36302,NOT AVAILABLE,(334) 699-4300,LONG TERM CARE,OPEN,38,HOUSTON,01069,USA,31.21628917,-85.36294421,622310,SPECIALTY (EXCEPT PSYCHIATRIC AND SUBSTANCE ABUSE) HOSPITALS,https://dph1.adph.state.al.us/facilitiesdirectory/,2024-04-11 00:00:00.000,IMAGERY/OTHER,2015-02-03 00:00:00.000,NOT AVAILABLE,H3506,NOT AVAILABLE,01,PROPRIETARY,-999,38,NOT AVAILABLE,N
"{
  ""coordinates"": [
    -8.628579005034756e+01,
    3.236696933030107e+01
  ],
  ""type"": ""Point""
}",77,0091436106,"NOLAND HOSPITAL MONTGOMERY II, LLC","1725 PINE STREET, 5TH FLOOR, NORTH WING, PO BOX 11649",MONTGOMERY,AL,36106,NOT AVAILABLE,(205) 783-8444,LONG TERM CARE,OPEN,65,MONTGOMERY,01101,USA,32.36696933,-86.28579005,622310,SPECIALTY (EXCEPT PSYCHIATRIC AND SUBSTANCE ABUSE) HOSPITALS,https://dph1.adph.state.al.us/facilitiesdirectory/,2024-04-11 00:00:00.000,IMAGERY/OTHER,2015-02-03 00:00:00.000,NOT AVAILABLE,H5109,NOT AVAILABLE,01,PROPRIETARY,-999,65,LEVEL III,Y
"{
  ""coordinates"": [
    -8.752636438028640e+01,
    3.320517444996115e+01
  ],
  ""type"": ""Point""
}",78,0090535401,"NOLAND HOSPITAL TUSCALOOSA II, LLC","809 UNIVERSITY BLVD EAST, 4TH FLOOR",TUSCALOOSA,AL,35401,NOT AVAILABLE,(205) 759-7241,LONG TERM CARE,OPEN,32,TUSCALOOSA,01125,USA,33.20517445,-87.52636438,622310,SPECIALTY (EXCEPT PSYCHIATRIC AND SUBSTANCE ABUSE) HOSPITALS,https://dph1.adph.state.al.us/facilitiesdirectory/,2024-04-11 00:00:00.000,IMAGERY/OTHER,2015-02-03 00:00:00.000,NOT AVAILABLE,H6308,NOT AVAILABLE,01,PROPRIETARY,-999,32,NOT AVAILABLE,Y
"{
  ""coordinates"": [
    -8.765082720976278e+01,
    3.480509815997817e+01
  ],
  ""type"": ""Point""
}",79,0196784188,NORTH ALABAMA MEDICAL CENTER,1701 VETERANS DRIVE,FLORENCE,AL,35630,4928,(256) 629-1000,GENERAL ACUTE CARE,OPEN,263,LAUDERDALE,01077,USA,34.80509816,-87.65082721,622110,GENERAL MEDICAL AND SURGICAL HOSPITALS,https://dph1.adph.state.al.us/facilitiesdirectory/,2024-04-11 00:00:00.000,IMAGERY/OTHER,2022-04-01 00:00:00.000,NOT AVAILABLE,H3902,NOT AVAILABLE,01,PROPRIETARY,-999,263,LEVEL III,Y
"{
  ""coordinates"": [
    -8.697887259995495e+01,
    3.480424557977209e+01
  ],
  ""type"": ""Point""
}",80,0013735611,NORTH ALABAMA SPECIALTY HOSPITAL,"700 WEST MARKET ST, 2ND FLOOR",ATHENS,AL,35611,NOT AVAILABLE,(256) 262-6767,LONG TERM CARE,OPEN,31,LIMESTONE,01083,USA,34.80424558,-86.9788726,622310,SPECIALTY (EXCEPT PSYCHIATRIC AND SUBSTANCE ABUSE) HOSPITALS,https://dph1.adph.state.al.us/facilitiesdirectory/,2024-04-11 00:00:00.000,IMAGERY/OTHER,2016-03-08 00:00:00.000,NOT AVAILABLE,H4203,NOT AVAILABLE,01,PROPRIETARY,-999,31,NOT AVAILABLE,Y
"{
  ""coordinates"": [
    -8.778502250021504e+01,
    3.090393436013349e+01
  ],
  ""type"": ""Point""
}",81,0009436507,NORTH BALDWIN INFIRMARY,"1815 HAND AVENUE, PO BOX 1409",BAY MINETTE,AL,36507,NOT AVAILABLE,(251) 937-5521,GENERAL ACUTE CARE,OPEN,78,BALDWIN,01003,USA,30.90393436,-87.7850225,622110,GENERAL MEDICAL AND SURGICAL HOSPITALS,https://dph1.adph.state.al.us/facilitiesdirectory/,2024-04-11 00:00:00.000,IMAGERY/OTHER,2014-02-10 00:00:00.000,http://www.mobileinfirmary.org,H0201,NOT AVAILABLE,01,NON-PROFIT,-999,78,LEVEL III,Y
"{
  ""coordinates"": [
    -8.799076878001550e+01,
    3.412597718007962e+01
  ],
  ""type"": ""Point""
}",82,0004735570,NORTH MISSISSIPPI MEDICAL CENTER - HAMILTON,1256 MILITARY STREET SOUTH,HAMILTON,AL,35570,NOT AVAILABLE,(205) 921-6202,GENERAL ACUTE CARE,OPEN,49,MARION,01093,USA,34.12597718,-87.99076878,622110,GENERAL MEDICAL AND SURGICAL HOSPITALS,https://dph1.adph.state.al.us/facilitiesdirectory/,2024-04-11 00:00:00.000,IMAGERY/OTHER,2014-02-10 00:00:00.000,http://www.nmhs.net/hamilton/,H4703,NOT AVAILABLE,01,NON-PROFIT,-999,49,NOT AVAILABLE,Y
"{
  ""coordinates"": [
    -8.582324214042562e+01,
    3.365557525991547e+01
  ],
  ""type"": ""Point""
}",83,0091636202,NORTHEAST ALABAMA REGIONAL MEDICAL CENTER,"400 EAST 10TH STREET, PO BOX 2208",ANNISTON,AL,36202,2208,(256) 235-5121,GENERAL ACUTE CARE,OPEN,338,CALHOUN,01015,USA,33.65557526,-85.82324214,622110,GENERAL MEDICAL AND SURGICAL HOSPITALS,https://dph1.adph.state.al.us/facilitiesdirectory/,2024-04-11 00:00:00.000,IMAGERY/OTHER,2015-02-03 00:00:00.000,NOT AVAILABLE,H0801,NOT AVAILABLE,01,PROPRIETARY,-999,338,LEVEL III,Y
"{
  ""coordinates"": [
    -8.757091090007967e+01,
    3.323398144992166e+01
  ],
  ""type"": ""Point""
}",84,0007435476,NORTHPORT MEDICAL CENTER,2700 HOSPITAL DRIVE,NORTHPORT,AL,35476,NOT AVAILABLE,(205) 759-7147,GENERAL ACUTE CARE,OPEN,204,TUSCALOOSA,01125,USA,33.23398145,-87.5709109,622110,GENERAL MEDICAL AND SURGICAL HOSPITALS,https://dph1.adph.state.al.us/facilitiesdirectory/,2024-04-11 00:00:00.000,IMAGERY/OTHER,2014-02-10 00:00:00.000,http://www.dchsystem.com,H6303,NOT AVAILABLE,01,GOVERNMENT - DISTRICT/AUTHORITY,-999,204,NOT AVAILABLE,N
"{
  ""coordinates"": [
    -8.782452473983777e+01,
    3.393053766976805e+01
  ],
  ""type"": ""Point""
}",85,0010035594,NORTHWEST MEDICAL CENTER,1530 U S HWY 43,WINFIELD,AL,35594,NOT AVAILABLE,(205) 487-7787,GENERAL ACUTE CARE,OPEN,49,MARION,01093,USA,33.93053767,-87.82452474,622110,GENERAL MEDICAL AND SURGICAL HOSPITALS,https://dph1.adph.state.al.us/facilitiesdirectory/,2024-04-11 00:00:00.000,IMAGERY/OTHER,2013-09-06 00:00:00.000,http://www.northwestmedcenter.com,H4701,NOT AVAILABLE,01,GOVERNMENT - LOCAL,-999,49,LEVEL III,Y
"{
  ""coordinates"": [
    -8.645225293000995e+01,
    3.246389171967103e+01
  ],
  ""type"": ""Point""
}",86,0007636067,PRATTVILLE BAPTIST HOSPITAL,124 SOUTH MEMORIAL DRIVE,PRATTVILLE,AL,36067,NOT AVAILABLE,(334) 361-4267,GENERAL ACUTE CARE,OPEN,107,AUTAUGA,01001,USA,32.46389172,-86.45225293,622110,GENERAL MEDICAL AND SURGICAL HOSPITALS,https://dph1.adph.state.al.us/facilitiesdirectory/,2024-04-11 00:00:00.000,IMAGERY/OTHER,2014-02-10 00:00:00.000,http://www.baptistfirst.org/facilities/prattville-baptisthospital/ default.aspx,H0101,NOT AVAILABLE,01,GOVERNMENT - DISTRICT/AUTHORITY,-999,107,NOT AVAILABLE,N
"{
  ""coordinates"": [
    -8.684718778002325e+01,
    3.349800653026879e+01
  ],
  ""type"": ""Point""
}",87,0000335211,PRINCETON BAPTIST MEDICAL CENTER,701 PRINCETON AVENUE SW,BIRMINGHAM,AL,35211,NOT AVAILABLE,(205) 820-5930,GENERAL ACUTE CARE,OPEN,505,JEFFERSON,01073,USA,33.49800653,-86.84718778,622110,GENERAL MEDICAL AND SURGICAL HOSPITALS,https://dph1.adph.state.al.us/facilitiesdirectory/,2024-04-11 00:00:00.000,IMAGERY/OTHER,2014-03-12 00:00:00.000,http://www.bhsala.com/princeton/home.aspx,H3702,NOT AVAILABLE,01,PROPRIETARY,-999,505,LEVEL III,Y
"{
  ""coordinates"": [
    -8.819907936996479e+01,
    3.067932766032995e+01
  ],
  ""type"": ""Point""
}",88,0010136685,PROVIDENCE HOSPITAL,"6801 AIRPORT BOULEVARD, PO BOX 850429",MOBILE,AL,36685,NOT AVAILABLE,(251) 266-1600,GENERAL ACUTE CARE,OPEN,349,MOBILE,01097,USA,30.67932766,-88.19907937,622110,GENERAL MEDICAL AND SURGICAL HOSPITALS,https://dph1.adph.state.al.us/facilitiesdirectory/,2024-04-11 00:00:00.000,IMAGERY/OTHER,2014-02-10 00:00:00.000,http://www.providencehospital.org,H4905,NOT AVAILABLE,01,NON-PROFIT,-999,349,LEVEL III,Y
"{
  ""coordinates"": [
    -8.814732506028420e+01,
    3.445810576027654e+01
  ],
  ""type"": ""Point""
}",89,0010235582,RED BAY HOSPITAL,"211 HOSPITAL ROAD, PO BOX 490",RED BAY,AL,35582,NOT AVAILABLE,(256) 356-9532,CRITICAL ACCESS,OPEN,25,FRANKLIN,01059,USA,34.45810576,-88.14732506,622110,GENERAL MEDICAL AND SURGICAL HOSPITALS,https://dph1.adph.state.al.us/facilitiesdirectory/,2024-04-11 00:00:00.000,IMAGERY/OTHER,2013-09-06 00:00:00.000,http://redbayhospital.net/,H3002,NOT AVAILABLE,01,GOVERNMENT - DISTRICT/AUTHORITY,-999,25,NOT AVAILABLE,Y
"{
  ""coordinates"": [
    -8.664636419970778e+01,
    3.182903439984871e+01
  ],
  ""type"": ""Point""
}",90,0004036037,REGIONAL MEDICAL CENTER OF CENTRAL ALABAMA,29 LV STABLER DRIVE,GREENVILLE,AL,36037,NOT AVAILABLE,(334) 383-2200,GENERAL ACUTE CARE,OPEN,72,BUTLER,01013,USA,31.8290344,-86.6463642,622110,GENERAL MEDICAL AND SURGICAL HOSPITALS,https://dph1.adph.state.al.us/facilitiesdirectory/,2024-04-11 00:00:00.000,IMAGERY/OTHER,2014-02-10 00:00:00.000,NOT AVAILABLE,H0702,NOT AVAILABLE,01,PROPRIETARY,-999,72,LEVEL III,Y
"{
  ""coordinates"": [
    -8.504640733024318e+01,
    3.249884816989726e+01
  ],
  ""type"": ""Point""
}",91,0008336867,REGIONAL REHABILITATION HOSPITAL,3715 US HIGHWAY 431 NORTH,PHENIX CITY,AL,36867,2363,(334) 732-2200,REHABILITATION,OPEN,58,RUSSELL,01113,USA,32.49884817,-85.04640733,622310,"REHABILITATION HOSPITALS (EXCEPT ALCOHOLISM, DRUG ADDICTION)",https://dph1.adph.state.al.us/facilitiesdirectory/,2024-04-11 00:00:00.000,IMAGERY,2013-09-03 00:00:00.000,http://www.regionalrehabhospital.com,H5702,NOT AVAILABLE,01,PROPRIETARY,-999,58,NOT AVAILABLE,N
"{
  ""coordinates"": [
    -8.600342706003912e+01,
    3.400432554027434e+01
  ],
  ""type"": ""Point""
}",92,0010335999,RIVERVIEW REGIONAL MEDICAL CENTER,600 SOUTH THIRD STREET,GADSDEN,AL,35901,0268,(256) 543-5277,GENERAL ACUTE CARE,OPEN,281,ETOWAH,01055,USA,34.00432554,-86.00342706,622110,GENERAL MEDICAL AND SURGICAL HOSPITALS,https://dph1.adph.state.al.us/facilitiesdirectory/,2024-04-11 00:00:00.000,IMAGERY/OTHER,2014-02-10 00:00:00.000,http://www.riverviewregional.com,H2803,NOT AVAILABLE,01,PROPRIETARY,-999,281,LEVEL III,Y
"{
  ""coordinates"": [
    -8.596956614967078e+01,
    3.293021326978560e+01
  ],
  ""type"": ""Point""
}",93,0010435010,RUSSELL MEDICAL CENTER,"3316 HIGHWAY 280, PO BOX 939",ALEXANDER CITY,AL,35010,NOT AVAILABLE,(256) 329-7146,GENERAL ACUTE CARE,OPEN,81,TALLAPOOSA,01123,USA,32.93021327,-85.96956615,622110,GENERAL MEDICAL AND SURGICAL HOSPITALS,https://dph1.adph.state.al.us/facilitiesdirectory/,2024-04-11 00:00:00.000,IMAGERY/OTHER,2014-02-10 00:00:00.000,http://www.russellmedcenter.com/index.aspx,H6203,NOT AVAILABLE,01,NON-PROFIT,-999,81,LEVEL III,Y
"{
  ""coordinates"": [
    -8.771838606981869e+01,
    3.451081811990279e+01
  ],
  ""type"": ""Point""
}",94,0010535653,RUSSELLVILLE HOSPITAL,"15155 HIGHWAY 43, PO BOX 1089",RUSSELLVILLE,AL,35653,NOT AVAILABLE,(256) 332-8676,GENERAL ACUTE CARE,OPEN,100,FRANKLIN,01059,USA,34.51081812,-87.71838607,622110,GENERAL MEDICAL AND SURGICAL HOSPITALS,https://dph1.adph.state.al.us/facilitiesdirectory/,2024-04-11 00:00:00.000,IMAGERY/OTHER,2013-09-06 00:00:00.000,http://www.russellvillehospital.com,H3001,NOT AVAILABLE,01,NON-PROFIT,-999,100,LEVEL III,Y
"{
  ""coordinates"": [
    -8.677625338979446e+01,
    3.346373094002178e+01
  ],
  ""type"": ""Point""
}",95,0000535259,SELECT SPECIALTY HOSPITAL - BIRMINGHAM,"2010 BROOKWOOD MEDICAL CENTER DRIVE, 3RD FLOOR",BIRMINGHAM,AL,35209,NOT AVAILABLE,(205) 599-4595,LONG TERM CARE,OPEN,38,JEFFERSON,01073,USA,33.46373094,-86.77625339,622110,GENERAL MEDICAL AND SURGICAL HOSPITALS,https://dph1.adph.state.al.us/facilitiesdirectory/,2024-04-11 00:00:00.000,IMAGERY/OTHER,2014-03-13 00:00:00.000,http://www.bwmc.com,H3722,NOT AVAILABLE,01,PROPRIETARY,-999,38,LEVEL III,Y
"{
  ""coordinates"": [
    -8.681304301010996e+01,
    3.325236486995894e+01
  ],
  ""type"": ""Point""
}",96,0010735007,SHELBY BAPTIST MEDICAL CENTER,1000 FIRST STREET NORTH,ALABASTER,AL,35007,NOT AVAILABLE,(205) 820-5930,GENERAL ACUTE CARE,OPEN,252,SHELBY,01117,USA,33.25236487,-86.81304301,622110,GENERAL MEDICAL AND SURGICAL HOSPITALS,https://dph1.adph.state.al.us/facilitiesdirectory/,2024-04-11 00:00:00.000,IMAGERY/OTHER,2014-03-12 00:00:00.000,http://www.bhsala.com/shelby/home.aspx,H5901,NOT AVAILABLE,01,PROPRIETARY,-999,252,LEVEL III,Y
"{
  ""coordinates"": [
    -8.767621342002894e+01,
    3.474719296021878e+01
  ],
  ""type"": ""Point""
}",97,0010935661,SHOALS HOSPITAL,"201 W AVALON AVENUE, PO BOX 3359",MUSCLE SHOALS,AL,35661,NOT AVAILABLE,(256) 386-1701,GENERAL ACUTE CARE,OPEN,198,COLBERT,01033,USA,34.74719296,-87.67621342,622110,GENERAL MEDICAL AND SURGICAL HOSPITALS,https://dph1.adph.state.al.us/facilitiesdirectory/,2024-04-11 00:00:00.000,IMAGERY/OTHER,2014-02-10 00:00:00.000,http://www.shoalshospital.com,H1702,NOT AVAILABLE,01,PROPRIETARY,-999,198,NOT AVAILABLE,Y
"{
  ""coordinates"": [
    -8.768468564976408e+01,
    3.042583568002659e+01
  ],
  ""type"": ""Point""
}",98,0008636535,SOUTH BALDWIN REGIONAL MEDICAL CENTER,1613 NORTH MCKENZIE STREET,FOLEY,AL,36535,NOT AVAILABLE,(251) 949-3400,GENERAL ACUTE CARE,OPEN,112,BALDWIN,01003,USA,30.42583568,-87.68468565,622110,GENERAL MEDICAL AND SURGICAL HOSPITALS,https://dph1.adph.state.al.us/facilitiesdirectory/,2024-04-11 00:00:00.000,IMAGERY/OTHER,2014-02-10 00:00:00.000,http://www.southbaldwinrmc.com,H0202,NOT AVAILABLE,01,PROPRIETARY,-999,112,LEVEL III,Y
"{
  ""coordinates"": [
    -8.536363111961155e+01,
    3.121630364963360e+01
  ],
  ""type"": ""Point""
}",99,0011036301,SOUTHEAST HEALTH MEDICAL CENTER,"1108 ROSS CLARK CIRCLE, PO BOX 6987",DOTHAN,AL,36301,NOT AVAILABLE,(334) 793-8701,GENERAL ACUTE CARE,OPEN,420,HOUSTON,01069,USA,31.21630365,-85.36363112,622110,GENERAL MEDICAL AND SURGICAL HOSPITALS,https://dph1.adph.state.al.us/facilitiesdirectory/,2024-04-11 00:00:00.000,IMAGERY/OTHER,2014-02-10 00:00:00.000,http://www.samc.org,H3502,NOT AVAILABLE,01,GOVERNMENT - DISTRICT/AUTHORITY,-999,420,LEVEL II,Y
"{
  ""coordinates"": [
    -8.813133628969860e+01,
    3.068451748970400e+01
  ],
  ""type"": ""Point""
}",100,0011136608,SPRINGHILL MEMORIAL HOSPITAL,3719 DAUPHIN STREET,MOBILE,AL,36608,NOT AVAILABLE,(251) 460-5220,GENERAL ACUTE CARE,OPEN,263,MOBILE,01097,USA,30.68451749,-88.13133629,622110,GENERAL MEDICAL AND SURGICAL HOSPITALS,https://dph1.adph.state.al.us/facilitiesdirectory/,2024-04-11 00:00:00.000,IMAGERY/OTHER,2014-02-10 00:00:00.000,http://www.springhillmemorial.com,H4906,NOT AVAILABLE,01,PROPRIETARY,-999,263,LEVEL III,Y
