GEO,LON,LAT,OBJECTID,SID,NAME,NATURE,BASIN,SUBBASIN,HURRICANE_DATE,YEAR,MONTH,DAY,USA_WIND,USA_PRES
"{
  ""coordinates"": [
    -7.890000152543560e+01,
    1.650000000042475e+01
  ],
  ""type"": ""Point""
}",-78.900001525,16.5,697221,2021239N17281,Ida,TS,NA,CS,2021-08-27 03:59:59.000,2021,8,26,30,1006
"{
  ""coordinates"": [
    -7.919999694817804e+01,
    1.700000000019356e+01
  ],
  ""type"": ""Point""
}",-79.199996948,17,697222,2021239N17281,Ida,TS,NA,CS,2021-08-27 03:59:59.000,2021,8,26,33,1006
"{
  ""coordinates"": [
    -7.950000000031218e+01,
    1.739999961858450e+01
  ],
  ""type"": ""Point""
}",-79.5,17.399999619,697223,2021239N17281,Ida,TS,NA,CS,2021-08-27 03:59:59.000,2021,8,26,35,1006
"{
  ""coordinates"": [
    -7.980000305154800e+01,
    1.779999923713862e+01
  ],
  ""type"": ""Point""
}",-79.800003052,17.799999237,697224,2021239N17281,Ida,TS,NA,CS,2021-08-27 03:59:59.000,2021,8,26,38,1005
"{
  ""coordinates"": [
    -8.019999694823846e+01,
    1.829999923688142e+01
  ],
  ""type"": ""Point""
}",-80.199996948,18.299999237,697225,2021239N17281,Ida,TS,NA,CS,2021-08-28 03:59:59.000,2021,8,27,40,1004
"{
  ""coordinates"": [
    -8.050000000037259e+01,
    1.879999923674558e+01
  ],
  ""type"": ""Point""
}",-80.5,18.799999237,697226,2021239N17281,Ida,TS,NA,CS,2021-08-28 03:59:59.000,2021,8,27,43,1003
"{
  ""coordinates"": [
    -8.090000152555646e+01,
    1.939999961824362e+01
  ],
  ""type"": ""Point""
}",-80.900001526,19.399999618,697227,2021239N17281,Ida,TS,NA,CS,2021-08-28 03:59:59.000,2021,8,27,45,1002
"{
  ""coordinates"": [
    -8.130000305163863e+01,
    1.989999961818562e+01
  ],
  ""type"": ""Point""
}",-81.300003052,19.899999618,697228,2021239N17281,Ida,TS,NA,CS,2021-08-28 03:59:59.000,2021,8,27,50,999
"{
  ""coordinates"": [
    -8.169999694832910e+01,
    2.039999961874725e+01
  ],
  ""type"": ""Point""
}",-81.699996948,20.399999619,697229,2021239N17281,Ida,TS,NA,CS,2021-08-28 03:59:59.000,2021,8,27,55,996
"{
  ""coordinates"": [
    -8.219999694835933e+01,
    2.099999999962836e+01
  ],
  ""type"": ""Point""
}",-82.199996948,21,697230,2021239N17281,Ida,TS,NA,CS,2021-08-28 03:59:59.000,2021,8,27,63,992
"{
  ""coordinates"": [
    -8.259999847444148e+01,
    2.150000000018510e+01
  ],
  ""type"": ""Point""
}",-82.599998474,21.5,697231,2021239N17281,Ida,TS,NA,CS,2021-08-28 03:59:59.000,2021,8,27,70,987
"{
  ""coordinates"": [
    -8.259999847444148e+01,
    2.189999961853351e+01
  ],
  ""type"": ""Point""
}",-82.599998474,21.899999619,697232,2021239N17281,Ida,TS,NA,CS,2021-08-28 03:59:59.000,2021,8,27,70,988
"{
  ""coordinates"": [
    -8.319999694841972e+01,
    2.239999961877330e+01
  ],
  ""type"": ""Point""
}",-83.199996948,22.399999619,697233,2021239N17281,Ida,TS,NA,CS,2021-08-28 03:59:59.000,2021,8,27,70,988
"{
  ""coordinates"": [
    -8.349999999965556e+01,
    2.260000038108479e+01
  ],
  ""type"": ""Point""
}",-83.5,22.600000381,697234,2021239N17281,Ida,TS,NA,NA,2021-08-29 03:59:59.000,2021,8,28,70,989
"{
  ""coordinates"": [
    -8.440000152576795e+01,
    2.320000076262869e+01
  ],
  ""type"": ""Point""
}",-84.400001526,23.200000763,697235,2021239N17281,Ida,TS,NA,GM,2021-08-29 03:59:59.000,2021,8,28,70,988
"{
  ""coordinates"": [
    -8.469999694851037e+01,
    2.349999999982051e+01
  ],
  ""type"": ""Point""
}",-84.699996949,23.5,697236,2021239N17281,Ida,TS,NA,GM,2021-08-29 03:59:59.000,2021,8,28,70,987
"{
  ""coordinates"": [
    -8.519999694854059e+01,
    2.389999961816187e+01
  ],
  ""type"": ""Point""
}",-85.199996949,23.899999618,697237,2021239N17281,Ida,TS,NA,GM,2021-08-29 03:59:59.000,2021,8,28,70,987
"{
  ""coordinates"": [
    -8.569999694857079e+01,
    2.439999961884578e+01
  ],
  ""type"": ""Point""
}",-85.699996949,24.399999619,697238,2021239N17281,Ida,TS,NA,GM,2021-08-29 03:59:59.000,2021,8,28,70,986
"{
  ""coordinates"": [
    -8.619999694860100e+01,
    2.500000000038882e+01
  ],
  ""type"": ""Point""
}",-86.199996949,25,697239,2021239N17281,Ida,TS,NA,GM,2021-08-29 03:59:59.000,2021,8,28,75,981
"{
  ""coordinates"": [
    -8.659999847378486e+01,
    2.560000038131794e+01
  ],
  ""type"": ""Point""
}",-86.599998474,25.600000381,697240,2021239N17281,Ida,TS,NA,GM,2021-08-29 03:59:59.000,2021,8,28,80,976
"{
  ""coordinates"": [
    -8.709999847381508e+01,
    2.620000076306679e+01
  ],
  ""type"": ""Point""
}",-87.099998474,26.200000763,697241,2021239N17281,Ida,TS,NA,GM,2021-08-29 03:59:59.000,2021,8,28,85,972
"{
  ""coordinates"": [
    -8.759999847384530e+01,
    2.670000076297096e+01
  ],
  ""type"": ""Point""
}",-87.599998474,26.700000763,697242,2021239N17281,Ida,TS,NA,GM,2021-08-30 03:59:59.000,2021,8,29,90,967
"{
  ""coordinates"": [
    -8.819999694782354e+01,
    2.720000076303224e+01
  ],
  ""type"": ""Point""
}",-88.199996948,27.200000763,697243,2021239N17281,Ida,TS,NA,GM,2021-08-30 03:59:59.000,2021,8,29,103,959
"{
  ""coordinates"": [
    -8.869999694785375e+01,
    2.760000038112286e+01
  ],
  ""type"": ""Point""
}",-88.699996948,27.600000381,697244,2021239N17281,Ida,TS,NA,GM,2021-08-30 03:59:59.000,2021,8,29,115,950
"{
  ""coordinates"": [
    -8.919999694788396e+01,
    2.810000038160861e+01
  ],
  ""type"": ""Point""
}",-89.199996948,28.100000382,697245,2021239N17281,Ida,TS,NA,GM,2021-08-30 03:59:59.000,2021,8,29,123,940
"{
  ""coordinates"": [
    -8.959999847396614e+01,
    2.849999999985443e+01
  ],
  ""type"": ""Point""
}",-89.599998474,28.5,697246,2021239N17281,Ida,TS,NA,GM,2021-08-30 03:59:59.000,2021,8,29,130,929
"{
  ""coordinates"": [
    -8.990000152610028e+01,
    2.889999961872550e+01
  ],
  ""type"": ""Point""
}",-89.900001526,28.899999619,697247,2021239N17281,Ida,TS,NA,GM,2021-08-30 03:59:59.000,2021,8,29,130,930
"{
  ""coordinates"": [
    -9.019999694794440e+01,
    2.910000038168619e+01
  ],
  ""type"": ""Point""
}",-90.199996948,29.100000382,697248,2021239N17281,Ida,TS,NA,GM,2021-08-30 03:59:59.000,2021,8,29,130,931
"{
  ""coordinates"": [
    -9.040000152613048e+01,
    2.920000076324973e+01
  ],
  ""type"": ""Point""
}",-90.400001526,29.200000763,697249,2021239N17281,Ida,TS,NA,GM,2021-08-30 03:59:59.000,2021,8,29,125,932
"{
  ""coordinates"": [
    -9.059999847402656e+01,
    2.949999999975558e+01
  ],
  ""type"": ""Point""
}",-90.599998474,29.5,697250,2021239N17281,Ida,TS,NA,NA,2021-08-30 03:59:59.000,2021,8,29,115,938
"{
  ""coordinates"": [
    -9.059999847402656e+01,
    2.989999961880652e+01
  ],
  ""type"": ""Point""
}",-90.599998474,29.899999619,697251,2021239N17281,Ida,TS,NA,NA,2021-08-31 03:59:59.000,2021,8,30,105,944
"{
  ""coordinates"": [
    -9.069999694797460e+01,
    3.020000076308537e+01
  ],
  ""type"": ""Point""
}",-90.699996948,30.200000763,697252,2021239N17281,Ida,TS,NA,NA,2021-08-31 03:59:59.000,2021,8,30,85,961
"{
  ""coordinates"": [
    -9.080000305131436e+01,
    3.060000038149110e+01
  ],
  ""type"": ""Point""
}",-90.800003051,30.600000381,697253,2021239N17281,Ida,TS,NA,NA,2021-08-31 03:59:59.000,2021,8,30,65,978
"{
  ""coordinates"": [
    -9.090000152616069e+01,
    3.100000000011991e+01
  ],
  ""type"": ""Point""
}",-90.900001526,31,697254,2021239N17281,Ida,TS,NA,NA,2021-08-31 03:59:59.000,2021,8,30,53,985
"{
  ""coordinates"": [
    -9.090000152616069e+01,
    3.149999999971124e+01
  ],
  ""type"": ""Point""
}",-90.900001526,31.5,697255,2021239N17281,Ida,TS,NA,NA,2021-08-31 03:59:59.000,2021,8,30,40,992
"{
  ""coordinates"": [
    -9.069999694797460e+01,
    3.189999961886336e+01
  ],
  ""type"": ""Point""
}",-90.699996948,31.899999619,697256,2021239N17281,Ida,TS,NA,NA,2021-08-31 03:59:59.000,2021,8,30,38,994
"{
  ""coordinates"": [
    -9.050000000007853e+01,
    3.220000076316775e+01
  ],
  ""type"": ""Point""
}",-90.5,32.200000763,697257,2021239N17281,Ida,TS,NA,NA,2021-08-31 03:59:59.000,2021,8,30,35,996
"{
  ""coordinates"": [
    -9.030000305218245e+01,
    3.259999847381532e+01
  ],
  ""type"": ""Point""
}",-90.300003052,32.599998474,697258,2021239N17281,Ida,TS,NA,NA,2021-08-31 03:59:59.000,2021,8,30,33,996
"{
  ""coordinates"": [
    -9.000000000004830e+01,
    3.300000000004599e+01
  ],
  ""type"": ""Point""
}",-90,33,697259,2021239N17281,Ida,TS,NA,NA,2021-09-01 03:59:59.000,2021,8,31,30,996
"{
  ""coordinates"": [
    -8.969999694791417e+01,
    3.340000152616620e+01
  ],
  ""type"": ""Point""
}",-89.699996948,33.400001526,697260,2021239N17281,Ida,TS,NA,NA,2021-09-01 03:59:59.000,2021,8,31,28,996
"{
  ""coordinates"": [
    -8.940000152607007e+01,
    3.379999923741345e+01
  ],
  ""type"": ""Point""
}",-89.400001526,33.799999237,697261,2021239N17281,Ida,TS,NA,NA,2021-09-01 03:59:59.000,2021,8,31,25,996
"{
  ""coordinates"": [
    -8.899999999998789e+01,
    3.409999847377808e+01
  ],
  ""type"": ""Point""
}",-89,34.099998474,697262,2021239N17281,Ida,TS,NA,NA,2021-09-01 03:59:59.000,2021,8,31,25,996
"{
  ""coordinates"": [
    -8.840000152600963e+01,
    3.440000152585468e+01
  ],
  ""type"": ""Point""
}",-88.400001526,34.400001526,697263,2021239N17281,Ida,TS,NA,NA,2021-09-01 03:59:59.000,2021,8,31,25,996
"{
  ""coordinates"": [
    -8.780000305203139e+01,
    3.470000076314652e+01
  ],
  ""type"": ""Point""
}",-87.800003052,34.700000763,697264,2021239N17281,Ida,TS,NA,NA,2021-09-01 03:59:59.000,2021,8,31,23,998
"{
  ""coordinates"": [
    -8.709999847381508e+01,
    3.509999847436949e+01
  ],
  ""type"": ""Point""
}",-87.099998474,35.099998474,697265,2021239N17281,Ida,TS,NA,NA,2021-09-01 03:59:59.000,2021,8,31,20,999
"{
  ""coordinates"": [
    -8.630000305194075e+01,
    3.540000152618659e+01
  ],
  ""type"": ""Point""
}",-86.300003052,35.400001526,697266,2021239N17281,Ida,TS,NA,NA,2021-09-01 03:59:59.000,2021,8,31,20,1000
"{
  ""coordinates"": [
    -8.549999999977641e+01,
    3.579999923727406e+01
  ],
  ""type"": ""Point""
}",-85.5,35.799999237,697267,2021239N17281,Ida,TS,NA,NA,2021-09-02 03:59:59.000,2021,9,1,20,1000
"{
  ""coordinates"": [
    -8.459999847456233e+01,
    3.620000076261231e+01
  ],
  ""type"": ""Point""
}",-84.599998475,36.200000763,697268,2021239N17281,Ida,TS,NA,NA,2021-09-02 03:59:59.000,2021,9,1,20,1000
"{
  ""coordinates"": [
    -8.359999847450192e+01,
    3.670000076301387e+01
  ],
  ""type"": ""Point""
}",-83.599998475,36.700000763,697269,2021239N17281,Ida,TS,NA,NA,2021-09-02 03:59:59.000,2021,9,1,20,1000
"{
  ""coordinates"": [
    -8.259999847444148e+01,
    3.720000076327571e+01
  ],
  ""type"": ""Point""
}",-82.599998474,37.200000763,697270,2021239N17281,Ida,TS,NA,NA,2021-09-02 03:59:59.000,2021,9,1,23,1000
"{
  ""coordinates"": [
    -8.150000000043302e+01,
    3.770000076305986e+01
  ],
  ""type"": ""Point""
}",-81.5,37.700000763,697271,2021239N17281,Ida,ET,NA,NA,2021-09-02 03:59:59.000,2021,9,1,25,1000
"{
  ""coordinates"": [
    -8.009999847429042e+01,
    3.840000152600243e+01
  ],
  ""type"": ""Point""
}",-80.099998474,38.400001526,697272,2021239N17281,Ida,ET,NA,NA,2021-09-02 03:59:59.000,2021,9,1,28,1000
"{
  ""coordinates"": [
    -7.850000000025175e+01,
    3.900000000013886e+01
  ],
  ""type"": ""Point""
}",-78.5,39,697273,2021239N17281,Ida,ET,NA,NA,2021-09-02 03:59:59.000,2021,9,1,30,999
"{
  ""coordinates"": [
    -7.700000000016109e+01,
    3.940000152557865e+01
  ],
  ""type"": ""Point""
}",-77,39.400001526,697274,2021239N17281,Ida,ET,NA,NA,2021-09-02 03:59:59.000,2021,9,1,33,998
"{
  ""coordinates"": [
    -7.559999847401852e+01,
    3.979999923737331e+01
  ],
  ""type"": ""Point""
}",-75.599998474,39.799999237,697275,2021239N17281,Ida,ET,NA,NA,2021-09-03 03:59:59.000,2021,9,2,35,997
"{
  ""coordinates"": [
    -7.419999694787592e+01,
    4.020000076323910e+01
  ],
  ""type"": ""Point""
}",-74.199996948,40.200000763,697276,2021239N17281,Ida,ET,NA,NA,2021-09-03 03:59:59.000,2021,9,2,38,997
"{
  ""coordinates"": [
    -7.280000305202334e+01,
    4.059999847427645e+01
  ],
  ""type"": ""Point""
}",-72.800003052,40.599998474,697277,2021239N17281,Ida,ET,NA,NA,2021-09-03 03:59:59.000,2021,9,2,40,997
"{
  ""coordinates"": [
    -7.119999694859297e+01,
    4.090000152592073e+01
  ],
  ""type"": ""Point""
}",-71.199996949,40.900001526,697278,2021239N17281,Ida,ET,NA,NA,2021-09-03 03:59:59.000,2021,9,2,40,997
"{
  ""coordinates"": [
    -6.969999694850232e+01,
    4.140000152606649e+01
  ],
  ""type"": ""Point""
}",-69.699996949,41.400001526,697279,2021239N17281,Ida,ET,NA,NA,2021-09-03 03:59:59.000,2021,9,2,40,997
"{
  ""coordinates"": [
    -6.840000152569945e+01,
    4.220000076313400e+01
  ],
  ""type"": ""Point""
}",-68.400001526,42.200000763,697280,2021239N17281,Ida,ET,NA,NA,2021-09-03 03:59:59.000,2021,9,2,40,997
"{
  ""coordinates"": [
    -6.719999694835126e+01,
    4.329999923719365e+01
  ],
  ""type"": ""Point""
}",-67.199996948,43.299999237,697281,2021239N17281,Ida,ET,NA,NA,2021-09-03 03:59:59.000,2021,9,2,40,996
"{
  ""coordinates"": [
    -6.590000152554839e+01,
    4.440000152602188e+01
  ],
  ""type"": ""Point""
}",-65.900001526,44.400001526,697282,2021239N17281,Ida,ET,NA,NA,2021-09-03 03:59:59.000,2021,9,2,40,996
"{
  ""coordinates"": [
    -6.469999694820019e+01,
    4.540000152567056e+01
  ],
  ""type"": ""Point""
}",-64.699996948,45.400001526,697283,2021239N17281,Ida,ET,NA,NA,2021-09-04 03:59:59.000,2021,9,3,40,995
"{
  ""coordinates"": [
    -6.400000000027391e+01,
    4.609999847413099e+01
  ],
  ""type"": ""Point""
}",-64,46.099998474,697284,2021239N17281,Ida,ET,NA,NA,2021-09-04 03:59:59.000,2021,9,3,43,994
"{
  ""coordinates"": [
    -6.359999847419173e+01,
    4.659999847399653e+01
  ],
  ""type"": ""Point""
}",-63.599998474,46.599998474,697285,2021239N17281,Ida,ET,NA,NA,2021-09-04 03:59:59.000,2021,9,3,45,992
"{
  ""coordinates"": [
    -6.309999847416153e+01,
    4.709999847436499e+01
  ],
  ""type"": ""Point""
}",-63.099998474,47.099998474,697286,2021239N17281,Ida,ET,NA,NA,2021-09-04 03:59:59.000,2021,9,3,45,992
"{
  ""coordinates"": [
    -6.270000076322435e+01,
    4.750000000015911e+01
  ],
  ""type"": ""Point""
}",-62.700000763,47.5,697287,2021239N17281,Ida,ET,NA,NA,2021-09-04 03:59:59.000,2021,9,3,45,991
"{
  ""coordinates"": [
    -6.240000152623524e+01,
    4.809999847392790e+01
  ],
  ""type"": ""Point""
}",-62.400001526,48.099998474,697288,2021239N17281,Ida,ET,NA,NA,2021-09-04 03:59:59.000,2021,9,3,45,992
"{
  ""coordinates"": [
    -6.240000152623524e+01,
    4.859999847399000e+01
  ],
  ""type"": ""Point""
}",-62.400001526,48.599998474,697289,2021239N17281,Ida,ET,NA,NA,2021-09-04 03:59:59.000,2021,9,3,45,992
"{
  ""coordinates"": [
    -6.270000076322435e+01,
    4.879999923693624e+01
  ],
  ""type"": ""Point""
}",-62.700000763,48.799999237,697290,2021239N17281,Ida,ET,NA,NA,2021-09-04 03:59:59.000,2021,9,3,45,992
"{
  ""coordinates"": [
    -6.309999847416153e+01,
    4.879999923693624e+01
  ],
  ""type"": ""Point""
}",-63.099998474,48.799999237,697291,2021239N17281,Ida,ET,NA,NA,2021-09-05 03:59:59.000,2021,9,4,45,992
"{
  ""coordinates"": [
    -6.359999847419173e+01,
    4.879999923693624e+01
  ],
  ""type"": ""Point""
}",-63.599998474,48.799999237,697292,2021239N17281,Ida,ET,NA,NA,2021-09-05 03:59:59.000,2021,9,4,43,992
"{
  ""coordinates"": [
    -6.390000152632587e+01,
    4.870000076269266e+01
  ],
  ""type"": ""Point""
}",-63.900001526,48.700000763,697293,2021239N17281,Ida,ET,NA,NA,2021-09-05 03:59:59.000,2021,9,4,40,992
"{
  ""coordinates"": [
    -6.400000000027391e+01,
    4.820000076287701e+01
  ],
  ""type"": ""Point""
}",-64,48.200000763,697294,2021239N17281,Ida,ET,NA,NA,2021-09-05 03:59:59.000,2021,9,4,38,994
"{
  ""coordinates"": [
    -6.390000152632587e+01,
    4.759999847427144e+01
  ],
  ""type"": ""Point""
}",-63.900001526,47.599998474,697295,2021239N17281,Ida,ET,NA,NA,2021-09-05 03:59:59.000,2021,9,4,35,996
"{
  ""coordinates"": [
    -6.370000076328478e+01,
    4.709999847436499e+01
  ],
  ""type"": ""Point""
}",-63.700000763,47.099998474,697296,2021239N17281,Ida,ET,NA,NA,2021-09-05 03:59:59.000,2021,9,4,33,998
"{
  ""coordinates"": [
    -6.350000000024370e+01,
    4.659999847399653e+01
  ],
  ""type"": ""Point""
}",-63.5,46.599998474,697297,2021239N17281,Ida,ET,NA,NA,2021-09-05 03:59:59.000,2021,9,4,30,999
