GEOGRAPHY,XLON,XLAT,BOUNDS,ACTIVITY_INDEX_TOTAL,WKT
032002023320213322,-88.906173706,34.398411518,"-88.9068603515625,34.39784494644986,-88.90548706054688,34.398978088913694",0.034536,"POLYGON ((-88.90548706054688 34.398978088913694, -88.9068603515625 34.398978088913694, -88.9068603515625 34.39784494644986, -88.90548706054688 34.39784494644986, -88.90548706054688 34.398978088913694))"
032002023320213322,-88.90617,34.39841,"-88.90686,34.39784,-88.90549,34.39898",0.041389,"POLYGON ((-88.90549 34.39898, -88.90686 34.39898, -88.90686 34.39784, -88.90549 34.39784, -88.90549 34.39898))"
032002023320213322,-88.906173706,34.398411518,"-88.9068603515625,34.39784494644986,-88.90548706054688,34.398978088913694",0.024002,"POLYGON ((-88.90548706054688 34.398978088913694, -88.9068603515625 34.398978088913694, -88.9068603515625 34.39784494644986, -88.90548706054688 34.39784494644986, -88.90548706054688 34.398978088913694))"
032002023320213322,-88.906173706,34.398411518,"-88.9068603515625,34.39784494644986,-88.90548706054688,34.398978088913694",0.040299,"POLYGON ((-88.90548706054688 34.398978088913694, -88.9068603515625 34.398978088913694, -88.9068603515625 34.39784494644986, -88.90548706054688 34.39784494644986, -88.90548706054688 34.398978088913694))"
032002023320213322,-88.906173706,34.398411518,"-88.9068603515625,34.39784494644986,-88.90548706054688,34.398978088913694",0.028075,"POLYGON ((-88.90548706054688 34.398978088913694, -88.9068603515625 34.398978088913694, -88.9068603515625 34.39784494644986, -88.90548706054688 34.39784494644986, -88.90548706054688 34.398978088913694))"
032002023320213322,-88.906173706,34.398411518,"-88.9068603515625,34.39784494644986,-88.90548706054688,34.398978088913694",0.020697,"POLYGON ((-88.90548706054688 34.398978088913694, -88.9068603515625 34.398978088913694, -88.9068603515625 34.39784494644986, -88.90548706054688 34.39784494644986, -88.90548706054688 34.398978088913694))"
032002023320213322,-88.906173706,34.398411518,"-88.9068603515625,34.39784494644986,-88.90548706054688,34.398978088913694",0.038307,"POLYGON ((-88.90548706054688 34.398978088913694, -88.9068603515625 34.398978088913694, -88.9068603515625 34.39784494644986, -88.90548706054688 34.39784494644986, -88.90548706054688 34.398978088913694))"
032002023320213322,-88.906173706,34.398411518,"-88.9068603515625,34.39784494644986,-88.90548706054688,34.398978088913694",0.021747,"POLYGON ((-88.90548706054688 34.398978088913694, -88.9068603515625 34.398978088913694, -88.9068603515625 34.39784494644986, -88.90548706054688 34.39784494644986, -88.90548706054688 34.398978088913694))"
032002023320213322,-88.906173706,34.398411518,"-88.9068603515625,34.39784494644986,-88.90548706054688,34.398978088913694",0.034493,"POLYGON ((-88.90548706054688 34.398978088913694, -88.9068603515625 34.398978088913694, -88.9068603515625 34.39784494644986, -88.90548706054688 34.39784494644986, -88.90548706054688 34.398978088913694))"
032002023320213322,-88.906173706,34.398411518,"-88.9068603515625,34.39784494644986,-88.90548706054688,34.398978088913694",0.025716,"POLYGON ((-88.90548706054688 34.398978088913694, -88.9068603515625 34.398978088913694, -88.9068603515625 34.39784494644986, -88.90548706054688 34.39784494644986, -88.90548706054688 34.398978088913694))"
032002023320213322,-88.906173706,34.398411518,"-88.9068603515625,34.39784494644986,-88.90548706054688,34.398978088913694",0.027397,"POLYGON ((-88.90548706054688 34.398978088913694, -88.9068603515625 34.398978088913694, -88.9068603515625 34.39784494644986, -88.90548706054688 34.39784494644986, -88.90548706054688 34.398978088913694))"
032002023320213322,-88.906173706,34.398411518,"-88.9068603515625,34.39784494644986,-88.90548706054688,34.398978088913694",0.027338,"POLYGON ((-88.90548706054688 34.398978088913694, -88.9068603515625 34.398978088913694, -88.9068603515625 34.39784494644986, -88.90548706054688 34.39784494644986, -88.90548706054688 34.398978088913694))"
032002023320213322,-88.906173706,34.398411518,"-88.9068603515625,34.39784494644986,-88.90548706054688,34.398978088913694",0.043611,"POLYGON ((-88.90548706054688 34.398978088913694, -88.9068603515625 34.398978088913694, -88.9068603515625 34.39784494644986, -88.90548706054688 34.39784494644986, -88.90548706054688 34.398978088913694))"
032002023320213322,-88.906173706,34.398411518,"-88.9068603515625,34.39784494644986,-88.90548706054688,34.398978088913694",0.01976,"POLYGON ((-88.90548706054688 34.398978088913694, -88.9068603515625 34.398978088913694, -88.9068603515625 34.39784494644986, -88.90548706054688 34.39784494644986, -88.90548706054688 34.398978088913694))"
032002023320213322,-88.906173706,34.398411518,"-88.9068603515625,34.39784494644986,-88.90548706054688,34.398978088913694",0.02467,"POLYGON ((-88.90548706054688 34.398978088913694, -88.9068603515625 34.398978088913694, -88.9068603515625 34.39784494644986, -88.90548706054688 34.39784494644986, -88.90548706054688 34.398978088913694))"
032002023320213322,-88.906173706,34.398411518,"-88.9068603515625,34.39784494644986,-88.90548706054688,34.398978088913694",0.022012,"POLYGON ((-88.90548706054688 34.398978088913694, -88.9068603515625 34.398978088913694, -88.9068603515625 34.39784494644986, -88.90548706054688 34.39784494644986, -88.90548706054688 34.398978088913694))"
032002023320213322,-88.906173706,34.398411518,"-88.9068603515625,34.39784494644986,-88.90548706054688,34.398978088913694",0.022039,"POLYGON ((-88.90548706054688 34.398978088913694, -88.9068603515625 34.398978088913694, -88.9068603515625 34.39784494644986, -88.90548706054688 34.39784494644986, -88.90548706054688 34.398978088913694))"
032002023320213322,-88.906173706,34.398411518,"-88.9068603515625,34.39784494644986,-88.90548706054688,34.398978088913694",0.041377,"POLYGON ((-88.90548706054688 34.398978088913694, -88.9068603515625 34.398978088913694, -88.9068603515625 34.39784494644986, -88.90548706054688 34.39784494644986, -88.90548706054688 34.398978088913694))"
032002023320213322,-88.906173706,34.398411518,"-88.9068603515625,34.39784494644986,-88.90548706054688,34.398978088913694",0.029241,"POLYGON ((-88.90548706054688 34.398978088913694, -88.9068603515625 34.398978088913694, -88.9068603515625 34.39784494644986, -88.90548706054688 34.39784494644986, -88.90548706054688 34.398978088913694))"
032002023320213322,-88.906173706,34.398411518,"-88.9068603515625,34.39784494644986,-88.90548706054688,34.398978088913694",0.02092,"POLYGON ((-88.90548706054688 34.398978088913694, -88.9068603515625 34.398978088913694, -88.9068603515625 34.39784494644986, -88.90548706054688 34.39784494644986, -88.90548706054688 34.398978088913694))"
032002023320213322,-88.906173706,34.398411518,"-88.9068603515625,34.39784494644986,-88.90548706054688,34.398978088913694",0.022355,"POLYGON ((-88.90548706054688 34.398978088913694, -88.9068603515625 34.398978088913694, -88.9068603515625 34.39784494644986, -88.90548706054688 34.39784494644986, -88.90548706054688 34.398978088913694))"
032002023320221001,-88.932266235,34.397278368,"-88.93295288085938,34.39671178864244,-88.93157958984375,34.39784494644986",0.032584,"POLYGON ((-88.93157958984375 34.39784494644986, -88.93295288085938 34.39784494644986, -88.93295288085938 34.39671178864244, -88.93157958984375 34.39671178864244, -88.93157958984375 34.39784494644986))"
032002023320230111,-88.913040161,34.397278368,"-88.91372680664062,34.39671178864244,-88.912353515625,34.39784494644986",0.015097,"POLYGON ((-88.912353515625 34.39784494644986, -88.91372680664062 34.39784494644986, -88.91372680664062 34.39671178864244, -88.912353515625 34.39671178864244, -88.912353515625 34.39784494644986))"
032002023320231100,-88.906173706,34.397278368,"-88.9068603515625,34.39671178864244,-88.90548706054688,34.39784494644986",0.023364,"POLYGON ((-88.90548706054688 34.39784494644986, -88.9068603515625 34.39784494644986, -88.9068603515625 34.39671178864244, -88.90548706054688 34.39671178864244, -88.90548706054688 34.39784494644986))"
032002023320231100,-88.906173706,34.397278368,"-88.9068603515625,34.39671178864244,-88.90548706054688,34.39784494644986",0.022588,"POLYGON ((-88.90548706054688 34.39784494644986, -88.9068603515625 34.39784494644986, -88.9068603515625 34.39671178864244, -88.90548706054688 34.39671178864244, -88.90548706054688 34.39784494644986))"
032002023320231100,-88.906173706,34.397278368,"-88.9068603515625,34.39671178864244,-88.90548706054688,34.39784494644986",0.033734,"POLYGON ((-88.90548706054688 34.39784494644986, -88.9068603515625 34.39784494644986, -88.9068603515625 34.39671178864244, -88.90548706054688 34.39671178864244, -88.90548706054688 34.39784494644986))"
032002023320231100,-88.906173706,34.397278368,"-88.9068603515625,34.39671178864244,-88.90548706054688,34.39784494644986",0.015752,"POLYGON ((-88.90548706054688 34.39784494644986, -88.9068603515625 34.39784494644986, -88.9068603515625 34.39671178864244, -88.90548706054688 34.39671178864244, -88.90548706054688 34.39784494644986))"
032002023320231100,-88.906173706,34.397278368,"-88.9068603515625,34.39671178864244,-88.90548706054688,34.39784494644986",0.031321,"POLYGON ((-88.90548706054688 34.39784494644986, -88.9068603515625 34.39784494644986, -88.9068603515625 34.39671178864244, -88.90548706054688 34.39671178864244, -88.90548706054688 34.39784494644986))"
032002023320231100,-88.90617,34.39728,"-88.90686,34.39671,-88.90549,34.39784",0.025788,"POLYGON ((-88.90549 34.39784, -88.90686 34.39784, -88.90686 34.39671, -88.90549 34.39671, -88.90549 34.39784))"
032002023320231100,-88.906173706,34.397278368,"-88.9068603515625,34.39671178864244,-88.90548706054688,34.39784494644986",0.032718,"POLYGON ((-88.90548706054688 34.39784494644986, -88.9068603515625 34.39784494644986, -88.9068603515625 34.39671178864244, -88.90548706054688 34.39671178864244, -88.90548706054688 34.39784494644986))"
032002023320231100,-88.906173706,34.397278368,"-88.9068603515625,34.39671178864244,-88.90548706054688,34.39784494644986",0.026425,"POLYGON ((-88.90548706054688 34.39784494644986, -88.9068603515625 34.39784494644986, -88.9068603515625 34.39671178864244, -88.90548706054688 34.39671178864244, -88.90548706054688 34.39784494644986))"
032002023320231100,-88.906173706,34.397278368,"-88.9068603515625,34.39671178864244,-88.90548706054688,34.39784494644986",0.024391,"POLYGON ((-88.90548706054688 34.39784494644986, -88.9068603515625 34.39784494644986, -88.9068603515625 34.39671178864244, -88.90548706054688 34.39671178864244, -88.90548706054688 34.39784494644986))"
032002023320231100,-88.906173706,34.397278368,"-88.9068603515625,34.39671178864244,-88.90548706054688,34.39784494644986",0.029167,"POLYGON ((-88.90548706054688 34.39784494644986, -88.9068603515625 34.39784494644986, -88.9068603515625 34.39671178864244, -88.90548706054688 34.39671178864244, -88.90548706054688 34.39784494644986))"
032002023320231100,-88.906173706,34.397278368,"-88.9068603515625,34.39671178864244,-88.90548706054688,34.39784494644986",0.025066,"POLYGON ((-88.90548706054688 34.39784494644986, -88.9068603515625 34.39784494644986, -88.9068603515625 34.39671178864244, -88.90548706054688 34.39671178864244, -88.90548706054688 34.39784494644986))"
032002023320231100,-88.906173706,34.397278368,"-88.9068603515625,34.39671178864244,-88.90548706054688,34.39784494644986",0.019871,"POLYGON ((-88.90548706054688 34.39784494644986, -88.9068603515625 34.39784494644986, -88.9068603515625 34.39671178864244, -88.90548706054688 34.39671178864244, -88.90548706054688 34.39784494644986))"
032002023320231101,-88.904800415,34.397278368,"-88.90548706054688,34.39671178864244,-88.90411376953125,34.39784494644986",0.032423,"POLYGON ((-88.90411376953125 34.39784494644986, -88.90548706054688 34.39784494644986, -88.90548706054688 34.39671178864244, -88.90411376953125 34.39671178864244, -88.90411376953125 34.39784494644986))"
032002023320231101,-88.904800415,34.397278368,"-88.90548706054688,34.39671178864244,-88.90411376953125,34.39784494644986",0.029381,"POLYGON ((-88.90411376953125 34.39784494644986, -88.90548706054688 34.39784494644986, -88.90548706054688 34.39671178864244, -88.90411376953125 34.39671178864244, -88.90411376953125 34.39784494644986))"
032002023320231101,-88.904800415,34.397278368,"-88.90548706054688,34.39671178864244,-88.90411376953125,34.39784494644986",0.027365,"POLYGON ((-88.90411376953125 34.39784494644986, -88.90548706054688 34.39784494644986, -88.90548706054688 34.39671178864244, -88.90411376953125 34.39671178864244, -88.90411376953125 34.39784494644986))"
032002023320231101,-88.904800415,34.397278368,"-88.90548706054688,34.39671178864244,-88.90411376953125,34.39784494644986",0.029637,"POLYGON ((-88.90411376953125 34.39784494644986, -88.90548706054688 34.39784494644986, -88.90548706054688 34.39671178864244, -88.90411376953125 34.39671178864244, -88.90411376953125 34.39784494644986))"
032002023320231101,-88.904800415,34.397278368,"-88.90548706054688,34.39671178864244,-88.90411376953125,34.39784494644986",0.032886,"POLYGON ((-88.90411376953125 34.39784494644986, -88.90548706054688 34.39784494644986, -88.90548706054688 34.39671178864244, -88.90411376953125 34.39671178864244, -88.90411376953125 34.39784494644986))"
032002023320231101,-88.904800415,34.397278368,"-88.90548706054688,34.39671178864244,-88.90411376953125,34.39784494644986",0.036534,"POLYGON ((-88.90411376953125 34.39784494644986, -88.90548706054688 34.39784494644986, -88.90548706054688 34.39671178864244, -88.90411376953125 34.39671178864244, -88.90411376953125 34.39784494644986))"
032002023320231101,-88.904800415,34.397278368,"-88.90548706054688,34.39671178864244,-88.90411376953125,34.39784494644986",0.032289,"POLYGON ((-88.90411376953125 34.39784494644986, -88.90548706054688 34.39784494644986, -88.90548706054688 34.39671178864244, -88.90411376953125 34.39671178864244, -88.90411376953125 34.39784494644986))"
032002023320231101,-88.9048,34.39728,"-88.90549,34.39671,-88.90411,34.39784",0.025438,"POLYGON ((-88.90411 34.39784, -88.90549 34.39784, -88.90549 34.39671, -88.90411 34.39671, -88.90411 34.39784))"
032002023320231101,-88.904800415,34.397278368,"-88.90548706054688,34.39671178864244,-88.90411376953125,34.39784494644986",0.027344,"POLYGON ((-88.90411376953125 34.39784494644986, -88.90548706054688 34.39784494644986, -88.90548706054688 34.39671178864244, -88.90411376953125 34.39671178864244, -88.90411376953125 34.39784494644986))"
032002023320231101,-88.904800415,34.397278368,"-88.90548706054688,34.39671178864244,-88.90411376953125,34.39784494644986",0.022435,"POLYGON ((-88.90411376953125 34.39784494644986, -88.90548706054688 34.39784494644986, -88.90548706054688 34.39671178864244, -88.90411376953125 34.39671178864244, -88.90411376953125 34.39784494644986))"
032002023320231101,-88.904800415,34.397278368,"-88.90548706054688,34.39671178864244,-88.90411376953125,34.39784494644986",0.024727,"POLYGON ((-88.90411376953125 34.39784494644986, -88.90548706054688 34.39784494644986, -88.90548706054688 34.39671178864244, -88.90411376953125 34.39671178864244, -88.90411376953125 34.39784494644986))"
032002023320231101,-88.904800415,34.397278368,"-88.90548706054688,34.39671178864244,-88.90411376953125,34.39784494644986",0.033329,"POLYGON ((-88.90411376953125 34.39784494644986, -88.90548706054688 34.39784494644986, -88.90548706054688 34.39671178864244, -88.90411376953125 34.39671178864244, -88.90411376953125 34.39784494644986))"
032002023320231101,-88.904800415,34.397278368,"-88.90548706054688,34.39671178864244,-88.90411376953125,34.39784494644986",0.028163,"POLYGON ((-88.90411376953125 34.39784494644986, -88.90548706054688 34.39784494644986, -88.90548706054688 34.39671178864244, -88.90411376953125 34.39671178864244, -88.90411376953125 34.39784494644986))"
032002023320231101,-88.904800415,34.397278368,"-88.90548706054688,34.39671178864244,-88.90411376953125,34.39784494644986",0.033309,"POLYGON ((-88.90411376953125 34.39784494644986, -88.90548706054688 34.39784494644986, -88.90548706054688 34.39671178864244, -88.90411376953125 34.39671178864244, -88.90411376953125 34.39784494644986))"
032002023320231101,-88.904800415,34.397278368,"-88.90548706054688,34.39671178864244,-88.90411376953125,34.39784494644986",0.023834,"POLYGON ((-88.90411376953125 34.39784494644986, -88.90548706054688 34.39784494644986, -88.90548706054688 34.39671178864244, -88.90411376953125 34.39671178864244, -88.90411376953125 34.39784494644986))"
032002023320231101,-88.904800415,34.397278368,"-88.90548706054688,34.39671178864244,-88.90411376953125,34.39784494644986",0.02537,"POLYGON ((-88.90411376953125 34.39784494644986, -88.90548706054688 34.39784494644986, -88.90548706054688 34.39671178864244, -88.90411376953125 34.39671178864244, -88.90411376953125 34.39784494644986))"
032002023320231101,-88.904800415,34.397278368,"-88.90548706054688,34.39671178864244,-88.90411376953125,34.39784494644986",0.028132,"POLYGON ((-88.90411376953125 34.39784494644986, -88.90548706054688 34.39784494644986, -88.90548706054688 34.39671178864244, -88.90411376953125 34.39671178864244, -88.90411376953125 34.39784494644986))"
032002023320231101,-88.904800415,34.397278368,"-88.90548706054688,34.39671178864244,-88.90411376953125,34.39784494644986",0.035989,"POLYGON ((-88.90411376953125 34.39784494644986, -88.90548706054688 34.39784494644986, -88.90548706054688 34.39671178864244, -88.90411376953125 34.39671178864244, -88.90411376953125 34.39784494644986))"
032002023320231101,-88.904800415,34.397278368,"-88.90548706054688,34.39671178864244,-88.90411376953125,34.39784494644986",0.025969,"POLYGON ((-88.90411376953125 34.39784494644986, -88.90548706054688 34.39784494644986, -88.90548706054688 34.39671178864244, -88.90411376953125 34.39671178864244, -88.90411376953125 34.39784494644986))"
032002023320231101,-88.904800415,34.397278368,"-88.90548706054688,34.39671178864244,-88.90411376953125,34.39784494644986",0.040189,"POLYGON ((-88.90411376953125 34.39784494644986, -88.90548706054688 34.39784494644986, -88.90548706054688 34.39671178864244, -88.90411376953125 34.39671178864244, -88.90411376953125 34.39784494644986))"
032002023320231101,-88.9048,34.39728,"-88.90549,34.39671,-88.90411,34.39784",0.029217,"POLYGON ((-88.90411 34.39784, -88.90549 34.39784, -88.90549 34.39671, -88.90411 34.39671, -88.90411 34.39784))"
032002023320231101,-88.904800415,34.397278368,"-88.90548706054688,34.39671178864244,-88.90411376953125,34.39784494644986",0.034598,"POLYGON ((-88.90411376953125 34.39784494644986, -88.90548706054688 34.39784494644986, -88.90548706054688 34.39671178864244, -88.90411376953125 34.39671178864244, -88.90411376953125 34.39784494644986))"
032002023320231101,-88.9048,34.39728,"-88.90549,34.39671,-88.90411,34.39784",0.028583,"POLYGON ((-88.90411 34.39784, -88.90549 34.39784, -88.90549 34.39671, -88.90411 34.39671, -88.90411 34.39784))"
032002023320231101,-88.904800415,34.397278368,"-88.90548706054688,34.39671178864244,-88.90411376953125,34.39784494644986",0.020584,"POLYGON ((-88.90411376953125 34.39784494644986, -88.90548706054688 34.39784494644986, -88.90548706054688 34.39671178864244, -88.90411376953125 34.39671178864244, -88.90411376953125 34.39784494644986))"
032002023320231101,-88.904800415,34.397278368,"-88.90548706054688,34.39671178864244,-88.90411376953125,34.39784494644986",0.032945,"POLYGON ((-88.90411376953125 34.39784494644986, -88.90548706054688 34.39784494644986, -88.90548706054688 34.39671178864244, -88.90411376953125 34.39671178864244, -88.90411376953125 34.39784494644986))"
032002023320231101,-88.904800415,34.397278368,"-88.90548706054688,34.39671178864244,-88.90411376953125,34.39784494644986",0.035343,"POLYGON ((-88.90411376953125 34.39784494644986, -88.90548706054688 34.39784494644986, -88.90548706054688 34.39671178864244, -88.90411376953125 34.39671178864244, -88.90411376953125 34.39784494644986))"
032002023320231101,-88.904800415,34.397278368,"-88.90548706054688,34.39671178864244,-88.90411376953125,34.39784494644986",0.021277,"POLYGON ((-88.90411376953125 34.39784494644986, -88.90548706054688 34.39784494644986, -88.90548706054688 34.39671178864244, -88.90411376953125 34.39671178864244, -88.90411376953125 34.39784494644986))"
032002023320231103,-88.904800415,34.396145202,"-88.90548706054688,34.395578615491694,-88.90411376953125,34.39671178864244",0.022222,"POLYGON ((-88.90411376953125 34.39671178864244, -88.90548706054688 34.39671178864244, -88.90548706054688 34.395578615491694, -88.90411376953125 34.395578615491694, -88.90411376953125 34.39671178864244))"
032002023320231103,-88.904800415,34.396145202,"-88.90548706054688,34.395578615491694,-88.90411376953125,34.39671178864244",0.022121,"POLYGON ((-88.90411376953125 34.39671178864244, -88.90548706054688 34.39671178864244, -88.90548706054688 34.395578615491694, -88.90411376953125 34.395578615491694, -88.90411376953125 34.39671178864244))"
032002023320231103,-88.904800415,34.396145202,"-88.90548706054688,34.395578615491694,-88.90411376953125,34.39671178864244",0.030118,"POLYGON ((-88.90411376953125 34.39671178864244, -88.90548706054688 34.39671178864244, -88.90548706054688 34.395578615491694, -88.90411376953125 34.395578615491694, -88.90411376953125 34.39671178864244))"
032002023320231103,-88.904800415,34.396145202,"-88.90548706054688,34.395578615491694,-88.90411376953125,34.39671178864244",0.022507,"POLYGON ((-88.90411376953125 34.39671178864244, -88.90548706054688 34.39671178864244, -88.90548706054688 34.395578615491694, -88.90411376953125 34.395578615491694, -88.90411376953125 34.39671178864244))"
032002023320231103,-88.9048,34.39615,"-88.90549,34.39558,-88.90411,34.39671",0.024016,"POLYGON ((-88.90411 34.39671, -88.90549 34.39671, -88.90549 34.39558, -88.90411 34.39558, -88.90411 34.39671))"
032002023320231103,-88.904800415,34.396145202,"-88.90548706054688,34.395578615491694,-88.90411376953125,34.39671178864244",0.026785,"POLYGON ((-88.90411376953125 34.39671178864244, -88.90548706054688 34.39671178864244, -88.90548706054688 34.395578615491694, -88.90411376953125 34.395578615491694, -88.90411376953125 34.39671178864244))"
032002023320231103,-88.904800415,34.396145202,"-88.90548706054688,34.395578615491694,-88.90411376953125,34.39671178864244",0.025862,"POLYGON ((-88.90411376953125 34.39671178864244, -88.90548706054688 34.39671178864244, -88.90548706054688 34.395578615491694, -88.90411376953125 34.395578615491694, -88.90411376953125 34.39671178864244))"
032002023320231103,-88.904800415,34.396145202,"-88.90548706054688,34.395578615491694,-88.90411376953125,34.39671178864244",0.021573,"POLYGON ((-88.90411376953125 34.39671178864244, -88.90548706054688 34.39671178864244, -88.90548706054688 34.395578615491694, -88.90411376953125 34.395578615491694, -88.90411376953125 34.39671178864244))"
032002023320231112,-88.903427124,34.396145202,"-88.90411376953125,34.395578615491694,-88.90274047851562,34.39671178864244",0.02946,"POLYGON ((-88.90274047851562 34.39671178864244, -88.90411376953125 34.39671178864244, -88.90411376953125 34.395578615491694, -88.90274047851562 34.395578615491694, -88.90274047851562 34.39671178864244))"
032002023320231112,-88.903427124,34.396145202,"-88.90411376953125,34.395578615491694,-88.90274047851562,34.39671178864244",0.03332,"POLYGON ((-88.90274047851562 34.39671178864244, -88.90411376953125 34.39671178864244, -88.90411376953125 34.395578615491694, -88.90274047851562 34.395578615491694, -88.90274047851562 34.39671178864244))"
032002023320231112,-88.90343,34.39615,"-88.90411,34.39558,-88.90274,34.39671",0.02778,"POLYGON ((-88.90274 34.39671, -88.90411 34.39671, -88.90411 34.39558, -88.90274 34.39558, -88.90274 34.39671))"
032002023320231112,-88.903427124,34.396145202,"-88.90411376953125,34.395578615491694,-88.90274047851562,34.39671178864244",0.023522,"POLYGON ((-88.90274047851562 34.39671178864244, -88.90411376953125 34.39671178864244, -88.90411376953125 34.395578615491694, -88.90274047851562 34.395578615491694, -88.90274047851562 34.39671178864244))"
032002023320231112,-88.903427124,34.396145202,"-88.90411376953125,34.395578615491694,-88.90274047851562,34.39671178864244",0.028293,"POLYGON ((-88.90274047851562 34.39671178864244, -88.90411376953125 34.39671178864244, -88.90411376953125 34.395578615491694, -88.90274047851562 34.395578615491694, -88.90274047851562 34.39671178864244))"
032002023320231112,-88.90343,34.39615,"-88.90411,34.39558,-88.90274,34.39671",0.047283,"POLYGON ((-88.90274 34.39671, -88.90411 34.39671, -88.90411 34.39558, -88.90274 34.39558, -88.90274 34.39671))"
032002023320231112,-88.903427124,34.396145202,"-88.90411376953125,34.395578615491694,-88.90274047851562,34.39671178864244",0.048954,"POLYGON ((-88.90274047851562 34.39671178864244, -88.90411376953125 34.39671178864244, -88.90411376953125 34.395578615491694, -88.90274047851562 34.395578615491694, -88.90274047851562 34.39671178864244))"
032002023320231112,-88.903427124,34.396145202,"-88.90411376953125,34.395578615491694,-88.90274047851562,34.39671178864244",0.043102,"POLYGON ((-88.90274047851562 34.39671178864244, -88.90411376953125 34.39671178864244, -88.90411376953125 34.395578615491694, -88.90274047851562 34.395578615491694, -88.90274047851562 34.39671178864244))"
032002023320231112,-88.903427124,34.396145202,"-88.90411376953125,34.395578615491694,-88.90274047851562,34.39671178864244",0.031879,"POLYGON ((-88.90274047851562 34.39671178864244, -88.90411376953125 34.39671178864244, -88.90411376953125 34.395578615491694, -88.90274047851562 34.395578615491694, -88.90274047851562 34.39671178864244))"
032002023320231112,-88.90343,34.39615,"-88.90411,34.39558,-88.90274,34.39671",0.032801,"POLYGON ((-88.90274 34.39671, -88.90411 34.39671, -88.90411 34.39558, -88.90274 34.39558, -88.90274 34.39671))"
032002023320231112,-88.903427124,34.396145202,"-88.90411376953125,34.395578615491694,-88.90274047851562,34.39671178864244",0.032755,"POLYGON ((-88.90274047851562 34.39671178864244, -88.90411376953125 34.39671178864244, -88.90411376953125 34.395578615491694, -88.90274047851562 34.395578615491694, -88.90274047851562 34.39671178864244))"
032002023320231112,-88.903427124,34.396145202,"-88.90411376953125,34.395578615491694,-88.90274047851562,34.39671178864244",0.04786,"POLYGON ((-88.90274047851562 34.39671178864244, -88.90411376953125 34.39671178864244, -88.90411376953125 34.395578615491694, -88.90274047851562 34.395578615491694, -88.90274047851562 34.39671178864244))"
032002023320231112,-88.903427124,34.396145202,"-88.90411376953125,34.395578615491694,-88.90274047851562,34.39671178864244",0.027727,"POLYGON ((-88.90274047851562 34.39671178864244, -88.90411376953125 34.39671178864244, -88.90411376953125 34.395578615491694, -88.90274047851562 34.395578615491694, -88.90274047851562 34.39671178864244))"
032002023320231112,-88.90343,34.39615,"-88.90411,34.39558,-88.90274,34.39671",0.023629,"POLYGON ((-88.90274 34.39671, -88.90411 34.39671, -88.90411 34.39558, -88.90274 34.39558, -88.90274 34.39671))"
032002023320231112,-88.903427124,34.396145202,"-88.90411376953125,34.395578615491694,-88.90274047851562,34.39671178864244",0.037152,"POLYGON ((-88.90274047851562 34.39671178864244, -88.90411376953125 34.39671178864244, -88.90411376953125 34.395578615491694, -88.90274047851562 34.395578615491694, -88.90274047851562 34.39671178864244))"
032002023320231112,-88.903427124,34.396145202,"-88.90411376953125,34.395578615491694,-88.90274047851562,34.39671178864244",0.040158,"POLYGON ((-88.90274047851562 34.39671178864244, -88.90411376953125 34.39671178864244, -88.90411376953125 34.395578615491694, -88.90274047851562 34.395578615491694, -88.90274047851562 34.39671178864244))"
032002023320231112,-88.90343,34.39615,"-88.90411,34.39558,-88.90274,34.39671",0.041287,"POLYGON ((-88.90274 34.39671, -88.90411 34.39671, -88.90411 34.39558, -88.90274 34.39558, -88.90274 34.39671))"
032002023320231112,-88.903427124,34.396145202,"-88.90411376953125,34.395578615491694,-88.90274047851562,34.39671178864244",0.0199,"POLYGON ((-88.90274047851562 34.39671178864244, -88.90411376953125 34.39671178864244, -88.90411376953125 34.395578615491694, -88.90274047851562 34.395578615491694, -88.90274047851562 34.39671178864244))"
032002023320231112,-88.903427124,34.396145202,"-88.90411376953125,34.395578615491694,-88.90274047851562,34.39671178864244",0.049051,"POLYGON ((-88.90274047851562 34.39671178864244, -88.90411376953125 34.39671178864244, -88.90411376953125 34.395578615491694, -88.90274047851562 34.395578615491694, -88.90274047851562 34.39671178864244))"
032002023320231112,-88.903427124,34.396145202,"-88.90411376953125,34.395578615491694,-88.90274047851562,34.39671178864244",0.03525,"POLYGON ((-88.90274047851562 34.39671178864244, -88.90411376953125 34.39671178864244, -88.90411376953125 34.395578615491694, -88.90274047851562 34.395578615491694, -88.90274047851562 34.39671178864244))"
032002023320231112,-88.903427124,34.396145202,"-88.90411376953125,34.395578615491694,-88.90274047851562,34.39671178864244",0.027955,"POLYGON ((-88.90274047851562 34.39671178864244, -88.90411376953125 34.39671178864244, -88.90411376953125 34.395578615491694, -88.90274047851562 34.395578615491694, -88.90274047851562 34.39671178864244))"
032002023320231112,-88.903427124,34.396145202,"-88.90411376953125,34.395578615491694,-88.90274047851562,34.39671178864244",0.023867,"POLYGON ((-88.90274047851562 34.39671178864244, -88.90411376953125 34.39671178864244, -88.90411376953125 34.395578615491694, -88.90274047851562 34.395578615491694, -88.90274047851562 34.39671178864244))"
032002023320231112,-88.903427124,34.396145202,"-88.90411376953125,34.395578615491694,-88.90274047851562,34.39671178864244",0.022013,"POLYGON ((-88.90274047851562 34.39671178864244, -88.90411376953125 34.39671178864244, -88.90411376953125 34.395578615491694, -88.90274047851562 34.395578615491694, -88.90274047851562 34.39671178864244))"
032002023320231112,-88.903427124,34.396145202,"-88.90411376953125,34.395578615491694,-88.90274047851562,34.39671178864244",0.037092,"POLYGON ((-88.90274047851562 34.39671178864244, -88.90411376953125 34.39671178864244, -88.90411376953125 34.395578615491694, -88.90274047851562 34.395578615491694, -88.90274047851562 34.39671178864244))"
032002023320231112,-88.903427124,34.396145202,"-88.90411376953125,34.395578615491694,-88.90274047851562,34.39671178864244",0.023191,"POLYGON ((-88.90274047851562 34.39671178864244, -88.90411376953125 34.39671178864244, -88.90411376953125 34.395578615491694, -88.90274047851562 34.395578615491694, -88.90274047851562 34.39671178864244))"
032002023320231112,-88.903427124,34.396145202,"-88.90411376953125,34.395578615491694,-88.90274047851562,34.39671178864244",0.039122,"POLYGON ((-88.90274047851562 34.39671178864244, -88.90411376953125 34.39671178864244, -88.90411376953125 34.395578615491694, -88.90274047851562 34.395578615491694, -88.90274047851562 34.39671178864244))"
032002023320231112,-88.903427124,34.396145202,"-88.90411376953125,34.395578615491694,-88.90274047851562,34.39671178864244",0.037582,"POLYGON ((-88.90274047851562 34.39671178864244, -88.90411376953125 34.39671178864244, -88.90411376953125 34.395578615491694, -88.90274047851562 34.395578615491694, -88.90274047851562 34.39671178864244))"
032002023320231112,-88.903427124,34.396145202,"-88.90411376953125,34.395578615491694,-88.90274047851562,34.39671178864244",0.027537,"POLYGON ((-88.90274047851562 34.39671178864244, -88.90411376953125 34.39671178864244, -88.90411376953125 34.395578615491694, -88.90274047851562 34.395578615491694, -88.90274047851562 34.39671178864244))"
032002023320231112,-88.90343,34.39615,"-88.90411,34.39558,-88.90274,34.39671",0.025893,"POLYGON ((-88.90274 34.39671, -88.90411 34.39671, -88.90411 34.39558, -88.90274 34.39558, -88.90274 34.39671))"
032002023320231112,-88.903427124,34.396145202,"-88.90411376953125,34.395578615491694,-88.90274047851562,34.39671178864244",0.028335,"POLYGON ((-88.90274047851562 34.39671178864244, -88.90411376953125 34.39671178864244, -88.90411376953125 34.395578615491694, -88.90274047851562 34.395578615491694, -88.90274047851562 34.39671178864244))"
