GEO,OBJECTID,ID,NAME,ADDRESS,CITY,STATE,ZIP,ZIP4,TELEPHONE,TYPE,STATUS,POPULATION,COUNTY,COUNTYFIPS,COUNTRY,LATITUDE,LONGITUDE,NAICS_CODE,NAICS_DESC,SOURCE,SOURCEDATE,VAL_METHOD,VAL_DATE,WEBSITE,TOT_RES,TOT_STAFF,BEDS,EXCESS_BED,OWNERSHIP,MEDICAIDID,MEDICAREID,STATE_LIC,SOURCETYPE
"{
  ""coordinates"": [
    -8.685033498800000e+01,
    3.351092672000000e+01
  ],
  ""type"": ""Point""
}",636,01368,"OAK KNOLL HEALTH AND REHABILITATION, LLC",824 SIXTH AVENUE WEST,BIRMINGHAM,AL,35204,NOT AVAILABLE,(205) 343-7335,NURSING HOME,OPEN,100,JEFFERSON,01073,USA,33.51092672,-86.850334988,623110,NURSING CARE FACILITIES (SKILLED NURSING FACILITIES),https://www.alabamapublichealth.gov/providerstandards/,6/5/2021,IMAGERY/OTHER,6/5/2021,NOT AVAILABLE,100,-999,100,-999,LIMITED LIABILITY COMPANY,47-5757,01-5117,N3735,NURSING HOME
"{
  ""coordinates"": [
    -8.675114247899999e+01,
    3.475628364400010e+01
  ],
  ""type"": ""Point""
}",640,01302,"MADISON VILLAGE, LLC, THE",6016 WALL TRIANA HWY,MADISON,AL,35758,NOT AVAILABLE,(256) 830-2400,ASSISTED LIVING,OPEN,60,MADISON,01089,USA,34.756283644,-86.751142479,623312,ASSISTED LIVING FACILITIES FOR THE ELDERLY,https://www.alabamapublichealth.gov/providerstandards/,6/5/2021,IMAGERY/OTHER,6/5/2021,NOT AVAILABLE,60,-999,60,-999,NON-PROFIT CORPORATION,NOT AVAILABLE,NOT AVAILABLE,D4518,ASSISTED LIVING FACILITY
"{
  ""coordinates"": [
    -8.758035871200001e+01,
    3.323843518500010e+01
  ],
  ""type"": ""Point""
}",641,01179,FOREST MANOR HEALTH AND REHAB,2215 32ND STREET,NORTHPORT,AL,35476,NOT AVAILABLE,(205) 339-5400,NURSING HOME,OPEN,182,TUSCALOOSA,01125,USA,33.238435185,-87.580358712,623110,NURSING CARE FACILITIES (SKILLED NURSING FACILITIES),https://www.alabamapublichealth.gov/providerstandards/,6/5/2021,IMAGERY/OTHER,6/5/2021,NOT AVAILABLE,182,-999,182,-999,CORPORATION,47-5472,01-5143,N6306,NURSING HOME
"{
  ""coordinates"": [
    -8.740127200000001e+01,
    3.417026100000000e+01
  ],
  ""type"": ""Point""
}",642,01244,HENDRIX HEALTH AND REHABILITATION,1000 HIGHWAY 33,DOUBLE SPRINGS,AL,35553,NOT AVAILABLE,(205) 343-7335,NURSING HOME,OPEN,110,WINSTON,01133,USA,34.170261,-87.401272,623110,NURSING CARE FACILITIES (SKILLED NURSING FACILITIES),https://www.alabamapublichealth.gov/providerstandards/,6/5/2021,IMAGERY/OTHER,6/11/2021,NOT AVAILABLE,110,-999,110,-999,CORPORATION,47-5734,01-5138,N6702,NURSING HOME
"{
  ""coordinates"": [
    -8.730690460999990e+01,
    3.263113363500000e+01
  ],
  ""type"": ""Point""
}",647,01393,PERRY COUNTY NURSING HOME,505 EAST LAFAYETTE STREET,MARION,AL,36756,NOT AVAILABLE,(334) 683-9696,NURSING HOME,OPEN,71,PERRY,01105,USA,32.631133635,-87.30690461,623110,NURSING CARE FACILITIES (SKILLED NURSING FACILITIES),https://www.alabamapublichealth.gov/providerstandards/,6/5/2021,IMAGERY/OTHER,6/5/2021,NOT AVAILABLE,71,-999,71,-999,COUNTY,47-5314,01-5158,N5301,NURSING HOME
"{
  ""coordinates"": [
    -8.703309127199999e+01,
    3.332173735300010e+01
  ],
  ""type"": ""Point""
}",648,01400,PLANTATION MANOR ASSISTED LIVING II,6440 OLD TUSCALOOSA HIGHWAY,MCCALLA,AL,35111,NOT AVAILABLE,(205) 477-6161,ASSISTED LIVING,OPEN,16,JEFFERSON,01073,USA,33.321737353,-87.033091272,623312,ASSISTED LIVING FACILITIES FOR THE ELDERLY,https://www.alabamapublichealth.gov/providerstandards/,6/5/2021,IMAGERY/OTHER,6/5/2021,NOT AVAILABLE,16,-999,16,-999,LIMITED LIABILITY COMPANY,NOT AVAILABLE,NOT AVAILABLE,P3716,ASSISTED LIVING FACILITY (SPECIALTY CARE)
"{
  ""coordinates"": [
    -8.763244170099991e+01,
    3.483267447800010e+01
  ],
  ""type"": ""Point""
}",650,01252,HILLTOP AT GLENWOOD I (SCALF),213 ANA DRIVE,FLORENCE,AL,35630,NOT AVAILABLE,(256) 767-2510,ASSISTED LIVING,OPEN,16,LAUDERDALE,01077,USA,34.832674478,-87.632441701,623312,ASSISTED LIVING FACILITIES FOR THE ELDERLY,https://www.alabamapublichealth.gov/providerstandards/,6/5/2021,IMAGERY/OTHER,6/5/2021,NOT AVAILABLE,16,-999,16,-999,LIMITED LIABILITY COMPANY,NOT AVAILABLE,NOT AVAILABLE,P3904,ASSISTED LIVING FACILITY (SPECIALTY CARE)
"{
  ""coordinates"": [
    -8.806567390799999e+01,
    3.068216448300010e+01
  ],
  ""type"": ""Point""
}",652,01354,MURRAY HOUSE,1257 GOVERNMENT STREET,MOBILE,AL,36604,NOT AVAILABLE,(251) 432-2272,ASSISTED LIVING,OPEN,64,MOBILE,01097,USA,30.682164483,-88.065673908,623312,ASSISTED LIVING FACILITIES FOR THE ELDERLY,https://www.alabamapublichealth.gov/providerstandards/,6/5/2021,IMAGERY/OTHER,6/5/2021,NOT AVAILABLE,64,-999,64,-999,NON-PROFIT CORPORATION,NOT AVAILABLE,NOT AVAILABLE,D4938,ASSISTED LIVING FACILITY
"{
  ""coordinates"": [
    -8.684293465899999e+01,
    3.343790299900010e+01
  ],
  ""type"": ""Point""
}",653,01412,REGENCY RETIREMENT VILLAGE,285 WEST OXMOOR ROAD,BIRMINGHAM,AL,35209,NOT AVAILABLE,(205) 957-3355,ASSISTED LIVING,OPEN,48,JEFFERSON,01073,USA,33.437902999,-86.842934659,623312,ASSISTED LIVING FACILITIES FOR THE ELDERLY,https://www.alabamapublichealth.gov/providerstandards/,6/5/2021,IMAGERY/OTHER,6/5/2021,https://www.regencybirmingham.com/,48,-999,48,-999,LIMITED LIABILITY COMPANY,NOT AVAILABLE,NOT AVAILABLE,D3777,ASSISTED LIVING FACILITY
"{
  ""coordinates"": [
    -8.769396853300000e+01,
    3.490356805600000e+01
  ],
  ""type"": ""Point""
}",655,01219,GREEN OAKS INN - PEPPER HOUSE,140 PEPPER LANE,FLORENCE,AL,35633,NOT AVAILABLE,(256) 767-2080,ASSISTED LIVING,OPEN,16,LAUDERDALE,01077,USA,34.903568056,-87.693968533,623312,ASSISTED LIVING FACILITIES FOR THE ELDERLY,https://www.alabamapublichealth.gov/providerstandards/,6/5/2021,IMAGERY/OTHER,6/5/2021,NOT AVAILABLE,16,-999,16,-999,CORPORATION,NOT AVAILABLE,NOT AVAILABLE,P3903,ASSISTED LIVING FACILITY (SPECIALTY CARE)
"{
  ""coordinates"": [
    -8.676193490000000e+01,
    3.389673845800010e+01
  ],
  ""type"": ""Point""
}",656,01265,LEGACY WOODS I,101 JACOBS LANE,HAYDEN,AL,35079,NOT AVAILABLE,(205) 647-7410,ASSISTED LIVING,OPEN,16,BLOUNT,01009,USA,33.896738458,-86.7619349,623312,ASSISTED LIVING FACILITIES FOR THE ELDERLY,https://www.alabamapublichealth.gov/providerstandards/,6/5/2021,IMAGERY/OTHER,6/5/2021,NOT AVAILABLE,16,-999,16,-999,CORPORATION,NOT AVAILABLE,NOT AVAILABLE,D0501,ASSISTED LIVING FACILITY
"{
  ""coordinates"": [
    -8.686923525700000e+01,
    3.355990726200000e+01
  ],
  ""type"": ""Point""
}",657,0188,CHERRY HILL REHABILITATION & HEALTHCARE CENTER,1250 JEFF GERMANY PARKWAY,BIRMINGHAM,AL,35214,4484,(205) 796-0214,NURSING HOME,OPEN,117,JEFFERSON,01073,USA,33.559907262,-86.869235257,623110,NURSING CARE FACILITIES (SKILLED NURSING FACILITIES),https://www.alabamapublichealth.gov/providerstandards/,6/5/2021,IMAGERY/OTHER,6/5/2021,NOT AVAILABLE,117,-999,117,-999,CORPORATION,47-58100S,01-5445,N3747,NURSING HOME
"{
  ""coordinates"": [
    -8.813207855600000e+01,
    3.068669951100000e+01
  ],
  ""type"": ""Point""
}",661,01137,CROWNE PLACE ASSISTED LIVING,3720 DAUPHIN STREET,MOBILE,AL,36608,NOT AVAILABLE,(251) 344-3866,ASSISTED LIVING,OPEN,80,MOBILE,01097,USA,30.686699511,-88.132078556,623312,ASSISTED LIVING FACILITIES FOR THE ELDERLY,https://www.alabamapublichealth.gov/providerstandards/,6/5/2021,IMAGERY/OTHER,6/5/2021,NOT AVAILABLE,80,-999,80,-999,LIMITED LIABILITY COMPANY,NOT AVAILABLE,NOT AVAILABLE,D4902,ASSISTED LIVING FACILITY
"{
  ""coordinates"": [
    -8.757835535600000e+01,
    3.323823861100000e+01
  ],
  ""type"": ""Point""
}",662,01313,MARTINVIEW ASSISTED LIVING-WEST,2015 32ND STREET,NORTHPORT,AL,35476,NOT AVAILABLE,(205) 343-7335,ASSISTED LIVING,OPEN,16,TUSCALOOSA,01125,USA,33.238238611,-87.578355356,623312,ASSISTED LIVING FACILITIES FOR THE ELDERLY,https://www.alabamapublichealth.gov/providerstandards/,6/5/2021,IMAGERY/OTHER,6/5/2021,NOT AVAILABLE,16,-999,16,-999,LIMITED LIABILITY COMPANY,NOT AVAILABLE,NOT AVAILABLE,D6310,ASSISTED LIVING FACILITY
"{
  ""coordinates"": [
    -8.678824600000000e+01,
    3.471770000000000e+01
  ],
  ""type"": ""Point""
}",664,01248,HERITAGE MEMORY CARE,11682 COUNTY LINE ROAD,MADISON,AL,35756,NOT AVAILABLE,(256) 325-3060,ASSISTED LIVING,OPEN,16,LIMESTONE,01083,USA,34.7177,-86.788246,623312,ASSISTED LIVING FACILITIES FOR THE ELDERLY,https://www.alabamapublichealth.gov/providerstandards/,6/5/2021,IMAGERY/OTHER,6/5/2021,NOT AVAILABLE,16,-999,16,-999,LIMITED LIABILITY COMPANY,NOT AVAILABLE,NOT AVAILABLE,P4203,ASSISTED LIVING FACILITY (SPECIALTY CARE)
"{
  ""coordinates"": [
    -8.678868943299990e+01,
    3.337762606500010e+01
  ],
  ""type"": ""Point""
}",668,01553,DIVERSICARE OF RIVERCHASE,2500 RIVERHAVEN DRIVE,BIRMINGHAM,AL,35244,NOT AVAILABLE,(205) 987-0901,NURSING HOME,OPEN,132,JEFFERSON,01073,USA,33.377626065,-86.788689433,623110,NURSING CARE FACILITIES (SKILLED NURSING FACILITIES),https://www.alabamapublichealth.gov/providerstandards/,6/5/2021,IMAGERY/OTHER,6/5/2021,NOT AVAILABLE,132,-999,132,-999,LIMITED LIABILITY COMPANY,47-5738,01-5145,N3739,NURSING HOME
"{
  ""coordinates"": [
    -8.730454444400000e+01,
    3.200571641900010e+01
  ],
  ""type"": ""Point""
}",669,0169,"CAMDEN NURSING FACILITY, INC.",550 PONDEROSA DRIVE,CAMDEN,AL,36726,NOT AVAILABLE,(334) 682-4231,NURSING HOME,OPEN,95,WILCOX,01131,USA,32.005716419,-87.304544444,623110,NURSING CARE FACILITIES (SKILLED NURSING FACILITIES),https://www.alabamapublichealth.gov/providerstandards/,6/5/2021,IMAGERY/OTHER,6/5/2021,NOT AVAILABLE,95,-999,95,-999,CORPORATION,47-5717,01-5374,N6601,NURSING HOME
"{
  ""coordinates"": [
    -8.752089800000000e+01,
    3.388863700000010e+01
  ],
  ""type"": ""Point""
}",671,01492,"WALKER REHABILITATION CENTER, INC.",350 NORTHEAST 4TH STREET,CARBON HILL,AL,35549,NOT AVAILABLE,(205) 486-2558,NURSING HOME,OPEN,59,WALKER,01127,USA,33.888637,-87.520898,623110,NURSING CARE FACILITIES (SKILLED NURSING FACILITIES),https://www.alabamapublichealth.gov/providerstandards/,6/5/2021,IMAGERY/OTHER,6/11/2021,NOT AVAILABLE,59,-999,59,-999,CORPORATION,47-5650,01-5408,N6403,NURSING HOME
"{
  ""coordinates"": [
    -8.782467210999990e+01,
    3.064602121500010e+01
  ],
  ""type"": ""Point""
}",672,0144,"BLAKE AT MALBIS, THE",11626 US HIGHWAY 90,DAPHNE,AL,36526,NOT AVAILABLE,(251) 625-6400,ASSISTED LIVING,OPEN,80,BALDWIN,01003,USA,30.646021215,-87.82467211,623312,ASSISTED LIVING FACILITIES FOR THE ELDERLY,https://www.alabamapublichealth.gov/providerstandards/,6/5/2021,IMAGERY/OTHER,6/5/2021,NOT AVAILABLE,80,-999,80,-999,LIMITED LIABILITY COMPANY,NOT AVAILABLE,NOT AVAILABLE,D0221,ASSISTED LIVING FACILITY
"{
  ""coordinates"": [
    -8.819221528799990e+01,
    3.061925066700010e+01
  ],
  ""type"": ""Point""
}",675,01160,ELMCROFT OF HERITAGE WOODS,3440 HILLCREST ROAD,MOBILE,AL,36695,NOT AVAILABLE,(251) 665-9194,ASSISTED LIVING,OPEN,89,MOBILE,01097,USA,30.619250667,-88.192215288,623312,ASSISTED LIVING FACILITIES FOR THE ELDERLY,https://www.alabamapublichealth.gov/providerstandards/,6/5/2021,IMAGERY/OTHER,6/5/2021,NOT AVAILABLE,89,-999,89,-999,LIMITED LIABILITY COMPANY,NOT AVAILABLE,NOT AVAILABLE,D4947,ASSISTED LIVING FACILITY
"{
  ""coordinates"": [
    -8.817310095399991e+01,
    3.062497763800010e+01
  ],
  ""type"": ""Point""
}",676,01212,GORDON OAKS ASSISTED LIVING COMMUNITY,3145 KNOLLWOOD DRIVE,MOBILE,AL,36693,NOT AVAILABLE,(251) 661-7600,ASSISTED LIVING,OPEN,60,MOBILE,01097,USA,30.624977638,-88.173100954,623312,ASSISTED LIVING FACILITIES FOR THE ELDERLY,https://www.alabamapublichealth.gov/providerstandards/,6/5/2021,IMAGERY/OTHER,6/5/2021,NOT AVAILABLE,60,-999,60,-999,LIMITED LIABILITY COMPANY,NOT AVAILABLE,NOT AVAILABLE,D4916,ASSISTED LIVING FACILITY
"{
  ""coordinates"": [
    -8.767967523599999e+01,
    3.479994720100010e+01
  ],
  ""type"": ""Point""
}",678,01270,KEESTONE OF FLORENCE,201 NORTH CEDAR STREET,FLORENCE,AL,35630,NOT AVAILABLE,(256) 767-7676,ASSISTED LIVING,OPEN,43,LAUDERDALE,01077,USA,34.799947201,-87.679675236,623312,ASSISTED LIVING FACILITIES FOR THE ELDERLY,https://www.alabamapublichealth.gov/providerstandards/,6/5/2021,IMAGERY/OTHER,6/5/2021,NOT AVAILABLE,43,-999,43,-999,LIMITED LIABILITY COMPANY,NOT AVAILABLE,NOT AVAILABLE,D3904,ASSISTED LIVING FACILITY
"{
  ""coordinates"": [
    -8.678952426300000e+01,
    3.335951367100010e+01
  ],
  ""type"": ""Point""
}",679,01346,MORNINGSIDE OF RIVERCHASE,2184 PARKWAY LAKE DR.,BIRMINGHAM,AL,35244,NOT AVAILABLE,(205) 403-7400,ASSISTED LIVING,OPEN,38,SHELBY,01117,USA,33.359513671,-86.789524263,623312,ASSISTED LIVING FACILITIES FOR THE ELDERLY,https://www.alabamapublichealth.gov/providerstandards/,6/5/2021,IMAGERY/OTHER,6/5/2021,NOT AVAILABLE,38,-999,38,-999,LIMITED LIABILITY COMPANY,NOT AVAILABLE,NOT AVAILABLE,D5917,ASSISTED LIVING FACILITY
"{
  ""coordinates"": [
    -8.763245597799990e+01,
    3.483281724500010e+01
  ],
  ""type"": ""Point""
}",684,01197,GLENWOOD CENTER,211 ANA DRIVE,FLORENCE,AL,35630,NOT AVAILABLE,(256) 766-8963,NURSING HOME,OPEN,125,LAUDERDALE,01077,USA,34.832817245,-87.632455978,623110,NURSING CARE FACILITIES (SKILLED NURSING FACILITIES),https://www.alabamapublichealth.gov/providerstandards/,6/5/2021,IMAGERY/OTHER,6/5/2021,NOT AVAILABLE,125,-999,125,-999,LIMITED LIABILITY COMPANY,47-5122,01-5147,N3905,NURSING HOME
"{
  ""coordinates"": [
    -8.752589199999990e+01,
    3.311600500000000e+01
  ],
  ""type"": ""Point""
}",687,01541,"DAFFODIL HOUSE ASSISTED LIVING, LLC",12650 OLD MARION ROAD,TUSCALOOSA,AL,35405,NOT AVAILABLE,(205) 342-0573,ASSISTED LIVING,OPEN,3,TUSCALOOSA,01125,USA,33.116005,-87.525892,623312,ASSISTED LIVING FACILITIES FOR THE ELDERLY,https://www.alabamapublichealth.gov/providerstandards/,6/5/2021,IMAGERY/OTHER,6/11/2021,NOT AVAILABLE,3,-999,3,-999,LIMITED LIABILITY COMPANY,NOT AVAILABLE,NOT AVAILABLE,D6317,ASSISTED LIVING FACILITY
"{
  ""coordinates"": [
    -8.836885700000001e+01,
    3.047198700000010e+01
  ],
  ""type"": ""Point""
}",690,01215,"GRAND BAY CONVALESCENT HOME, INC.",13750 HIGHWAY 90 WEST,GRAND BAY,AL,36541,NOT AVAILABLE,(251) 865-6443,NURSING HOME,OPEN,92,MOBILE,01097,USA,30.471987,-88.368857,623110,NURSING CARE FACILITIES (SKILLED NURSING FACILITIES),https://www.alabamapublichealth.gov/providerstandards/,6/5/2021,IMAGERY/OTHER,6/5/2021,NOT AVAILABLE,92,-999,92,-999,CORPORATION,47-5211,01-5406,N4904,NURSING HOME
"{
  ""coordinates"": [
    -8.813051380800000e+01,
    3.076203780100010e+01
  ],
  ""type"": ""Point""
}",693,01362,NORTH MOBILE NURSING AND REHABILITATION CENTER,4525 ST. STEPHENS ROAD,EIGHT MILE,AL,36613,NOT AVAILABLE,(251) 452-0996,NURSING HOME,OPEN,172,MOBILE,01097,USA,30.762037801,-88.130513808,623110,NURSING CARE FACILITIES (SKILLED NURSING FACILITIES),https://www.alabamapublichealth.gov/providerstandards/,6/5/2021,IMAGERY/OTHER,6/5/2021,NOT AVAILABLE,172,-999,172,-999,LIMITED LIABILITY COMPANY,47-5733,01-5183,N4912,NURSING HOME
"{
  ""coordinates"": [
    -8.784867180799991e+01,
    3.066022993700010e+01
  ],
  ""type"": ""Point""
}",695,0135,BALDWIN HOUSE,10171 PAPA GEORGE STREET,DAPHNE,AL,36526,NOT AVAILABLE,(251) 621-1717,ASSISTED LIVING,OPEN,44,BALDWIN,01003,USA,30.660229937,-87.848671808,623312,ASSISTED LIVING FACILITIES FOR THE ELDERLY,https://www.alabamapublichealth.gov/providerstandards/,6/5/2021,IMAGERY/OTHER,6/5/2021,NOT AVAILABLE,44,-999,44,-999,LIMITED LIABILITY COMPANY,NOT AVAILABLE,NOT AVAILABLE,D0220,ASSISTED LIVING FACILITY
"{
  ""coordinates"": [
    -8.703697748000000e+01,
    3.458553739900000e+01
  ],
  ""type"": ""Point""
}",696,01106,COUNTRY COTTAGE-DECATUR-MAGNOLIA,"2515 OLD MOULTON ROAD, SW",DECATUR,AL,35603,NOT AVAILABLE,(256) 301-1800,ASSISTED LIVING,OPEN,16,MORGAN,01103,USA,34.585537399,-87.03697748,623312,ASSISTED LIVING FACILITIES FOR THE ELDERLY,https://www.alabamapublichealth.gov/providerstandards/,6/5/2021,IMAGERY/OTHER,6/5/2021,NOT AVAILABLE,16,-999,16,-999,CORPORATION,NOT AVAILABLE,NOT AVAILABLE,D5204,ASSISTED LIVING FACILITY
"{
  ""coordinates"": [
    -8.752873740699989e+01,
    3.321098747700010e+01
  ],
  ""type"": ""Point""
}",699,01481,TRADITIONS WAY,515 ROGER SAYERS DRIVE,TUSCALOOSA,AL,35401,NOT AVAILABLE,(205) 347-0062,ASSISTED LIVING,OPEN,16,TUSCALOOSA,01125,USA,33.210987477,-87.528737407,623312,ASSISTED LIVING FACILITIES FOR THE ELDERLY,https://www.alabamapublichealth.gov/providerstandards/,6/5/2021,IMAGERY/OTHER,6/5/2021,NOT AVAILABLE,16,-999,16,-999,CORPORATION,NOT AVAILABLE,NOT AVAILABLE,P6304,ASSISTED LIVING FACILITY (SPECIALTY CARE)
"{
  ""coordinates"": [
    -8.675070507299991e+01,
    3.475489450900010e+01
  ],
  ""type"": ""Point""
}",701,01486,"VALLEY VIEW HEALTH AND REHABILITATION, LLC",5968 WALL TRIANA HIGHWAY,MADISON,AL,35757,NOT AVAILABLE,(205) 343-7335,NURSING HOME,OPEN,155,MADISON,01089,USA,34.754894509,-86.750705073,623110,NURSING CARE FACILITIES (SKILLED NURSING FACILITIES),https://www.alabamapublichealth.gov/providerstandards/,6/5/2021,IMAGERY/OTHER,6/5/2021,NOT AVAILABLE,155,-999,155,-999,LIMITED LIABILITY COMPANY,47-5798,01-5431,N4509,NURSING HOME
"{
  ""coordinates"": [
    -8.810290258200000e+01,
    3.065232771300000e+01
  ],
  ""type"": ""Point""
}",704,01134,CROWNE HEALTH CARE OF MOBILE,954 NAVCO ROAD,MOBILE,AL,36605,NOT AVAILABLE,(251) 473-8684,NURSING HOME,OPEN,148,MOBILE,01097,USA,30.652327713,-88.102902582,623110,NURSING CARE FACILITIES (SKILLED NURSING FACILITIES),https://www.alabamapublichealth.gov/providerstandards/,6/5/2021,IMAGERY/OTHER,6/5/2021,NOT AVAILABLE,148,-999,148,-999,LIMITED LIABILITY COMPANY,47-5446,01-5100,N4905,NURSING HOME
"{
  ""coordinates"": [
    -8.786802897599991e+01,
    3.062380047500010e+01
  ],
  ""type"": ""Point""
}",706,0147,"BRENNITY AT DAPHNE AL, THE",27440 COUNTY ROAD 13,DAPHNE,AL,36526,NOT AVAILABLE,(251) 626-9000,ASSISTED LIVING,OPEN,92,BALDWIN,01003,USA,30.623800475,-87.868028976,623312,ASSISTED LIVING FACILITIES FOR THE ELDERLY,https://www.alabamapublichealth.gov/providerstandards/,6/5/2021,IMAGERY/OTHER,6/5/2021,NOT AVAILABLE,92,-999,92,-999,LIMITED LIABILITY COMPANY,NOT AVAILABLE,NOT AVAILABLE,D0217,ASSISTED LIVING FACILITY
"{
  ""coordinates"": [
    -8.679509871499990e+01,
    3.337365461400000e+01
  ],
  ""type"": ""Point""
}",707,01420,"TRUEWOOD BY MERRILL, RIVERCHASE ALF",1851 DATA DRIVE,HOOVER,AL,35244,NOT AVAILABLE,(205) 982-7000,ASSISTED LIVING,OPEN,101,JEFFERSON,01073,USA,33.373654614,-86.795098715,623312,ASSISTED LIVING FACILITIES FOR THE ELDERLY,https://www.alabamapublichealth.gov/providerstandards/,6/5/2021,IMAGERY/OTHER,6/5/2021,NOT AVAILABLE,101,-999,101,-999,CORPORATION,NOT AVAILABLE,NOT AVAILABLE,D3771,ASSISTED LIVING FACILITY
"{
  ""coordinates"": [
    -8.679706585299991e+01,
    3.334231046900000e+01
  ],
  ""type"": ""Point""
}",709,01188,GARDENS OF PELHAM,2124 OLD MONTGOMERY HIGHWAY,PELHAM,AL,35124,NOT AVAILABLE,(205) 402-9922,ASSISTED LIVING,OPEN,16,SHELBY,01117,USA,33.342310469,-86.797065853,623312,ASSISTED LIVING FACILITIES FOR THE ELDERLY,https://www.alabamapublichealth.gov/providerstandards/,6/5/2021,IMAGERY/OTHER,6/5/2021,NOT AVAILABLE,16,-999,16,-999,LIMITED LIABILITY COMPANY,NOT AVAILABLE,NOT AVAILABLE,D5916,ASSISTED LIVING FACILITY
"{
  ""coordinates"": [
    -8.720534243400000e+01,
    3.386339604900010e+01
  ],
  ""type"": ""Point""
}",711,01465,SUNRISE MANOR II,1609 SUNRISE ROAD,JASPER,AL,35504,NOT AVAILABLE,(205) 387-7400,ASSISTED LIVING,OPEN,16,WALKER,01127,USA,33.863396049,-87.205342434,623312,ASSISTED LIVING FACILITIES FOR THE ELDERLY,https://www.alabamapublichealth.gov/providerstandards/,6/5/2021,IMAGERY/OTHER,6/5/2021,NOT AVAILABLE,16,-999,16,-999,CORPORATION,NOT AVAILABLE,NOT AVAILABLE,D6411,ASSISTED LIVING FACILITY
"{
  ""coordinates"": [
    -8.678568489000000e+01,
    3.339013317700010e+01
  ],
  ""type"": ""Point""
}",712,01255,HOLLY COTTAGE AT COUNTRY COTTAGES,4000 GREENWOOD DRIVE,HOOVER,AL,35216,NOT AVAILABLE,(205) 987-0847,ASSISTED LIVING,OPEN,16,JEFFERSON,01073,USA,33.390133177,-86.78568489,623312,ASSISTED LIVING FACILITIES FOR THE ELDERLY,https://www.alabamapublichealth.gov/providerstandards/,6/5/2021,IMAGERY/OTHER,6/5/2021,NOT AVAILABLE,16,-999,16,-999,LIMITED LIABILITY COMPANY,NOT AVAILABLE,NOT AVAILABLE,P3702,ASSISTED LIVING FACILITY (SPECIALTY CARE)
"{
  ""coordinates"": [
    -8.816940606799990e+01,
    3.313449013000010e+01
  ],
  ""type"": ""Point""
}",717,014,ALICEVILLE MANOR NURSING HOME,"703 SEVENTEENTH STREET, NORTHWEST",ALICEVILLE,AL,35442,NOT AVAILABLE,(205) 373-6307,NURSING HOME,OPEN,100,PICKENS,01107,USA,33.13449013,-88.169406068,623110,NURSING CARE FACILITIES (SKILLED NURSING FACILITIES),https://www.alabamapublichealth.gov/providerstandards/,6/5/2021,IMAGERY/OTHER,6/5/2021,NOT AVAILABLE,100,-999,100,-999,CORPORATION,47-5461,01-5137,N5402,NURSING HOME
"{
  ""coordinates"": [
    -8.679777000000000e+01,
    3.345746500000000e+01
  ],
  ""type"": ""Point""
}",719,0162,BROOKDALE UNIVERSITY PARK SNF (AL),501 UNIVERSITY PARK DRIVE,BIRMINGHAM,AL,35209,NOT AVAILABLE,(205) 933-1828,NURSING HOME,OPEN,66,JEFFERSON,01073,USA,33.457465,-86.79777,623110,NURSING CARE FACILITIES (SKILLED NURSING FACILITIES),https://www.alabamapublichealth.gov/providerstandards/,6/5/2021,IMAGERY/OTHER,6/5/2021,NOT AVAILABLE,66,-999,66,-999,LIMITED LIABILITY COMPANY,NOT AVAILABLE,01-5423,N3710,NURSING HOME
"{
  ""coordinates"": [
    -8.681026600000000e+01,
    3.353376600000000e+01
  ],
  ""type"": ""Point""
}",720,0190,"CIVIC CENTER HEALTH AND REHABILITATION, LLC",1201 NORTH 22ND STREET,BIRMINGHAM,AL,35234,NOT AVAILABLE,(205) 343-7335,NURSING HOME,OPEN,95,JEFFERSON,01073,USA,33.533766,-86.810266,623110,NURSING CARE FACILITIES (SKILLED NURSING FACILITIES),https://www.alabamapublichealth.gov/providerstandards/,6/5/2021,IMAGERY/OTHER,6/5/2021,NOT AVAILABLE,95,-999,95,-999,LIMITED LIABILITY COMPANY,47-5759,01-5109,N3703,NURSING HOME
"{
  ""coordinates"": [
    -8.827829499900000e+01,
    3.250537004300000e+01
  ],
  ""type"": ""Point""
}",724,01463,SUMTER ASSISTED LIVING FACILITY,1505 EAST 4TH AVENUE,YORK,AL,36925,NOT AVAILABLE,(205) 343-7335,ASSISTED LIVING,OPEN,12,SUMTER,01119,USA,32.505370043,-88.278294999,623312,ASSISTED LIVING FACILITIES FOR THE ELDERLY,https://www.alabamapublichealth.gov/providerstandards/,6/5/2021,IMAGERY/OTHER,6/5/2021,NOT AVAILABLE,12,-999,12,-999,LIMITED LIABILITY COMPANY,NOT AVAILABLE,NOT AVAILABLE,D6001,ASSISTED LIVING FACILITY
"{
  ""coordinates"": [
    -8.752797731699999e+01,
    3.491345787600010e+01
  ],
  ""type"": ""Point""
}",727,01288,LAUDERDALE CHRISTIAN NURSING HOME,2019 COUNTY ROAD 394,KILLEN,AL,35645,NOT AVAILABLE,(256) 757-2103,NURSING HOME,OPEN,58,LAUDERDALE,01077,USA,34.913457876,-87.527977317,623110,NURSING CARE FACILITIES (SKILLED NURSING FACILITIES),https://www.alabamapublichealth.gov/providerstandards/,6/5/2021,IMAGERY/OTHER,6/5/2021,NOT AVAILABLE,58,-999,58,-999,NON-PROFIT CORPORATION,47-5361,01-5361,N3902,NURSING HOME
"{
  ""coordinates"": [
    -8.773632899300000e+01,
    3.451470288600010e+01
  ],
  ""type"": ""Point""
}",728,0167,"BURNS NURSING HOME, INC.","701 MONROE STREET, NORTHWEST",RUSSELLVILLE,AL,35653,NOT AVAILABLE,(256) 332-4110,NURSING HOME,OPEN,57,FRANKLIN,01059,USA,34.514702886,-87.736328993,623110,NURSING CARE FACILITIES (SKILLED NURSING FACILITIES),https://www.alabamapublichealth.gov/providerstandards/,6/5/2021,IMAGERY/OTHER,6/5/2021,NOT AVAILABLE,57,-999,57,-999,CORPORATION,47-5009,01-5009,N3001,NURSING HOME
"{
  ""coordinates"": [
    -8.684785949799991e+01,
    3.419198454600010e+01
  ],
  ""type"": ""Point""
}",729,01138,CULLMAN HEALTH CARE CENTER,"1607 MAIN AVENUE, N.E.",CULLMAN,AL,35056,NOT AVAILABLE,(256) 734-8745,NURSING HOME,OPEN,95,CULLMAN,01043,USA,34.191984546,-86.847859498,623110,NURSING CARE FACILITIES (SKILLED NURSING FACILITIES),https://www.alabamapublichealth.gov/providerstandards/,6/5/2021,IMAGERY/OTHER,6/5/2021,NOT AVAILABLE,95,-999,95,-999,CORPORATION,47-5503,01-5048,N2201,NURSING HOME
"{
  ""coordinates"": [
    -8.727942922400000e+01,
    3.385094751400000e+01
  ],
  ""type"": ""Point""
}",731,01417,"RIDGEWOOD HEALTH SERVICES, INC.",201 OAKHILL ROAD,JASPER,AL,35504,NOT AVAILABLE,(205) 221-9111,NURSING HOME,OPEN,98,WALKER,01127,USA,33.850947514,-87.279429224,623110,NURSING CARE FACILITIES (SKILLED NURSING FACILITIES),https://www.alabamapublichealth.gov/providerstandards/,6/5/2021,IMAGERY/OTHER,6/5/2021,NOT AVAILABLE,98,-999,98,-999,CORPORATION,47-5501,01-5315,N6402,NURSING HOME
"{
  ""coordinates"": [
    -8.813441140099999e+01,
    3.069906996000000e+01
  ],
  ""type"": ""Point""
}",732,01453,SPRING HILL MANOR NURSING HOME,3900 OLD SHELL ROAD,MOBILE,AL,36608,NOT AVAILABLE,(251) 342-5623,NURSING HOME,OPEN,34,MOBILE,01097,USA,30.69906996,-88.134411401,623110,NURSING CARE FACILITIES (SKILLED NURSING FACILITIES),https://www.alabamapublichealth.gov/providerstandards/,6/5/2021,IMAGERY/OTHER,6/5/2021,NOT AVAILABLE,34,-999,34,-999,CORPORATION,47-5232,01-5415,N4911,NURSING HOME
"{
  ""coordinates"": [
    -8.727947399999989e+01,
    3.382613900000000e+01
  ],
  ""type"": ""Point""
}",733,01436,SHADESCREST HEALTH CARE CENTER,"331 25TH STREET, WEST",JASPER,AL,35501,NOT AVAILABLE,(205) 384-9086,NURSING HOME,OPEN,107,WALKER,01127,USA,33.826139,-87.279474,623110,NURSING CARE FACILITIES (SKILLED NURSING FACILITIES),https://www.alabamapublichealth.gov/providerstandards/,6/5/2021,IMAGERY/OTHER,6/5/2021,NOT AVAILABLE,107,-999,107,-999,CORPORATION,47-5401,01-5114,N6405,NURSING HOME
"{
  ""coordinates"": [
    -8.823511300000000e+01,
    3.145923620000010e+01
  ],
  ""type"": ""Point""
}",735,01494,WASHINGTON COUNTY NURSING HOME,14600 ST. STEPHENS AVENUE,CHATOM,AL,36518,NOT AVAILABLE,(251) 847-2223,NURSING HOME,OPEN,88,WASHINGTON,01129,USA,31.4592362,-88.235113,623110,NURSING CARE FACILITIES (SKILLED NURSING FACILITIES),https://www.alabamapublichealth.gov/providerstandards/,6/5/2021,IMAGERY/OTHER,6/5/2021,http://www.washingtoncountyhospital.net/,88,-999,88,-999,COUNTY,47-5442,01-5123,N6501,NURSING HOME
"{
  ""coordinates"": [
    -8.757972954600000e+01,
    3.323948252000000e+01
  ],
  ""type"": ""Point""
}",736,01389,"PARK MANOR HEALTH AND REHABILITATION, LLC",2201 MCFARLAND BOULEVARD,NORTHPORT,AL,35476,NOT AVAILABLE,(205) 343-7335,NURSING HOME,OPEN,152,TUSCALOOSA,01125,USA,33.23948252,-87.579729546,623110,NURSING CARE FACILITIES (SKILLED NURSING FACILITIES),https://www.alabamapublichealth.gov/providerstandards/,6/5/2021,IMAGERY/OTHER,6/5/2021,NOT AVAILABLE,152,-999,152,-999,LIMITED LIABILITY COMPANY,47-5709,01-5326,N6303,NURSING HOME
"{
  ""coordinates"": [
    -8.771833424499989e+01,
    3.451079246800000e+01
  ],
  ""type"": ""Point""
}",737,01429,"RUSSELLVILLE HEALTH CARE, INC.",705 NORTHEAST GANDY STREET,RUSSELLVILLE,AL,35653,NOT AVAILABLE,(256) 332-3773,NURSING HOME,OPEN,50,FRANKLIN,01059,USA,34.510792468,-87.718334245,623110,NURSING CARE FACILITIES (SKILLED NURSING FACILITIES),https://www.alabamapublichealth.gov/providerstandards/,6/5/2021,IMAGERY/OTHER,6/5/2021,NOT AVAILABLE,50,-999,50,-999,CORPORATION,47-5071,01-5071,N3002,NURSING HOME
"{
  ""coordinates"": [
    -8.705714163499989e+01,
    3.240776699600010e+01
  ],
  ""type"": ""Point""
}",740,0177,CEDAR HILL ASSISTED LIVING FACILITY,1300 OLD ORRVILLE ROAD,SELMA,AL,36701,NOT AVAILABLE,(334) 875-1225,ASSISTED LIVING,OPEN,30,DALLAS,01047,USA,32.407766996,-87.057141635,623312,ASSISTED LIVING FACILITIES FOR THE ELDERLY,https://www.alabamapublichealth.gov/providerstandards/,6/5/2021,IMAGERY/OTHER,6/5/2021,NOT AVAILABLE,30,-999,30,-999,NON-PROFIT CORPORATION,NOT AVAILABLE,NOT AVAILABLE,D2402,ASSISTED LIVING FACILITY
"{
  ""coordinates"": [
    -8.684070919600001e+01,
    3.418133304700010e+01
  ],
  ""type"": ""Point""
}",745,01178,"FOLSOM CENTER FOR REHABILITATION AND HEALTHCARE, THE",401 ARNOLD STREET NORTHEAST,CULLMAN,AL,35055,NOT AVAILABLE,(256) 739-4409,NURSING HOME,OPEN,102,CULLMAN,01043,USA,34.181333047,-86.840709196,623110,NURSING CARE FACILITIES (SKILLED NURSING FACILITIES),https://www.alabamapublichealth.gov/providerstandards/,6/5/2021,IMAGERY/OTHER,6/5/2021,NOT AVAILABLE,102,-999,102,-999,CORPORATION,47-5802,01-5437,N2206,NURSING HOME
"{
  ""coordinates"": [
    -8.814355173199991e+01,
    3.444988303600010e+01
  ],
  ""type"": ""Point""
}",747,01193,"GENERATIONS OF RED BAY, LLC",106 10TH AVENUE NORTH,RED BAY,AL,35582,NOT AVAILABLE,(256) 356-4982,NURSING HOME,OPEN,90,FRANKLIN,01059,USA,34.449883036,-88.143551732,623110,NURSING CARE FACILITIES (SKILLED NURSING FACILITIES),https://www.alabamapublichealth.gov/providerstandards/,6/5/2021,IMAGERY/OTHER,6/5/2021,NOT AVAILABLE,90,-999,90,-999,LIMITED LIABILITY COMPANY,47-5408,01-5201,N3003,NURSING HOME
"{
  ""coordinates"": [
    -8.757893706899991e+01,
    3.323832048500000e+01
  ],
  ""type"": ""Point""
}",748,01312,MARTINVIEW ASSISTED LIVING-EAST,2011 32ND STREET,NORTHPORT,AL,35476,NOT AVAILABLE,(205) 343-7335,ASSISTED LIVING,OPEN,16,TUSCALOOSA,01125,USA,33.238320485,-87.578937069,623312,ASSISTED LIVING FACILITIES FOR THE ELDERLY,https://www.alabamapublichealth.gov/providerstandards/,6/5/2021,IMAGERY/OTHER,6/5/2021,NOT AVAILABLE,16,-999,16,-999,LIMITED LIABILITY COMPANY,NOT AVAILABLE,NOT AVAILABLE,P6301,ASSISTED LIVING FACILITY (SPECIALTY CARE)
"{
  ""coordinates"": [
    -8.692820646500000e+01,
    3.477920562100010e+01
  ],
  ""type"": ""Point""
}",750,01566,TRADITIONS OF ATHENS,22171 TRADITIONS WAY,ATHENS,AL,35613,NOT AVAILABLE,(256) 444-3255,ASSISTED LIVING,OPEN,80,LIMESTONE,01083,USA,34.779205621,-86.928206465,623312,ASSISTED LIVING FACILITIES FOR THE ELDERLY,https://www.alabamapublichealth.gov/providerstandards/,6/5/2021,IMAGERY/OTHER,6/5/2021,NOT AVAILABLE,80,-999,80,-999,LIMITED LIABILITY COMPANY,NOT AVAILABLE,NOT AVAILABLE,D4210,ASSISTED LIVING FACILITY
"{
  ""coordinates"": [
    -8.782468802299999e+01,
    3.370826564800010e+01
  ],
  ""type"": ""Point""
}",751,01174,FAYETTE MEDICAL CENTER LONG TERM CARE UNIT,"1653 TEMPLE AVENUE, NORTH",FAYETTE,AL,35555,NOT AVAILABLE,(205) 932-1183,NURSING HOME,OPEN,122,FAYETTE,01057,USA,33.708265648,-87.824688023,623110,NURSING CARE FACILITIES (SKILLED NURSING FACILITIES),https://www.alabamapublichealth.gov/providerstandards/,6/5/2021,IMAGERY/OTHER,6/5/2021,NOT AVAILABLE,122,-999,122,-999,HEALTHCARE AUTHORITY,47-5312,01-5154,N2901,NURSING HOME
"{
  ""coordinates"": [
    -8.677487688600000e+01,
    3.406479550000010e+01
  ],
  ""type"": ""Point""
}",754,0154,MONARCH PLACE,105 MICHELLE STREET NW,HANCEVILLE,AL,35077,NOT AVAILABLE,(256) 352-3141,ASSISTED LIVING,OPEN,55,CULLMAN,01043,USA,34.0647955,-86.774876886,623312,ASSISTED LIVING FACILITIES FOR THE ELDERLY,https://www.alabamapublichealth.gov/providerstandards/,6/5/2021,IMAGERY/OTHER,6/5/2021,NOT AVAILABLE,55,-999,55,-999,LIMITED LIABILITY COMPANY,NOT AVAILABLE,NOT AVAILABLE,D2209,ASSISTED LIVING FACILITY
"{
  ""coordinates"": [
    -8.681010217900000e+01,
    3.365950758300000e+01
  ],
  ""type"": ""Point""
}",755,01127,COVENANT PLACE OF GARDENDALE,1409 THOMPSON CIRCLE,GARDENDALE,AL,35071,NOT AVAILABLE,(205) 531-2995,ASSISTED LIVING,OPEN,60,JEFFERSON,01073,USA,33.659507583,-86.810102179,623312,ASSISTED LIVING FACILITIES FOR THE ELDERLY,https://www.alabamapublichealth.gov/providerstandards/,6/5/2021,IMAGERY/OTHER,6/5/2021,NOT AVAILABLE,60,-999,60,-999,PARTNERSHIP,NOT AVAILABLE,NOT AVAILABLE,D3775,ASSISTED LIVING FACILITY
"{
  ""coordinates"": [
    -8.788365600000000e+01,
    3.053152500000000e+01
  ],
  ""type"": ""Point""
}",756,01122,COUNTRY PLACE SENIOR LIVING OF FAIRHOPE,"8127 GAYFER ROAD, EXT.",FAIRHOPE,AL,36532,NOT AVAILABLE,(251) 929-3627,ASSISTED LIVING,OPEN,26,BALDWIN,01003,USA,30.531525,-87.883656,623312,ASSISTED LIVING FACILITIES FOR THE ELDERLY,https://www.alabamapublichealth.gov/providerstandards/,6/5/2021,IMAGERY/OTHER,6/5/2021,NOT AVAILABLE,26,-999,26,-999,LIMITED LIABILITY COMPANY,NOT AVAILABLE,NOT AVAILABLE,D0223,ASSISTED LIVING FACILITY
"{
  ""coordinates"": [
    -8.811829844399990e+01,
    3.069231671100000e+01
  ],
  ""type"": ""Point""
}",758,01143,"DAUPHIN WAY ASSISTED LIVING, INC.",3085 DAUPHIN SQUARE CONNECTOR,MOBILE,AL,36607,NOT AVAILABLE,(251) 450-1110,ASSISTED LIVING,OPEN,40,MOBILE,01097,USA,30.692316711,-88.118298444,623312,ASSISTED LIVING FACILITIES FOR THE ELDERLY,https://www.alabamapublichealth.gov/providerstandards/,6/5/2021,IMAGERY/OTHER,6/5/2021,NOT AVAILABLE,40,-999,40,-999,CORPORATION,NOT AVAILABLE,NOT AVAILABLE,D4983,ASSISTED LIVING FACILITY
"{
  ""coordinates"": [
    -8.678656161700000e+01,
    3.471612381700000e+01
  ],
  ""type"": ""Point""
}",759,01246,HERITAGE ASSISTED LIVING,11682 COUNTY LINE ROAD,MADISON,AL,35756,NOT AVAILABLE,(256) 325-3060,ASSISTED LIVING,OPEN,31,LIMESTONE,01083,USA,34.716123817,-86.786561617,623312,ASSISTED LIVING FACILITIES FOR THE ELDERLY,https://www.alabamapublichealth.gov/providerstandards/,6/5/2021,IMAGERY/OTHER,6/5/2021,https://www.heritagealmc.com/,31,-999,31,-999,LIMITED LIABILITY COMPANY,NOT AVAILABLE,NOT AVAILABLE,D4209,ASSISTED LIVING FACILITY
"{
  ""coordinates"": [
    -8.820213649100000e+01,
    3.066997012300000e+01
  ],
  ""type"": ""Point""
}",760,01262,"INN ASSISTED LIVING AT SOMERBY OF WEST MOBILE, THE",901 SOMERBY DRIVE,MOBILE,AL,36695,NOT AVAILABLE,(251) 776-1455,ASSISTED LIVING,OPEN,50,MOBILE,01097,USA,30.669970123,-88.202136491,623312,ASSISTED LIVING FACILITIES FOR THE ELDERLY,https://www.alabamapublichealth.gov/providerstandards/,6/5/2021,IMAGERY/OTHER,6/5/2021,NOT AVAILABLE,50,-999,50,-999,LIMITED LIABILITY COMPANY,NOT AVAILABLE,NOT AVAILABLE,D4959,ASSISTED LIVING FACILITY
"{
  ""coordinates"": [
    -8.767985484400000e+01,
    3.475071172100010e+01
  ],
  ""type"": ""Point""
}",763,01347,MORNINGSIDE OF SHEFFIELD,413 COX BLVD.,SHEFFIELD,AL,35660,NOT AVAILABLE,(256) 381-1058,ASSISTED LIVING,OPEN,56,COLBERT,01033,USA,34.750711721,-87.679854844,623312,ASSISTED LIVING FACILITIES FOR THE ELDERLY,https://www.alabamapublichealth.gov/providerstandards/,6/5/2021,IMAGERY/OTHER,6/5/2021,NOT AVAILABLE,56,-999,56,-999,LIMITED LIABILITY COMPANY,NOT AVAILABLE,NOT AVAILABLE,D1703,ASSISTED LIVING FACILITY
"{
  ""coordinates"": [
    -8.747604645500000e+01,
    3.101658661000000e+01
  ],
  ""type"": ""Point""
}",772,0123,ATMORE NURSING CENTER,715 EAST LAUREL STREET,ATMORE,AL,36502,NOT AVAILABLE,(251) 368-9121,NURSING HOME,OPEN,100,ESCAMBIA,01053,USA,31.01658661,-87.476046455,623110,NURSING CARE FACILITIES (SKILLED NURSING FACILITIES),https://www.alabamapublichealth.gov/providerstandards/,6/5/2021,IMAGERY/OTHER,6/5/2021,NOT AVAILABLE,100,-999,100,-999,LIMITED LIABILITY COMPANY,47-5740,01-5129,N2702,NURSING HOME
"{
  ""coordinates"": [
    -8.764216489300000e+01,
    3.485044000000000e+01
  ],
  ""type"": ""Point""
}",773,01535,THE RENAISSANCE ASSISTED LIVING,3275 COUNTY ROAD 47,FLORENCE,AL,35630,NOT AVAILABLE,(256) 740-6999,ASSISTED LIVING,OPEN,83,LAUDERDALE,01077,USA,34.85044,-87.642164893,623312,ASSISTED LIVING FACILITIES FOR THE ELDERLY,https://www.alabamapublichealth.gov/providerstandards/,6/5/2021,IMAGERY/OTHER,6/5/2021,https://www.pegasusseniorliving.com/communities/the-renaissance-of-florence/,83,-999,83,-999,LIMITED LIABILITY COMPANY,NOT AVAILABLE,NOT AVAILABLE,D3909,ASSISTED LIVING FACILITY
"{
  ""coordinates"": [
    -8.813213559899999e+01,
    3.068664432300010e+01
  ],
  ""type"": ""Point""
}",774,01136,CROWNE HEALTH CARE OF SPRINGHILL,3712 DAUPHIN STREET,MOBILE,AL,36608,NOT AVAILABLE,(251) 304-3000,NURSING HOME,OPEN,46,MOBILE,01097,USA,30.686644323,-88.132135599,623110,NURSING CARE FACILITIES (SKILLED NURSING FACILITIES),https://www.alabamapublichealth.gov/providerstandards/,6/5/2021,IMAGERY/OTHER,6/5/2021,NOT AVAILABLE,46,-999,46,-999,LIMITED LIABILITY COMPANY,NOT AVAILABLE,01-5426,N4903,NURSING HOME
"{
  ""coordinates"": [
    -8.688765176699999e+01,
    3.336253198600010e+01
  ],
  ""type"": ""Point""
}",775,01376,OAKS ON PARKWOOD SKILLED NURSING FACILITY,2625 LAUREL OAK DRIVE,BESSEMER,AL,35022,NOT AVAILABLE,(205) 497-4570,NURSING HOME,OPEN,130,JEFFERSON,01073,USA,33.362531986,-86.887651767,623110,NURSING CARE FACILITIES (SKILLED NURSING FACILITIES),https://www.alabamapublichealth.gov/providerstandards/,6/5/2021,IMAGERY/OTHER,6/5/2021,NOT AVAILABLE,130,-999,130,-999,LIMITED LIABILITY COMPANY,47-5540,01-5369,N3737,NURSING HOME
"{
  ""coordinates"": [
    -8.676977233799990e+01,
    3.361091310300000e+01
  ],
  ""type"": ""Point""
}",776,01361,"NORTH HILL NURSING AND REHABILITATION CENTER, LLC",200 NORTH PINE HILL ROAD,BIRMINGHAM,AL,35217,1215,(205) 452-0996,NURSING HOME,OPEN,190,JEFFERSON,01073,USA,33.610913103,-86.769772338,623110,NURSING CARE FACILITIES (SKILLED NURSING FACILITIES),https://www.alabamapublichealth.gov/providerstandards/,6/5/2021,IMAGERY/OTHER,6/5/2021,NOT AVAILABLE,190,-999,190,-999,LIMITED LIABILITY COMPANY,150890,01-5091,N3706,NURSING HOME
"{
  ""coordinates"": [
    -8.680753066999991e+01,
    3.340610949000010e+01
  ],
  ""type"": ""Point""
}",777,01445,"SOUTH HAVEN HEALTH AND REHABILITATION, LLC",3141 OLD COLUMBIANA ROAD,BIRMINGHAM,AL,35226,NOT AVAILABLE,(205) 343-7335,NURSING HOME,OPEN,101,JEFFERSON,01073,USA,33.40610949,-86.80753067,623110,NURSING CARE FACILITIES (SKILLED NURSING FACILITIES),https://www.alabamapublichealth.gov/providerstandards/,6/5/2021,IMAGERY/OTHER,6/5/2021,NOT AVAILABLE,101,-999,101,-999,LIMITED LIABILITY COMPANY,47-5321,01-5321,N3729,NURSING HOME
"{
  ""coordinates"": [
    -8.820056778700000e+01,
    3.064175257900010e+01
  ],
  ""type"": ""Point""
}",781,0164,BROOKSIDE ASSISTED LIVING COMMUNITY,"2260 PESNELL COURT, BUILDING #1",MOBILE,AL,36695,NOT AVAILABLE,(251) 633-9299,ASSISTED LIVING,OPEN,32,MOBILE,01097,USA,30.641752579,-88.200567787,623312,ASSISTED LIVING FACILITIES FOR THE ELDERLY,https://www.alabamapublichealth.gov/providerstandards/,6/5/2021,IMAGERY/OTHER,6/5/2021,http://www.livingatbrookside.com/,32,-999,32,-999,LIMITED LIABILITY COMPANY,NOT AVAILABLE,NOT AVAILABLE,D4945,ASSISTED LIVING FACILITY
"{
  ""coordinates"": [
    -8.788823022299989e+01,
    3.060422211300000e+01
  ],
  ""type"": ""Point""
}",783,01185,GARDENS OF DAPHNE,1307 DAPHNE AVENUE,DAPHNE,AL,36526,NOT AVAILABLE,(251) 625-0802,ASSISTED LIVING,OPEN,16,BALDWIN,01003,USA,30.604222113,-87.888230223,623312,ASSISTED LIVING FACILITIES FOR THE ELDERLY,https://www.alabamapublichealth.gov/providerstandards/,6/5/2021,IMAGERY/OTHER,6/5/2021,NOT AVAILABLE,16,-999,16,-999,LIMITED LIABILITY COMPANY,NOT AVAILABLE,NOT AVAILABLE,D0215,ASSISTED LIVING FACILITY
"{
  ""coordinates"": [
    -8.707232214600000e+01,
    3.111932282500000e+01
  ],
  ""type"": ""Point""
}",787,01538,COUNTRY PLACE SENIOR LIVING OF BREWTON,905 BELLEVILLE AVENUE,BREWTON,AL,36426,NOT AVAILABLE,(251) 809-3550,ASSISTED LIVING,OPEN,28,ESCAMBIA,01053,USA,31.119322825,-87.072322146,623312,ASSISTED LIVING FACILITIES FOR THE ELDERLY,https://www.alabamapublichealth.gov/providerstandards/,6/5/2021,IMAGERY/OTHER,6/5/2021,NOT AVAILABLE,28,-999,28,-999,CORPORATION,NOT AVAILABLE,NOT AVAILABLE,D2705,ASSISTED LIVING FACILITY
"{
  ""coordinates"": [
    -8.770575599999999e+01,
    3.056318000000000e+01
  ],
  ""type"": ""Point""
}",789,01423,ROBERTSDALE REHABILITATION & HEALTHCARE CENTER,18700 U S HIGHWAY 90,ROBERTSDALE,AL,36567,3271,(205) 617-8555,NURSING HOME,OPEN,152,BALDWIN,01003,USA,30.56318,-87.705756,623110,NURSING CARE FACILITIES (SKILLED NURSING FACILITIES),https://www.alabamapublichealth.gov/providerstandards/,6/5/2021,IMAGERY/OTHER,6/5/2021,NOT AVAILABLE,152,-999,152,-999,CORPORATION,47-5807,01-5443,N0209,NURSING HOME
"{
  ""coordinates"": [
    -8.678542819599990e+01,
    3.338981764300010e+01
  ],
  ""type"": ""Point""
}",791,01117,COUNTRY COTTAGE-OAKLEAF,4000 GREENWOOD DRIVE,HOOVER,AL,35216,NOT AVAILABLE,(205) 987-0847,ASSISTED LIVING,OPEN,16,JEFFERSON,01073,USA,33.389817643,-86.785428196,623312,ASSISTED LIVING FACILITIES FOR THE ELDERLY,https://www.alabamapublichealth.gov/providerstandards/,6/5/2021,IMAGERY/OTHER,6/5/2021,NOT AVAILABLE,16,-999,16,-999,LIMITED LIABILITY COMPANY,NOT AVAILABLE,NOT AVAILABLE,D3709,ASSISTED LIVING FACILITY
"{
  ""coordinates"": [
    -8.751430447900000e+01,
    3.319913850900010e+01
  ],
  ""type"": ""Point""
}",792,01129,CRIMSON VILLAGE,1410 18TH AVENUE EAST,TUSCALOOSA,AL,35404,NOT AVAILABLE,(205) 632-6699,ASSISTED LIVING,OPEN,78,TUSCALOOSA,01125,USA,33.199138509,-87.514304479,623312,ASSISTED LIVING FACILITIES FOR THE ELDERLY,https://www.alabamapublichealth.gov/providerstandards/,6/5/2021,IMAGERY/OTHER,6/5/2021,NOT AVAILABLE,78,-999,78,-999,LIMITED LIABILITY COMPANY,NOT AVAILABLE,NOT AVAILABLE,D6318,ASSISTED LIVING FACILITY
"{
  ""coordinates"": [
    -8.769047704099999e+01,
    3.043354184200010e+01
  ],
  ""type"": ""Point""
}",793,01298,"LIVEOAK VILLAGE, LLC",2300 NORTH CEDAR STREET,FOLEY,AL,36535,NOT AVAILABLE,(251) 943-6733,ASSISTED LIVING,OPEN,81,BALDWIN,01003,USA,30.433541842,-87.690477041,623312,ASSISTED LIVING FACILITIES FOR THE ELDERLY,https://www.alabamapublichealth.gov/providerstandards/,6/5/2021,IMAGERY/OTHER,6/5/2021,NOT AVAILABLE,81,-999,81,-999,LIMITED LIABILITY COMPANY,NOT AVAILABLE,NOT AVAILABLE,D0208,ASSISTED LIVING FACILITY
"{
  ""coordinates"": [
    -8.748008682600000e+01,
    3.102167520300000e+01
  ],
  ""type"": ""Point""
}",794,01325,"MEADOWS, THE",202 MEDICAL PARK DRIVE,ATMORE,AL,36502,NOT AVAILABLE,(251) 446-9317,ASSISTED LIVING,OPEN,16,ESCAMBIA,01053,USA,31.021675203,-87.480086826,623312,ASSISTED LIVING FACILITIES FOR THE ELDERLY,https://www.alabamapublichealth.gov/providerstandards/,6/5/2021,IMAGERY/OTHER,6/5/2021,https://crownehealthcare.com/living-and-care/assisted-living/the-meadows-of-atmore/,16,-999,16,-999,LIMITED LIABILITY COMPANY,NOT AVAILABLE,NOT AVAILABLE,D2703,ASSISTED LIVING FACILITY
"{
  ""coordinates"": [
    -8.773687755299990e+01,
    3.193130987500010e+01
  ],
  ""type"": ""Point""
}",798,01479,CROWNE HEALTH CARE OF THOMASVILLE,1425 MOSLEY DRIVE,THOMASVILLE,AL,36784,NOT AVAILABLE,(334) 636-5614,NURSING HOME,OPEN,80,CLARKE,01025,USA,31.931309875,-87.736877553,623110,NURSING CARE FACILITIES (SKILLED NURSING FACILITIES),https://www.alabamapublichealth.gov/providerstandards/,6/5/2021,IMAGERY/OTHER,6/5/2021,NOT AVAILABLE,80,-999,80,-999,NON-PROFIT CORPORATION,47-5439,01-5220,N1302,NURSING HOME
"{
  ""coordinates"": [
    -8.807387708800000e+01,
    3.071729054000010e+01
  ],
  ""type"": ""Point""
}",799,01485,TWIN OAKS REHABILITATION & HEALTHCARE CENTER,857 CRAWFORD LANE,MOBILE,AL,36617,3877,(251) 476-3420,NURSING HOME,OPEN,131,MOBILE,01097,USA,30.71729054,-88.073877088,623110,NURSING CARE FACILITIES (SKILLED NURSING FACILITIES),https://www.alabamapublichealth.gov/providerstandards/,6/5/2021,IMAGERY/OTHER,6/5/2021,NOT AVAILABLE,131,-999,131,-999,LIMITED LIABILITY COMPANY,47-5080,01-5211,N4910,NURSING HOME
"{
  ""coordinates"": [
    -8.790540616100000e+01,
    3.052044902800000e+01
  ],
  ""type"": ""Point""
}",800,01169,FAIRHOPE HEALTH AND REHAB,108 SOUTH CHURCH STREET,FAIRHOPE,AL,36533,NOT AVAILABLE,(251) 928-2153,NURSING HOME,OPEN,131,BALDWIN,01003,USA,30.520449028,-87.905406161,623110,NURSING CARE FACILITIES (SKILLED NURSING FACILITIES),https://www.alabamapublichealth.gov/providerstandards/,6/5/2021,IMAGERY/OTHER,6/5/2021,NOT AVAILABLE,131,-999,131,-999,LIMITED LIABILITY COMPANY,211538,01-5222,N0201,NURSING HOME
"{
  ""coordinates"": [
    -8.790410836300001e+01,
    3.066721890300000e+01
  ],
  ""type"": ""Point""
}",802,01569,WILLOWBROOKE COURT SKILLED CARE CENTER AT WESTMINSTER VILLAGE,500 SPANISH FORT BOULEVARD,SPANISH FORT,AL,36527,NOT AVAILABLE,(251) 626-7007,NURSING HOME,OPEN,60,BALDWIN,01003,USA,30.667218903,-87.904108363,623110,NURSING CARE FACILITIES (SKILLED NURSING FACILITIES),https://www.alabamapublichealth.gov/providerstandards/,6/5/2021,IMAGERY/OTHER,6/5/2021,NOT AVAILABLE,60,-999,60,-999,NON-PROFIT CORPORATION,NOT AVAILABLE,01-5381,N0205,NURSING HOME
"{
  ""coordinates"": [
    -8.778045406000000e+01,
    3.086160980900010e+01
  ],
  ""type"": ""Point""
}",803,01512,WILLIAM F. GREEN STATE VETERANS HOME,300 FAULKNER DRIVE,BAY MINETTE,AL,36507,NOT AVAILABLE,(251) 937-9881,NURSING HOME,OPEN,150,BALDWIN,01003,USA,30.861609809,-87.78045406,623110,NURSING CARE FACILITIES (SKILLED NURSING FACILITIES),https://www.alabamapublichealth.gov/providerstandards/,6/5/2021,IMAGERY/OTHER,6/5/2021,NOT AVAILABLE,150,-999,150,-999,CORPORATION,NOT AVAILABLE,NOT AVAILABLE,N0207,NURSING HOME
"{
  ""coordinates"": [
    -8.811986000000000e+01,
    3.069233510600000e+01
  ],
  ""type"": ""Point""
}",805,01388,"PALM GARDENS HEALTH AND REHABILITATION, LLC",3104 DAUPHIN SQUARE CONNECTOR,MOBILE,AL,36607,NOT AVAILABLE,(205) 343-7335,NURSING HOME,OPEN,100,MOBILE,01097,USA,30.692335106,-88.11986,623110,NURSING CARE FACILITIES (SKILLED NURSING FACILITIES),https://www.alabamapublichealth.gov/providerstandards/,6/5/2021,IMAGERY/OTHER,6/5/2021,NOT AVAILABLE,100,-999,100,-999,LIMITED LIABILITY COMPANY,47-5214,01-5403,N4906,NURSING HOME
"{
  ""coordinates"": [
    -8.805189118700000e+01,
    3.069489498800000e+01
  ],
  ""type"": ""Point""
}",806,01433,KENSINGTON HEALTH AND REHABILITATION,550 CONGRESS STREET,MOBILE,AL,36603,NOT AVAILABLE,(251) 433-5471,NURSING HOME,OPEN,120,MOBILE,01097,USA,30.694894988,-88.051891187,623110,NURSING CARE FACILITIES (SKILLED NURSING FACILITIES),https://www.alabamapublichealth.gov/providerstandards/,6/5/2021,IMAGERY/OTHER,6/5/2021,NOT AVAILABLE,120,-999,120,-999,LIMITED LIABILITY COMPANY,47-5797,01-5429,N4918,NURSING HOME
"{
  ""coordinates"": [
    -8.768982144099991e+01,
    3.483554414100010e+01
  ],
  ""type"": ""Point""
}",807,0198,COLUMBIA COTTAGE-FLORENCE,2373 ROBERTS LANE,FLORENCE,AL,35630,NOT AVAILABLE,(256) 760-0442,ASSISTED LIVING,OPEN,51,LAUDERDALE,01077,USA,34.835544141,-87.689821441,623312,ASSISTED LIVING FACILITIES FOR THE ELDERLY,https://www.alabamapublichealth.gov/providerstandards/,6/5/2021,IMAGERY/OTHER,6/5/2021,NOT AVAILABLE,51,-999,51,-999,CORPORATION,NOT AVAILABLE,NOT AVAILABLE,D3901,ASSISTED LIVING FACILITY
"{
  ""coordinates"": [
    -8.725149636299990e+01,
    3.384111564100000e+01
  ],
  ""type"": ""Point""
}",808,01283,"LAKEWOOD SENIOR LIVING OF JASPER I, LLC",811 20TH AVENUE EAST,JASPER,AL,35501,NOT AVAILABLE,(205) 221-5579,ASSISTED LIVING,OPEN,16,WALKER,01127,USA,33.841115641,-87.251496363,623312,ASSISTED LIVING FACILITIES FOR THE ELDERLY,https://www.alabamapublichealth.gov/providerstandards/,6/5/2021,IMAGERY/OTHER,6/5/2021,NOT AVAILABLE,16,-999,16,-999,LIMITED LIABILITY COMPANY,NOT AVAILABLE,NOT AVAILABLE,D6408,ASSISTED LIVING FACILITY
"{
  ""coordinates"": [
    -8.752090017800001e+01,
    3.327181562300010e+01
  ],
  ""type"": ""Point""
}",809,01363,NORTH RIVER VILLAGE,"5810 RICE MINE ROAD, NE",TUSCALOOSA,AL,35406,NOT AVAILABLE,(205) 759-9875,ASSISTED LIVING,OPEN,80,TUSCALOOSA,01125,USA,33.271815623,-87.520900178,623312,ASSISTED LIVING FACILITIES FOR THE ELDERLY,https://www.alabamapublichealth.gov/providerstandards/,6/5/2021,IMAGERY/OTHER,6/5/2021,NOT AVAILABLE,80,-999,80,-999,LIMITED LIABILITY COMPANY,NOT AVAILABLE,NOT AVAILABLE,D6312,ASSISTED LIVING FACILITY
"{
  ""coordinates"": [
    -8.684285851600001e+01,
    3.343777450800010e+01
  ],
  ""type"": ""Point""
}",817,01407,REFLECTIONS AT REGENCY BIRMINGHAM,285 WEST OXMOOR ROAD,BIRMINGHAM,AL,35209,NOT AVAILABLE,(205) 957-6250,ASSISTED LIVING,OPEN,32,JEFFERSON,01073,USA,33.437774508,-86.842858516,623312,ASSISTED LIVING FACILITIES FOR THE ELDERLY,https://www.alabamapublichealth.gov/providerstandards/,6/5/2021,IMAGERY/OTHER,6/5/2021,NOT AVAILABLE,32,-999,32,-999,LIMITED LIABILITY COMPANY,NOT AVAILABLE,NOT AVAILABLE,P3722,ASSISTED LIVING FACILITY (SPECIALTY CARE)
"{
  ""coordinates"": [
    -8.782307800000000e+01,
    3.393266300000000e+01
  ],
  ""type"": ""Point""
}",818,01126,COUNTRY PLACE SENIOR LIVING OF WINFIELD,480 TAHOE ROAD,WINFIELD,AL,35594,NOT AVAILABLE,(205) 487-1180,ASSISTED LIVING,OPEN,28,MARION,01093,USA,33.932663,-87.823078,623312,ASSISTED LIVING FACILITIES FOR THE ELDERLY,https://www.alabamapublichealth.gov/providerstandards/,6/5/2021,IMAGERY/OTHER,6/5/2021,NOT AVAILABLE,28,-999,28,-999,CORPORATION,NOT AVAILABLE,NOT AVAILABLE,D4705,ASSISTED LIVING FACILITY
"{
  ""coordinates"": [
    -8.695650399999990e+01,
    3.479374300000000e+01
  ],
  ""type"": ""Point""
}",819,01294,LIMESTONE MANOR,600 HIGHWAY 31 NORTH,ATHENS,AL,35611,NOT AVAILABLE,(256) 232-3900,ASSISTED LIVING,OPEN,24,LIMESTONE,01083,USA,34.793743,-86.956504,623312,ASSISTED LIVING FACILITIES FOR THE ELDERLY,https://www.alabamapublichealth.gov/providerstandards/,6/5/2021,IMAGERY/OTHER,6/5/2021,NOT AVAILABLE,24,-999,24,-999,LIMITED LIABILITY COMPANY,NOT AVAILABLE,NOT AVAILABLE,D4203,ASSISTED LIVING FACILITY
"{
  ""coordinates"": [
    -8.684203791000000e+01,
    3.328930187900000e+01
  ],
  ""type"": ""Point""
}",820,01308,MAPLEWOOD LANE ASSISTED LIVING,223 TUCKER ROAD,HELENA,AL,35080,NOT AVAILABLE,(205) 620-2905,ASSISTED LIVING,OPEN,16,SHELBY,01117,USA,33.289301879,-86.84203791,623312,ASSISTED LIVING FACILITIES FOR THE ELDERLY,https://www.alabamapublichealth.gov/providerstandards/,6/5/2021,IMAGERY/OTHER,6/5/2021,NOT AVAILABLE,16,-999,16,-999,LIMITED LIABILITY COMPANY,NOT AVAILABLE,NOT AVAILABLE,D5903,ASSISTED LIVING FACILITY
"{
  ""coordinates"": [
    -8.791105621199991e+01,
    3.061275385300010e+01
  ],
  ""type"": ""Point""
}",821,01152,EASTERN SHORE REHABILITATION AND HEALTH CENTER,101 VILLA DRIVE,DAPHNE,AL,36526,NOT AVAILABLE,(251) 621-4200,NURSING HOME,OPEN,117,BALDWIN,01003,USA,30.612753853,-87.911056212,623110,NURSING CARE FACILITIES (SKILLED NURSING FACILITIES),https://www.alabamapublichealth.gov/providerstandards/,6/5/2021,IMAGERY/OTHER,6/5/2021,NOT AVAILABLE,117,-999,117,-999,NON-PROFIT CORPORATION,1124083761,01-5049,N0204,NURSING HOME
"{
  ""coordinates"": [
    -8.824331037300000e+01,
    3.109228855400000e+01
  ],
  ""type"": ""Point""
}",823,01539,CROWNE HEALTH CARE OF CITRONELLE,19225 NORTH 4TH STREET,CITRONELLE,AL,36522,NOT AVAILABLE,(251) 866-5509,NURSING HOME,OPEN,69,MOBILE,01097,USA,31.092288554,-88.243310373,623110,NURSING CARE FACILITIES (SKILLED NURSING FACILITIES),https://www.alabamapublichealth.gov/providerstandards/,6/5/2021,IMAGERY/OTHER,6/5/2021,NOT AVAILABLE,69,-999,69,-999,LIMITED LIABILITY COMPANY,47-5441,01-5121,N4914,NURSING HOME
"{
  ""coordinates"": [
    -8.690073947799991e+01,
    3.453461788100000e+01
  ],
  ""type"": ""Point""
}",826,01474,"TERRACE AT PRICEVILLE SPECIALTY CARE ASSISTED LIVING FACILITY, THE",200 TERRACE LANE,DECATUR,AL,35603,NOT AVAILABLE,(256) 260-0400,ASSISTED LIVING,OPEN,62,MORGAN,01103,USA,34.534617881,-86.900739478,623312,ASSISTED LIVING FACILITIES FOR THE ELDERLY,https://www.alabamapublichealth.gov/providerstandards/,6/5/2021,IMAGERY/OTHER,6/5/2021,NOT AVAILABLE,62,-999,62,-999,CORPORATION,NOT AVAILABLE,NOT AVAILABLE,P5202,ASSISTED LIVING FACILITY (SPECIALTY CARE)
"{
  ""coordinates"": [
    -8.680040354200000e+01,
    3.345654698400010e+01
  ],
  ""type"": ""Point""
}",827,0160,BROOKDALE UNIVERSITY PARK ALF (AL),400 UNIVERSITY PARK DRIVE,BIRMINGHAM,AL,35209,NOT AVAILABLE,(205) 870-0786,ASSISTED LIVING,OPEN,90,JEFFERSON,01073,USA,33.456546984,-86.800403542,623312,ASSISTED LIVING FACILITIES FOR THE ELDERLY,https://www.alabamapublichealth.gov/providerstandards/,6/5/2021,IMAGERY/OTHER,6/5/2021,NOT AVAILABLE,90,-999,90,-999,LIMITED LIABILITY COMPANY,NOT AVAILABLE,NOT AVAILABLE,D3768,ASSISTED LIVING FACILITY
"{
  ""coordinates"": [
    -8.786812932899990e+01,
    3.062275879700010e+01
  ],
  ""type"": ""Point""
}",830,0148,"BRENNITY AT DAPHNE MC, THE",27296 COUNTY ROAD 13,DAPHNE,AL,36526,NOT AVAILABLE,(251) 626-9000,ASSISTED LIVING,OPEN,64,BALDWIN,01003,USA,30.622758797,-87.868129329,623312,ASSISTED LIVING FACILITIES FOR THE ELDERLY,https://www.alabamapublichealth.gov/providerstandards/,6/5/2021,IMAGERY/OTHER,6/5/2021,NOT AVAILABLE,64,-999,64,-999,LIMITED LIABILITY COMPANY,NOT AVAILABLE,NOT AVAILABLE,P0203,ASSISTED LIVING FACILITY (SPECIALTY CARE)
"{
  ""coordinates"": [
    -8.688227330099990e+01,
    3.354681354500010e+01
  ],
  ""type"": ""Point""
}",832,0143,"BIRMINGHAM NURSING AND REHABILITATION CENTER, LLC",1000 DUGAN AVENUE,BIRMINGHAM,AL,35214,NOT AVAILABLE,(205) 798-8780,NURSING HOME,OPEN,132,JEFFERSON,01073,USA,33.546813545,-86.882273301,623110,NURSING CARE FACILITIES (SKILLED NURSING FACILITIES),https://www.alabamapublichealth.gov/providerstandards/,6/5/2021,IMAGERY/OTHER,6/5/2021,NOT AVAILABLE,132,-999,132,-999,LIMITED LIABILITY COMPANY,47-5729,01-5217,N3740,NURSING HOME
"{
  ""coordinates"": [
    -8.778671962200001e+01,
    3.090471410100000e+01
  ],
  ""type"": ""Point""
}",836,01379,OAKWOOD-NORTH BALDWIN'S CENTER FOR LIVING,2010 MEDICAL CENTER DRIVE,BAY MINETTE,AL,36507,NOT AVAILABLE,(251) 937-3501,NURSING HOME,OPEN,75,BALDWIN,01003,USA,30.904714101,-87.786719622,623110,NURSING CARE FACILITIES (SKILLED NURSING FACILITIES),https://www.alabamapublichealth.gov/providerstandards/,6/5/2021,IMAGERY/OTHER,6/5/2021,NOT AVAILABLE,75,-999,75,-999,NON-PROFIT CORPORATION,47-5790,01-5417,N0206,NURSING HOME
"{
  ""coordinates"": [
    -8.679942667900001e+01,
    3.345698720300000e+01
  ],
  ""type"": ""Point""
}",837,0161,BROOKDALE UNIVERSITY PARK SCALF (AL),400 UNIVERSITY PARK DRIVE,BIRMINGHAM,AL,35209,NOT AVAILABLE,(205) 870-0786,ASSISTED LIVING,OPEN,30,JEFFERSON,01073,USA,33.456987203,-86.799426679,623312,ASSISTED LIVING FACILITIES FOR THE ELDERLY,https://www.alabamapublichealth.gov/providerstandards/,6/5/2021,IMAGERY/OTHER,6/5/2021,NOT AVAILABLE,30,-999,30,-999,LIMITED LIABILITY COMPANY,NOT AVAILABLE,NOT AVAILABLE,P3707,ASSISTED LIVING FACILITY (SPECIALTY CARE)
"{
  ""coordinates"": [
    -8.833272803300000e+01,
    3.057563047000010e+01
  ],
  ""type"": ""Point""
}",838,01118,TRANQUILITY HARBOR OF MOBILE,12250 HIFIELDS ROAD,GRAND BAY,AL,36541,NOT AVAILABLE,(251) 868-2273,ASSISTED LIVING,OPEN,24,MOBILE,01097,USA,30.57563047,-88.332728033,623312,ASSISTED LIVING FACILITIES FOR THE ELDERLY,https://www.alabamapublichealth.gov/providerstandards/,6/5/2021,IMAGERY/OTHER,6/5/2021,NOT AVAILABLE,24,-999,24,-999,CORPORATION,NOT AVAILABLE,NOT AVAILABLE,D4962,ASSISTED LIVING FACILITY
