ID,BBOX,VERSION,SOURCES,LEVEL,HEIGHT,IS_UNDERGROUND,NUM_FLOORS,NUM_FLOORS_UNDERGROUND,MIN_HEIGHT,MIN_FLOOR,FACADE_COLOR,FACADE_MATERIAL,ROOF_MATERIAL,ROOF_SHAPE,ROOF_DIRECTION,ROOF_ORIENTATION,ROOF_COLOR,ROOF_HEIGHT,BUILDING_ID,GEOMETRY,NAMES
08b1f102b03aafff0201b5951be83bb8,"{
  ""xmax"": 9.152814865112305e+00,
  ""xmin"": 9.152636528015137e+00,
  ""ymax"": 5.234131622314453e+01,
  ""ymin"": 5.234120941162109e+01
}",0,"{
  ""list"": [
    {
      ""element"": {
        ""dataset"": ""OpenStreetMap"",
        ""property"": """",
        ""record_id"": ""w870470213@2"",
        ""update_time"": ""2021-05-17T05:21:17.000Z""
      }
    }
  ]
}",,,false,,,,,,,,gabled,,across,#FF0000,,08b1f102b03aafff02008c06d38a7b11,"{
  ""coordinates"": [
    [
      [
        9.1527513,
        52.3413067
      ],
      [
        9.1526791,
        52.3413032
      ],
      [
        9.1526373,
        52.3413011
      ],
      [
        9.1526484,
        52.3412165
      ],
      [
        9.1528147,
        52.3412247
      ],
      [
        9.1528036,
        52.3413093
      ],
      [
        9.1527513,
        52.3413067
      ]
    ]
  ],
  ""type"": ""Polygon""
}",
08b1f102b0385fff02014934136c2123,"{
  ""xmax"": 9.152165412902832e+00,
  ""xmin"": 9.152031898498535e+00,
  ""ymax"": 5.234111022949219e+01,
  ""ymin"": 5.234103393554688e+01
}",0,"{
  ""list"": [
    {
      ""element"": {
        ""dataset"": ""OpenStreetMap"",
        ""property"": """",
        ""record_id"": ""w646030005@3"",
        ""update_time"": ""2020-11-18T17:59:58.000Z""
      }
    }
  ]
}",,,false,,,,,,,,flat,,,#778899,,08b1f102b0385fff020037ecce9bc5d2,"{
  ""coordinates"": [
    [
      [
        9.1520622,
        52.3411027
      ],
      [
        9.1520327,
        52.341064
      ],
      [
        9.1521175,
        52.34104
      ],
      [
        9.1521356,
        52.3410348
      ],
      [
        9.152165,
        52.3410735
      ],
      [
        9.1520622,
        52.3411027
      ]
    ]
  ],
  ""type"": ""Polygon""
}",
08b1f102b038efff0201bacb426ed968,"{
  ""xmax"": 9.152867317199707e+00,
  ""xmin"": 9.152633666992188e+00,
  ""ymax"": 5.234048843383789e+01,
  ""ymin"": 5.234030532836914e+01
}",0,"{
  ""list"": [
    {
      ""element"": {
        ""dataset"": ""OpenStreetMap"",
        ""property"": """",
        ""record_id"": ""w971324557@1"",
        ""update_time"": ""2021-08-08T11:21:41.000Z""
      }
    }
  ]
}",,,false,,,,,,,,gabled,,,#FF0000,,08b1f102b038efff0200538eee44bf01,"{
  ""coordinates"": [
    [
      [
        9.1528665,
        52.3404636
      ],
      [
        9.1526738,
        52.3404822
      ],
      [
        9.1526344,
        52.3403298
      ],
      [
        9.1528272,
        52.3403112
      ],
      [
        9.1528472,
        52.3403891
      ],
      [
        9.1528665,
        52.3404636
      ]
    ]
  ],
  ""type"": ""Polygon""
}",
08b1f102b0385fff020114b38e6fedd0,"{
  ""xmax"": 9.152062416076660e+00,
  ""xmin"": 9.151947975158691e+00,
  ""ymax"": 5.234112930297852e+01,
  ""ymin"": 5.234104537963867e+01
}",0,"{
  ""list"": [
    {
      ""element"": {
        ""dataset"": ""OpenStreetMap"",
        ""property"": """",
        ""record_id"": ""w870470218@1"",
        ""update_time"": ""2020-11-11T18:00:41.000Z""
      }
    }
  ]
}",,,false,,,,,,,,gabled,,,#FF0000,,08b1f102b0385fff020037ecce9bc5d2,"{
  ""coordinates"": [
    [
      [
        9.1520192,
        52.3410462
      ],
      [
        9.1520327,
        52.341064
      ],
      [
        9.1520622,
        52.3411027
      ],
      [
        9.1519924,
        52.3411225
      ],
      [
        9.1519495,
        52.3410659
      ],
      [
        9.1520192,
        52.3410462
      ]
    ]
  ],
  ""type"": ""Polygon""
}",
08b1f102b0385fff020129016c3f4dbb,"{
  ""xmax"": 9.152105331420898e+00,
  ""xmin"": 9.151886940002441e+00,
  ""ymax"": 5.234107208251953e+01,
  ""ymin"": 5.234093856811523e+01
}",0,"{
  ""list"": [
    {
      ""element"": {
        ""dataset"": ""OpenStreetMap"",
        ""property"": """",
        ""record_id"": ""w870470219@1"",
        ""update_time"": ""2020-11-11T18:00:41.000Z""
      }
    }
  ]
}",,,false,,,,,,,,gabled,,,#FF0000,,08b1f102b0385fff020037ecce9bc5d2,"{
  ""coordinates"": [
    [
      [
        9.1520418,
        52.3409404
      ],
      [
        9.1521039,
        52.3410221
      ],
      [
        9.1520192,
        52.3410462
      ],
      [
        9.1519495,
        52.3410659
      ],
      [
        9.1518873,
        52.3409842
      ],
      [
        9.1520418,
        52.3409404
      ]
    ]
  ],
  ""type"": ""Polygon""
}",
08b1f102b0385fff0201798748f43746,"{
  ""xmax"": 9.152567863464355e+00,
  ""xmin"": 9.152433395385742e+00,
  ""ymax"": 5.234125137329102e+01,
  ""ymin"": 5.234109497070312e+01
}",0,"{
  ""list"": [
    {
      ""element"": {
        ""dataset"": ""OpenStreetMap"",
        ""property"": """",
        ""record_id"": ""w870470215@2"",
        ""update_time"": ""2021-08-18T17:48:55.000Z""
      }
    }
  ]
}",,,false,1,,,,#FF0000,brick,,gabled,,,#FF0000,,08b1f102b0385fff02006ecf65008cbf,"{
  ""coordinates"": [
    [
      [
        9.1525663,
        52.341098
      ],
      [
        9.1525643,
        52.341156
      ],
      [
        9.1525609,
        52.3412512
      ],
      [
        9.1524343,
        52.3412496
      ],
      [
        9.1524396,
        52.3410963
      ],
      [
        9.1525663,
        52.341098
      ]
    ]
  ],
  ""type"": ""Polygon""
}",
08b1f102b0385fff0201b6be05e777bb,"{
  ""xmax"": 9.152117729187012e+00,
  ""xmin"": 9.152018547058105e+00,
  ""ymax"": 5.234106445312500e+01,
  ""ymin"": 5.234101486206055e+01
}",0,"{
  ""list"": [
    {
      ""element"": {
        ""dataset"": ""OpenStreetMap"",
        ""property"": """",
        ""record_id"": ""w870470217@1"",
        ""update_time"": ""2020-11-11T18:00:41.000Z""
      }
    }
  ]
}",,,false,,,,,,,,skillion,,,#FF0000,,08b1f102b0385fff020037ecce9bc5d2,"{
  ""coordinates"": [
    [
      [
        9.1520192,
        52.3410462
      ],
      [
        9.1521039,
        52.3410221
      ],
      [
        9.1521175,
        52.34104
      ],
      [
        9.1520327,
        52.341064
      ],
      [
        9.1520192,
        52.3410462
      ]
    ]
  ],
  ""type"": ""Polygon""
}",
08b1f102b03aafff0201a81883c24d63,"{
  ""xmax"": 9.152615547180176e+00,
  ""xmin"": 9.152560234069824e+00,
  ""ymax"": 5.234125900268555e+01,
  ""ymin"": 5.234114837646484e+01
}",0,"{
  ""list"": [
    {
      ""element"": {
        ""dataset"": ""OpenStreetMap"",
        ""property"": """",
        ""record_id"": ""w870470214@2"",
        ""update_time"": ""2021-08-18T17:48:55.000Z""
      }
    }
  ]
}",,,false,1,,,,#FF0000,brick,,,,,#FF0000,,08b1f102b0385fff02006ecf65008cbf,"{
  ""coordinates"": [
    [
      [
        9.1525609,
        52.3412512
      ],
      [
        9.1525643,
        52.341156
      ],
      [
        9.1526153,
        52.3411567
      ],
      [
        9.1526119,
        52.3412519
      ],
      [
        9.1525609,
        52.3412512
      ]
    ]
  ],
  ""type"": ""Polygon""
}",
08b1f102b03aefff0201c2a6ddc7cf7e,"{
  ""xmax"": 9.152751922607422e+00,
  ""xmin"": 9.152676582336426e+00,
  ""ymax"": 5.234132385253906e+01,
  ""ymin"": 5.234129714965820e+01
}",0,"{
  ""list"": [
    {
      ""element"": {
        ""dataset"": ""OpenStreetMap"",
        ""property"": """",
        ""record_id"": ""w870470212@1"",
        ""update_time"": ""2020-11-11T18:00:41.000Z""
      }
    }
  ]
}",,,false,,,,,,,,gabled,,,#FF0000,,08b1f102b03aafff02008c06d38a7b11,"{
  ""coordinates"": [
    [
      [
        9.1527513,
        52.3413067
      ],
      [
        9.1527491,
        52.3413233
      ],
      [
        9.1526769,
        52.3413198
      ],
      [
        9.1526791,
        52.3413032
      ],
      [
        9.1527513,
        52.3413067
      ]
    ]
  ],
  ""type"": ""Polygon""
}",
08b1f102b0389fff020123d5e9aa5c89,"{
  ""xmax"": 9.154225349426270e+00,
  ""xmin"": 9.154036521911621e+00,
  ""ymax"": 5.234069061279297e+01,
  ""ymin"": 5.234057235717773e+01
}",0,"{
  ""list"": [
    {
      ""element"": {
        ""dataset"": ""OpenStreetMap"",
        ""property"": """",
        ""record_id"": ""w972644033@1"",
        ""update_time"": ""2021-08-12T17:30:03.000Z""
      }
    }
  ]
}",,,false,,,,,,,,gabled,,,#FF0000,,08b1f102b0389fff020024f9daaa3286,"{
  ""coordinates"": [
    [
      [
        9.1540369,
        52.3406036
      ],
      [
        9.1541625,
        52.3405786
      ],
      [
        9.1541871,
        52.3406248
      ],
      [
        9.1542076,
        52.3406207
      ],
      [
        9.1542253,
        52.3406539
      ],
      [
        9.1541634,
        52.3406662
      ],
      [
        9.1540793,
        52.340683
      ],
      [
        9.1540614,
        52.3406495
      ],
      [
        9.1540369,
        52.3406036
      ]
    ]
  ],
  ""type"": ""Polygon""
}",
08b1f102b038cfff020158836e4a77ee,"{
  ""xmax"": 9.153392791748047e+00,
  ""xmin"": 9.153250694274902e+00,
  ""ymax"": 5.234083938598633e+01,
  ""ymin"": 5.234072875976562e+01
}",0,"{
  ""list"": [
    {
      ""element"": {
        ""dataset"": ""OpenStreetMap"",
        ""property"": """",
        ""record_id"": ""w972644034@1"",
        ""update_time"": ""2021-08-12T17:30:03.000Z""
      }
    }
  ]
}",,,false,,,,,,,,gabled,,across,#B03060,,08b1f102b038cfff02000c8b57d47a65,"{
  ""coordinates"": [
    [
      [
        9.1532635,
        52.3408016
      ],
      [
        9.1532514,
        52.3407798
      ],
      [
        9.1532747,
        52.340775
      ],
      [
        9.1532599,
        52.3407483
      ],
      [
        9.1533469,
        52.3407303
      ],
      [
        9.1533754,
        52.3407817
      ],
      [
        9.1533913,
        52.3408105
      ],
      [
        9.1532811,
        52.3408333
      ],
      [
        9.1532635,
        52.3408016
      ]
    ]
  ],
  ""type"": ""Polygon""
}",
08b1f102b0388fff0201331b6bf8f98f,"{
  ""xmax"": 9.154062271118164e+00,
  ""xmin"": 9.154005050659180e+00,
  ""ymax"": 5.234065628051758e+01,
  ""ymin"": 5.234060287475586e+01
}",0,"{
  ""list"": [
    {
      ""element"": {
        ""dataset"": ""OpenStreetMap"",
        ""property"": """",
        ""record_id"": ""w972644029@1"",
        ""update_time"": ""2021-08-12T17:30:03.000Z""
      }
    }
  ]
}",,,false,,,,,,,,flat,,,#778899,,08b1f102b0389fff020024f9daaa3286,"{
  ""coordinates"": [
    [
      [
        9.1540614,
        52.3406495
      ],
      [
        9.1540302,
        52.3406558
      ],
      [
        9.1540057,
        52.3406098
      ],
      [
        9.1540369,
        52.3406036
      ],
      [
        9.1540614,
        52.3406495
      ]
    ]
  ],
  ""type"": ""Polygon""
}",
08b1f102b03aafff02012930b84e2008,"{
  ""xmax"": 9.153187751770020e+00,
  ""xmin"": 9.153050422668457e+00,
  ""ymax"": 5.234132003784180e+01,
  ""ymin"": 5.234121704101562e+01
}",0,"{
  ""list"": [
    {
      ""element"": {
        ""dataset"": ""OpenStreetMap"",
        ""property"": """",
        ""record_id"": ""w870470210@1"",
        ""update_time"": ""2020-11-11T18:00:41.000Z""
      }
    }
  ]
}",,,false,,,,,,,,gabled,,,#778899,,08b1f102b03aafff0200099e287a6f59,"{
  ""coordinates"": [
    [
      [
        9.1531772,
        52.341267
      ],
      [
        9.1531873,
        52.341268
      ],
      [
        9.153175,
        52.3413185
      ],
      [
        9.1530513,
        52.3413072
      ],
      [
        9.1530718,
        52.3412231
      ],
      [
        9.1531855,
        52.3412334
      ],
      [
        9.1531772,
        52.341267
      ]
    ]
  ],
  ""type"": ""Polygon""
}",
08b1f102b03aafff02019e592a7b54d8,"{
  ""xmax"": 9.153384208679199e+00,
  ""xmin"": 9.153176307678223e+00,
  ""ymax"": 5.234128189086914e+01,
  ""ymin"": 5.234115219116211e+01
}",0,"{
  ""list"": [
    {
      ""element"": {
        ""dataset"": ""OpenStreetMap"",
        ""property"": """",
        ""record_id"": ""w870470211@1"",
        ""update_time"": ""2020-11-11T18:00:41.000Z""
      }
    }
  ]
}",,,false,,,,,,,,gabled,,,#778899,,08b1f102b03aafff0200099e287a6f59,"{
  ""coordinates"": [
    [
      [
        9.1532053,
        52.341153
      ],
      [
        9.1533827,
        52.3411693
      ],
      [
        9.1533567,
        52.3412748
      ],
      [
        9.1533391,
        52.3412732
      ],
      [
        9.153337,
        52.3412817
      ],
      [
        9.1533102,
        52.3412792
      ],
      [
        9.1531873,
        52.341268
      ],
      [
        9.1531772,
        52.341267
      ],
      [
        9.1531855,
        52.3412334
      ],
      [
        9.1532053,
        52.341153
      ]
    ]
  ],
  ""type"": ""Polygon""
}",
08b1f102b03abfff02013257d14fa54e,"{
  ""xmax"": 9.153411865234375e+00,
  ""xmin"": 9.153292655944824e+00,
  ""ymax"": 5.234135818481445e+01,
  ""ymin"": 5.234126663208008e+01
}",0,"{
  ""list"": [
    {
      ""element"": {
        ""dataset"": ""OpenStreetMap"",
        ""property"": """",
        ""record_id"": ""w870470209@1"",
        ""update_time"": ""2020-11-11T18:00:41.000Z""
      }
    }
  ]
}",,,false,,,,,,,,gabled,,,#778899,,08b1f102b03aafff0200099e287a6f59,"{
  ""coordinates"": [
    [
      [
        9.1533102,
        52.3412792
      ],
      [
        9.153337,
        52.3412817
      ],
      [
        9.1533391,
        52.3412732
      ],
      [
        9.1533567,
        52.3412748
      ],
      [
        9.1534116,
        52.3412804
      ],
      [
        9.1533928,
        52.3413574
      ],
      [
        9.1532933,
        52.3413483
      ],
      [
        9.1533102,
        52.3412792
      ]
    ]
  ],
  ""type"": ""Polygon""
}",
08b1f102b0389fff02011caad2f098e7,"{
  ""xmax"": 9.154245376586914e+00,
  ""xmin"": 9.154181480407715e+00,
  ""ymax"": 5.234050369262695e+01,
  ""ymin"": 5.234047317504883e+01
}",0,"{
  ""list"": [
    {
      ""element"": {
        ""dataset"": ""OpenStreetMap"",
        ""property"": """",
        ""record_id"": ""w972644030@2"",
        ""update_time"": ""2023-06-04T20:08:04.000Z""
      }
    }
  ]
}",,,false,,,,,,,,,,,#FF0000,,08b1f102b0389fff020024f9daaa3286,"{
  ""coordinates"": [
    [
      [
        9.154192,
        52.3405022
      ],
      [
        9.1541823,
        52.340484
      ],
      [
        9.1542354,
        52.3404735
      ],
      [
        9.154245,
        52.3404916
      ],
      [
        9.154192,
        52.3405022
      ]
    ]
  ],
  ""type"": ""Polygon""
}",
08b1f102b0389fff02011a3888a73081,"{
  ""xmax"": 9.154241561889648e+00,
  ""xmin"": 9.154163360595703e+00,
  ""ymax"": 5.234070205688477e+01,
  ""ymin"": 5.234065246582031e+01
}",0,"{
  ""list"": [
    {
      ""element"": {
        ""dataset"": ""OpenStreetMap"",
        ""property"": """",
        ""record_id"": ""w972644031@1"",
        ""update_time"": ""2021-08-12T17:30:03.000Z""
      }
    }
  ]
}",,,false,,,,,,,,gabled,,across,#FF0000,,08b1f102b0389fff020024f9daaa3286,"{
  ""coordinates"": [
    [
      [
        9.1542253,
        52.3406539
      ],
      [
        9.1542409,
        52.3406832
      ],
      [
        9.154179,
        52.3406955
      ],
      [
        9.1541634,
        52.3406662
      ],
      [
        9.1542253,
        52.3406539
      ]
    ]
  ],
  ""type"": ""Polygon""
}",
08b1f102b021afff02014e61c9233320,"{
  ""xmax"": 9.157078742980957e+00,
  ""xmin"": 9.157008171081543e+00,
  ""ymax"": 5.234003448486328e+01,
  ""ymin"": 5.233996963500977e+01
}",0,"{
  ""list"": [
    {
      ""element"": {
        ""dataset"": ""OpenStreetMap"",
        ""property"": """",
        ""record_id"": ""w972947061@1"",
        ""update_time"": ""2021-08-13T19:34:20.000Z""
      }
    }
  ]
}",,,false,,,,,,,,flat,,,#FFFFFF,,08b1f102b021afff0200c9133c32d465,"{
  ""coordinates"": [
    [
      [
        9.1570773,
        52.3400241
      ],
      [
        9.1570164,
        52.3400278
      ],
      [
        9.1570085,
        52.3399795
      ],
      [
        9.1570694,
        52.3399757
      ],
      [
        9.1570773,
        52.3400241
      ]
    ]
  ],
  ""type"": ""Polygon""
}",
08b1f102b0214fff0201ee2d8a9bc79f,"{
  ""xmax"": 9.155103683471680e+00,
  ""xmin"": 9.154963493347168e+00,
  ""ymax"": 5.234077835083008e+01,
  ""ymin"": 5.234075164794922e+01
}",0,"{
  ""list"": [
    {
      ""element"": {
        ""dataset"": ""OpenStreetMap"",
        ""property"": """",
        ""record_id"": ""w870470205@1"",
        ""update_time"": ""2020-11-11T18:00:41.000Z""
      }
    }
  ]
}",,,false,,,,,,,,,,,#FF0000,,08b1f102b0214fff020098de81ca3f85,"{
  ""coordinates"": [
    [
      [
        9.1549642,
        52.3407783
      ],
      [
        9.1549641,
        52.3407741
      ],
      [
        9.1549637,
        52.3407527
      ],
      [
        9.1549949,
        52.3407525
      ],
      [
        9.1550959,
        52.3407519
      ],
      [
        9.1551018,
        52.3407518
      ],
      [
        9.1551022,
        52.3407774
      ],
      [
        9.1549642,
        52.3407783
      ]
    ]
  ],
  ""type"": ""Polygon""
}",
08b1f102b0214fff02016360050f39e1,"{
  ""xmax"": 9.155115127563477e+00,
  ""xmin"": 9.154866218566895e+00,
  ""ymax"": 5.234087371826172e+01,
  ""ymin"": 5.234076690673828e+01
}",0,"{
  ""list"": [
    {
      ""element"": {
        ""dataset"": ""OpenStreetMap"",
        ""property"": """",
        ""record_id"": ""w646029986@2"",
        ""update_time"": ""2020-11-11T18:00:41.000Z""
      }
    }
  ]
}",,,false,,,,,,,,gabled,,,#FF0000,,08b1f102b0214fff020098de81ca3f85,"{
  ""coordinates"": [
    [
      [
        9.1548689,
        52.3408726
      ],
      [
        9.1548671,
        52.3407747
      ],
      [
        9.1549641,
        52.3407741
      ],
      [
        9.1549642,
        52.3407783
      ],
      [
        9.1551022,
        52.3407774
      ],
      [
        9.1551126,
        52.3407773
      ],
      [
        9.1551143,
        52.3408709
      ],
      [
        9.1548689,
        52.3408726
      ]
    ]
  ],
  ""type"": ""Polygon""
}",
08b1f102b0214fff0201d3ecf3a0dd5a,"{
  ""xmax"": 9.155096054077148e+00,
  ""xmin"": 9.154993057250977e+00,
  ""ymax"": 5.234075927734375e+01,
  ""ymin"": 5.234073257446289e+01
}",0,"{
  ""list"": [
    {
      ""element"": {
        ""dataset"": ""OpenStreetMap"",
        ""property"": """",
        ""record_id"": ""w870470204@1"",
        ""update_time"": ""2020-11-11T18:00:41.000Z""
      }
    }
  ]
}",,,false,,,,,,,,,,,#FFFFFF,,08b1f102b0214fff020098de81ca3f85,"{
  ""coordinates"": [
    [
      [
        9.1549949,
        52.3407525
      ],
      [
        9.1549946,
        52.3407347
      ],
      [
        9.1550956,
        52.340734
      ],
      [
        9.1550959,
        52.3407519
      ],
      [
        9.1549949,
        52.3407525
      ]
    ]
  ],
  ""type"": ""Polygon""
}",
08b1f102b021cfff0201aa620141279d,"{
  ""xmax"": 9.157094001770020e+00,
  ""xmin"": 9.157076835632324e+00,
  ""ymax"": 5.234047698974609e+01,
  ""ymin"": 5.234041595458984e+01
}",0,"{
  ""list"": [
    {
      ""element"": {
        ""dataset"": ""OpenStreetMap"",
        ""property"": """",
        ""record_id"": ""w972947058@1"",
        ""update_time"": ""2021-08-13T19:34:20.000Z""
      }
    }
  ]
}",,,false,,,,,,,,gabled,,across,#FF0000,,08b1f102b021cfff020021e08b7601b0,"{
  ""coordinates"": [
    [
      [
        9.1570938,
        52.3404226
      ],
      [
        9.1570938,
        52.3404754
      ],
      [
        9.157077,
        52.3404754
      ],
      [
        9.157077,
        52.3404225
      ],
      [
        9.1570938,
        52.3404226
      ]
    ]
  ],
  ""type"": ""Polygon""
}",
08b1f102b03acfff0201c367c5f9ec40,"{
  ""xmax"": 9.152585029602051e+00,
  ""xmin"": 9.152444839477539e+00,
  ""ymax"": 5.234183883666992e+01,
  ""ymin"": 5.234175109863281e+01
}",0,"{
  ""list"": [
    {
      ""element"": {
        ""dataset"": ""OpenStreetMap"",
        ""property"": """",
        ""record_id"": ""w870870156@1"",
        ""update_time"": ""2020-11-12T17:38:13.000Z""
      }
    }
  ]
}",,,false,,,,,,,,gabled,,,#778899,,08b1f102b03acfff02004308b85a9d45,"{
  ""coordinates"": [
    [
      [
        9.1525841,
        52.3417606
      ],
      [
        9.1525809,
        52.3418386
      ],
      [
        9.1524452,
        52.3418365
      ],
      [
        9.1524484,
        52.3417585
      ],
      [
        9.1525294,
        52.3417598
      ],
      [
        9.1525841,
        52.3417606
      ]
    ]
  ],
  ""type"": ""Polygon""
}",
08b1f102b0316fff02010816f9378704,"{
  ""xmax"": 9.151813507080078e+00,
  ""xmin"": 9.151669502258301e+00,
  ""ymax"": 5.234239196777344e+01,
  ""ymin"": 5.234228897094727e+01
}",0,"{
  ""list"": [
    {
      ""element"": {
        ""dataset"": ""OpenStreetMap"",
        ""property"": """",
        ""record_id"": ""w870870160@1"",
        ""update_time"": ""2020-11-12T17:38:13.000Z""
      }
    }
  ]
}",,,false,,,,,,,,gabled,,,#B03060,,08b1f102b0316fff0200918319273647,"{
  ""coordinates"": [
    [
      [
        9.1517824,
        52.3423849
      ],
      [
        9.1517148,
        52.3423826
      ],
      [
        9.1516704,
        52.342381
      ],
      [
        9.1516784,
        52.3422958
      ],
      [
        9.1518134,
        52.3423006
      ],
      [
        9.1518055,
        52.3423858
      ],
      [
        9.1517824,
        52.3423849
      ]
    ]
  ],
  ""type"": ""Polygon""
}",
08b1f102b03a1fff0201daeaaabf1e34,"{
  ""xmax"": 9.152530670166016e+00,
  ""xmin"": 9.152447700500488e+00,
  ""ymax"": 5.234176635742188e+01,
  ""ymin"": 5.234173202514648e+01
}",0,"{
  ""list"": [
    {
      ""element"": {
        ""dataset"": ""OpenStreetMap"",
        ""property"": """",
        ""record_id"": ""w870870155@2"",
        ""update_time"": ""2021-05-17T05:21:17.000Z""
      }
    }
  ]
}",,,false,,,,,,,,gabled,,across,#778899,,08b1f102b03acfff02004308b85a9d45,"{
  ""coordinates"": [
    [
      [
        9.1525294,
        52.3417598
      ],
      [
        9.1524484,
        52.3417585
      ],
      [
        9.1524495,
        52.3417323
      ],
      [
        9.1525305,
        52.3417336
      ],
      [
        9.1525294,
        52.3417598
      ]
    ]
  ],
  ""type"": ""Polygon""
}",
08b1f102b0312fff02015fefcf9ac08a,"{
  ""xmax"": 9.152510643005371e+00,
  ""xmin"": 9.152429580688477e+00,
  ""ymax"": 5.234224700927734e+01,
  ""ymin"": 5.234222030639648e+01
}",0,"{
  ""list"": [
    {
      ""element"": {
        ""dataset"": ""OpenStreetMap"",
        ""property"": """",
        ""record_id"": ""w870870157@1"",
        ""update_time"": ""2020-11-12T17:38:13.000Z""
      }
    }
  ]
}",,,false,,,,,,,,,,,#FF0000,,08b1f102b0312fff02002dd01caef596,"{
  ""coordinates"": [
    [
      [
        9.1525092,
        52.3422268
      ],
      [
        9.1525091,
        52.3422398
      ],
      [
        9.1524299,
        52.3422395
      ],
      [
        9.1524301,
        52.3422264
      ],
      [
        9.1525092,
        52.3422268
      ]
    ]
  ],
  ""type"": ""Polygon""
}",
08b1f102b0312fff02012cbc3624ba5f,"{
  ""xmax"": 9.152568817138672e+00,
  ""xmin"": 9.152378082275391e+00,
  ""ymax"": 5.234222793579102e+01,
  ""ymin"": 5.234213256835938e+01
}",0,"{
  ""list"": [
    {
      ""element"": {
        ""dataset"": ""OpenStreetMap"",
        ""property"": """",
        ""record_id"": ""w870870158@1"",
        ""update_time"": ""2020-11-12T17:38:13.000Z""
      }
    }
  ]
}",,,false,,,,,,,,gabled,,,#FF0000,,08b1f102b0312fff02002dd01caef596,"{
  ""coordinates"": [
    [
      [
        9.1525092,
        52.3422268
      ],
      [
        9.1524301,
        52.3422264
      ],
      [
        9.1523784,
        52.3422262
      ],
      [
        9.1523796,
        52.342133
      ],
      [
        9.1525687,
        52.3421338
      ],
      [
        9.1525675,
        52.342227
      ],
      [
        9.1525092,
        52.3422268
      ]
    ]
  ],
  ""type"": ""Polygon""
}",
08b1f102b0316fff020158c4d61b5116,"{
  ""xmax"": 9.151783943176270e+00,
  ""xmin"": 9.151710510253906e+00,
  ""ymax"": 5.234243011474609e+01,
  ""ymin"": 5.234237670898438e+01
}",0,"{
  ""list"": [
    {
      ""element"": {
        ""dataset"": ""OpenStreetMap"",
        ""property"": """",
        ""record_id"": ""w870870159@1"",
        ""update_time"": ""2020-11-12T17:38:13.000Z""
      }
    }
  ]
}",,,false,,,,,,,,gabled,,,#B03060,,08b1f102b0316fff0200918319273647,"{
  ""coordinates"": [
    [
      [
        9.1517824,
        52.3423849
      ],
      [
        9.1517782,
        52.3424299
      ],
      [
        9.1517106,
        52.3424275
      ],
      [
        9.1517148,
        52.3423826
      ],
      [
        9.1517824,
        52.3423849
      ]
    ]
  ],
  ""type"": ""Polygon""
}",
08b1f102b0310fff0201b7630d0ee2a6,"{
  ""xmax"": 9.152960777282715e+00,
  ""xmin"": 9.152791023254395e+00,
  ""ymax"": 5.234262847900391e+01,
  ""ymin"": 5.234252166748047e+01
}",0,"{
  ""list"": [
    {
      ""element"": {
        ""dataset"": ""OpenStreetMap"",
        ""property"": """",
        ""record_id"": ""w646031854@2"",
        ""update_time"": ""2020-11-12T17:38:13.000Z""
      }
    }
  ]
}",,,false,,,,,,,,gabled,,,#778899,,08b1f102b0310fff02006c6dab34ca57,"{
  ""coordinates"": [
    [
      [
        9.1527913,
        52.3426145
      ],
      [
        9.1528031,
        52.3425228
      ],
      [
        9.1529217,
        52.3425285
      ],
      [
        9.1529601,
        52.3425303
      ],
      [
        9.1529533,
        52.3425833
      ],
      [
        9.1529484,
        52.342622
      ],
      [
        9.1527913,
        52.3426145
      ]
    ]
  ],
  ""type"": ""Polygon""
}",
08b1f102b031cfff02017686297d9f5c,"{
  ""xmax"": 9.154207229614258e+00,
  ""xmin"": 9.154099464416504e+00,
  ""ymax"": 5.234267807006836e+01,
  ""ymin"": 5.234261703491211e+01
}",0,"{
  ""list"": [
    {
      ""element"": {
        ""dataset"": ""OpenStreetMap"",
        ""property"": """",
        ""record_id"": ""w870870161@2"",
        ""update_time"": ""2023-06-04T20:08:04.000Z""
      }
    }
  ]
}",,,false,,,,,,,,,,,#B03060,,08b1f102b031cfff0200f9c828cf132e,"{
  ""coordinates"": [
    [
      [
        9.1542068,
        52.3426273
      ],
      [
        9.1541953,
        52.3426763
      ],
      [
        9.1541328,
        52.3426708
      ],
      [
        9.1540997,
        52.3426679
      ],
      [
        9.1541069,
        52.3426377
      ],
      [
        9.1541113,
        52.3426189
      ],
      [
        9.1542068,
        52.3426273
      ]
    ]
  ],
  ""type"": ""Polygon""
}",
08b1f102b03a9fff02013eae7983f78c,"{
  ""xmax"": 9.154031753540039e+00,
  ""xmin"": 9.153898239135742e+00,
  ""ymax"": 5.234175872802734e+01,
  ""ymin"": 5.234165573120117e+01
}",0,"{
  ""list"": [
    {
      ""element"": {
        ""dataset"": ""OpenStreetMap"",
        ""property"": """",
        ""record_id"": ""w646029962@2"",
        ""update_time"": ""2020-11-11T18:00:41.000Z""
      }
    }
  ]
}",,,false,,,,,,,,gabled,,,#B03060,,08b1f102b03a9fff0200112fe15c983f,"{
  ""coordinates"": [
    [
      [
        9.1539168,
        52.341663
      ],
      [
        9.1540316,
        52.3416721
      ],
      [
        9.1540135,
        52.3417577
      ],
      [
        9.1538987,
        52.3417486
      ],
      [
        9.1539168,
        52.341663
      ]
    ]
  ],
  ""type"": ""Polygon""
}",
08b1f102b03a9fff0201eb1adc1e9787,"{
  ""xmax"": 9.154310226440430e+00,
  ""xmin"": 9.154237747192383e+00,
  ""ymax"": 5.234171295166016e+01,
  ""ymin"": 5.234167480468750e+01
}",0,"{
  ""list"": [
    {
      ""element"": {
        ""dataset"": ""OpenStreetMap"",
        ""property"": """",
        ""record_id"": ""w870470189@2"",
        ""update_time"": ""2021-05-17T05:21:17.000Z""
      }
    }
  ]
}",,,false,,,,,,,,gabled,,across,#778899,,08b1f102b0234fff02008f0ae93cdab9,"{
  ""coordinates"": [
    [
      [
        9.1543093,
        52.3416816
      ],
      [
        9.1543046,
        52.3417065
      ],
      [
        9.1542386,
        52.3417013
      ],
      [
        9.1542438,
        52.3416764
      ],
      [
        9.1543093,
        52.3416816
      ]
    ]
  ],
  ""type"": ""Polygon""
}",
08b1f102b031cfff0201a5282970ffea,"{
  ""xmax"": 9.154288291931152e+00,
  ""xmin"": 9.154099464416504e+00,
  ""ymax"": 5.234263992309570e+01,
  ""ymin"": 5.234252166748047e+01
}",0,"{
  ""list"": [
    {
      ""element"": {
        ""dataset"": ""OpenStreetMap"",
        ""property"": """",
        ""record_id"": ""w870870162@1"",
        ""update_time"": ""2020-11-12T17:38:13.000Z""
      }
    }
  ]
}",,,false,,,,,,,,gabled,,,#B03060,,08b1f102b031cfff0200f9c828cf132e,"{
  ""coordinates"": [
    [
      [
        9.1542671,
        52.3426326
      ],
      [
        9.1542068,
        52.3426273
      ],
      [
        9.1541113,
        52.3426189
      ],
      [
        9.1540995,
        52.3426179
      ],
      [
        9.1541205,
        52.3425285
      ],
      [
        9.1542882,
        52.3425432
      ],
      [
        9.1542671,
        52.3426326
      ]
    ]
  ],
  ""type"": ""Polygon""
}",
08b1f102b0335fff0201857b4320436b,"{
  ""xmax"": 9.152683258056641e+00,
  ""xmin"": 9.152493476867676e+00,
  ""ymax"": 5.234409713745117e+01,
  ""ymin"": 5.234395217895508e+01
}",0,"{
  ""list"": [
    {
      ""element"": {
        ""dataset"": ""OpenStreetMap"",
        ""property"": """",
        ""record_id"": ""w875409069@1"",
        ""update_time"": ""2020-11-21T09:00:15.000Z""
      }
    }
  ]
}",,,false,,,,,,,,gabled,,across,#FF0000,,08b1f102b0335fff0200fd351f3279bb,"{
  ""coordinates"": [
    [
      [
        9.1526314,
        52.3440969
      ],
      [
        9.1526007,
        52.3440921
      ],
      [
        9.1524942,
        52.3440757
      ],
      [
        9.1525005,
        52.344041
      ],
      [
        9.1525485,
        52.343953
      ],
      [
        9.1526826,
        52.3439803
      ],
      [
        9.1526713,
        52.3440009
      ],
      [
        9.1526314,
        52.3440969
      ]
    ]
  ],
  ""type"": ""Polygon""
}",
08b1f102b0326fff02014c506511dda0,"{
  ""xmax"": 9.152879714965820e+00,
  ""xmin"": 9.152661323547363e+00,
  ""ymax"": 5.234422302246094e+01,
  ""ymin"": 5.234409332275391e+01
}",0,"{
  ""list"": [
    {
      ""element"": {
        ""dataset"": ""OpenStreetMap"",
        ""property"": """",
        ""record_id"": ""w875409072@1"",
        ""update_time"": ""2020-11-21T09:00:15.000Z""
      }
    }
  ]
}",,,false,,,,,,,,half_hipped,,,#FF0000,,08b1f102b0335fff0200fd351f3279bb,"{
  ""coordinates"": [
    [
      [
        9.1527662,
        52.3441003
      ],
      [
        9.1528789,
        52.3441169
      ],
      [
        9.1528398,
        52.3442163
      ],
      [
        9.1526614,
        52.3441901
      ],
      [
        9.1526943,
        52.3441066
      ],
      [
        9.1527264,
        52.3441113
      ],
      [
        9.1527662,
        52.3441003
      ]
    ]
  ],
  ""type"": ""Polygon""
}",
08b1f102b0335fff02018a9e7e8e4a18,"{
  ""xmax"": 9.152799606323242e+00,
  ""xmin"": 9.152629852294922e+00,
  ""ymax"": 5.234411239624023e+01,
  ""ymin"": 5.234399414062500e+01
}",0,"{
  ""list"": [
    {
      ""element"": {
        ""dataset"": ""OpenStreetMap"",
        ""property"": """",
        ""record_id"": ""w875409071@1"",
        ""update_time"": ""2020-11-21T09:00:15.000Z""
      }
    }
  ]
}",,,false,,,,,,,,half_hipped,,,#FF0000,,08b1f102b0335fff0200fd351f3279bb,"{
  ""coordinates"": [
    [
      [
        9.1527662,
        52.3441003
      ],
      [
        9.1527264,
        52.3441113
      ],
      [
        9.1526943,
        52.3441066
      ],
      [
        9.1526314,
        52.3440969
      ],
      [
        9.1526713,
        52.3440009
      ],
      [
        9.1527993,
        52.3440207
      ],
      [
        9.1527913,
        52.3440398
      ],
      [
        9.1527703,
        52.3440906
      ],
      [
        9.1527662,
        52.3441003
      ]
    ]
  ],
  ""type"": ""Polygon""
}",
08b1f102b0335fff020161b9c3aad069,"{
  ""xmax"": 9.152602195739746e+00,
  ""xmin"": 9.152468681335449e+00,
  ""ymax"": 5.234421920776367e+01,
  ""ymin"": 5.234407424926758e+01
}",0,"{
  ""list"": [
    {
      ""element"": {
        ""dataset"": ""OpenStreetMap"",
        ""property"": """",
        ""record_id"": ""w875409068@1"",
        ""update_time"": ""2020-11-21T09:00:15.000Z""
      }
    }
  ]
}",,,false,,,,,,,,,,,,,08b1f102b0335fff0200fd351f3279bb,"{
  ""coordinates"": [
    [
      [
        9.1526007,
        52.3440921
      ],
      [
        9.1525778,
        52.3442179
      ],
      [
        9.1524696,
        52.3442106
      ],
      [
        9.1524942,
        52.3440757
      ],
      [
        9.1526007,
        52.3440921
      ]
    ]
  ],
  ""type"": ""Polygon""
}",
08b1f102b0335fff02012ef877910419,"{
  ""xmax"": 9.152805328369141e+00,
  ""xmin"": 9.152770042419434e+00,
  ""ymax"": 5.234409332275391e+01,
  ""ymin"": 5.234403228759766e+01
}",0,"{
  ""list"": [
    {
      ""element"": {
        ""dataset"": ""OpenStreetMap"",
        ""property"": """",
        ""record_id"": ""w875409070@1"",
        ""update_time"": ""2020-11-21T09:00:15.000Z""
      }
    }
  ]
}",,,false,,,,,,,,,,,#FF0000,,08b1f102b0335fff0200fd351f3279bb,"{
  ""coordinates"": [
    [
      [
        9.1527703,
        52.3440906
      ],
      [
        9.1527913,
        52.3440398
      ],
      [
        9.1528047,
        52.3440419
      ],
      [
        9.1527836,
        52.3440926
      ],
      [
        9.1527703,
        52.3440906
      ]
    ]
  ],
  ""type"": ""Polygon""
}",
08b1f102b0226fff020153500b6c7c2b,"{
  ""xmax"": 9.155641555786133e+00,
  ""xmin"": 9.155444145202637e+00,
  ""ymax"": 5.234207916259766e+01,
  ""ymin"": 5.234193038940430e+01
}",0,"{
  ""list"": [
    {
      ""element"": {
        ""dataset"": ""OpenStreetMap"",
        ""property"": """",
        ""record_id"": ""w632158081@1"",
        ""update_time"": ""2018-10-09T11:37:34.000Z""
      }
    }
  ]
}",,,false,,,,,,,,gabled,,,#778899,,08b1f102b0226fff0200deb46993c914,"{
  ""coordinates"": [
    [
      [
        9.1556413,
        52.3419558
      ],
      [
        9.1556348,
        52.3419774
      ],
      [
        9.1556093,
        52.3420622
      ],
      [
        9.1556065,
        52.3420717
      ],
      [
        9.1554442,
        52.3420535
      ],
      [
        9.1554791,
        52.3419376
      ],
      [
        9.1556413,
        52.3419558
      ]
    ]
  ],
  ""type"": ""Polygon""
}",
08b1f102b0234fff020192e616d0c607,"{
  ""xmax"": 9.154810905456543e+00,
  ""xmin"": 9.154639244079590e+00,
  ""ymax"": 5.234181976318359e+01,
  ""ymin"": 5.234166717529297e+01
}",0,"{
  ""list"": [
    {
      ""element"": {
        ""dataset"": ""OpenStreetMap"",
        ""property"": """",
        ""record_id"": ""w870470188@1"",
        ""update_time"": ""2020-11-11T18:00:41.000Z""
      }
    }
  ]
}",,,false,,,,,,,,gabled,,,#778899,,08b1f102b0234fff020002c9e1514d36,"{
  ""coordinates"": [
    [
      [
        9.1546664,
        52.3416739
      ],
      [
        9.1548108,
        52.3416853
      ],
      [
        9.154796,
        52.3417552
      ],
      [
        9.1547839,
        52.3418123
      ],
      [
        9.1546395,
        52.3418009
      ],
      [
        9.1546664,
        52.3416739
      ]
    ]
  ],
  ""type"": ""Polygon""
}",
08b1f102b0234fff020108f0b03e1dce,"{
  ""xmax"": 9.154864311218262e+00,
  ""xmin"": 9.154795646667480e+00,
  ""ymax"": 5.234176635742188e+01,
  ""ymin"": 5.234167861938477e+01
}",0,"{
  ""list"": [
    {
      ""element"": {
        ""dataset"": ""OpenStreetMap"",
        ""property"": """",
        ""record_id"": ""w870470187@1"",
        ""update_time"": ""2020-11-11T18:00:41.000Z""
      }
    }
  ]
}",,,false,,,,,,,,,,,#778899,,08b1f102b0234fff020002c9e1514d36,"{
  ""coordinates"": [
    [
      [
        9.154796,
        52.3417552
      ],
      [
        9.1548108,
        52.3416853
      ],
      [
        9.1548634,
        52.3416895
      ],
      [
        9.1548486,
        52.3417594
      ],
      [
        9.154796,
        52.3417552
      ]
    ]
  ],
  ""type"": ""Polygon""
}",
08b1f102b0226fff02013cd18aa0051e,"{
  ""xmax"": 9.155669212341309e+00,
  ""xmin"": 9.155609130859375e+00,
  ""ymax"": 5.234206771850586e+01,
  ""ymin"": 5.234197616577148e+01
}",0,"{
  ""list"": [
    {
      ""element"": {
        ""dataset"": ""OpenStreetMap"",
        ""property"": """",
        ""record_id"": ""w632158078@1"",
        ""update_time"": ""2018-10-09T11:37:34.000Z""
      }
    }
  ]
}",,,false,,,,,,,,,,,#FFFFFF,,08b1f102b0226fff0200deb46993c914,"{
  ""coordinates"": [
    [
      [
        9.1556093,
        52.3420622
      ],
      [
        9.1556348,
        52.3419774
      ],
      [
        9.1556683,
        52.3419812
      ],
      [
        9.1556428,
        52.342066
      ],
      [
        9.1556093,
        52.3420622
      ]
    ]
  ],
  ""type"": ""Polygon""
}",
08b1f102b0220fff0201b85ebc3aa4d3,"{
  ""xmax"": 9.156588554382324e+00,
  ""xmin"": 9.156381607055664e+00,
  ""ymax"": 5.234240341186523e+01,
  ""ymin"": 5.234230041503906e+01
}",0,"{
  ""list"": [
    {
      ""element"": {
        ""dataset"": ""OpenStreetMap"",
        ""property"": """",
        ""record_id"": ""w871389514@1"",
        ""update_time"": ""2020-11-13T17:11:41.000Z""
      }
    }
  ]
}",,,false,,,,,,,,gabled,,,#B03060,,08b1f102b0220fff02001cbd71720a60,"{
  ""coordinates"": [
    [
      [
        9.156587,
        52.3423933
      ],
      [
        9.156525,
        52.3423945
      ],
      [
        9.1563863,
        52.3423971
      ],
      [
        9.1563819,
        52.3423116
      ],
      [
        9.1565031,
        52.3423093
      ],
      [
        9.1565825,
        52.3423077
      ],
      [
        9.1565832,
        52.3423213
      ],
      [
        9.156587,
        52.3423933
      ]
    ]
  ],
  ""type"": ""Polygon""
}",
08b1f102b0225fff02019751e55a8147,"{
  ""xmax"": 9.156527519226074e+00,
  ""xmin"": 9.156385421752930e+00,
  ""ymax"": 5.234243774414062e+01,
  ""ymin"": 5.234238815307617e+01
}",0,"{
  ""list"": [
    {
      ""element"": {
        ""dataset"": ""OpenStreetMap"",
        ""property"": """",
        ""record_id"": ""w871389513@1"",
        ""update_time"": ""2020-11-13T17:11:41.000Z""
      }
    }
  ]
}",,,false,,,,,,,,,,,#B03060,,08b1f102b0220fff02001cbd71720a60,"{
  ""coordinates"": [
    [
      [
        9.156525,
        52.3423945
      ],
      [
        9.1565267,
        52.3424285
      ],
      [
        9.1563881,
        52.3424311
      ],
      [
        9.1563863,
        52.3423971
      ],
      [
        9.156525,
        52.3423945
      ]
    ]
  ],
  ""type"": ""Polygon""
}",
08b1f102b0220fff0201a775420645f3,"{
  ""xmax"": 9.156582832336426e+00,
  ""xmin"": 9.156501770019531e+00,
  ""ymax"": 5.234231567382812e+01,
  ""ymin"": 5.234227752685547e+01
}",0,"{
  ""list"": [
    {
      ""element"": {
        ""dataset"": ""OpenStreetMap"",
        ""property"": """",
        ""record_id"": ""w871389508@1"",
        ""update_time"": ""2020-11-13T17:11:41.000Z""
      }
    }
  ]
}",,,false,,,,,,,,flat,,,#FFFFFF,,08b1f102b0220fff02001cbd71720a60,"{
  ""coordinates"": [
    [
      [
        9.1565031,
        52.3423093
      ],
      [
        9.1565018,
        52.3422852
      ],
      [
        9.1565581,
        52.3422841
      ],
      [
        9.1565812,
        52.3422837
      ],
      [
        9.1565825,
        52.3423077
      ],
      [
        9.1565031,
        52.3423093
      ]
    ]
  ],
  ""type"": ""Polygon""
}",
08b1f102b0221fff0201d3c9029dfd43,"{
  ""xmax"": 9.156971931457520e+00,
  ""xmin"": 9.156815528869629e+00,
  ""ymax"": 5.234223556518555e+01,
  ""ymin"": 5.234217834472656e+01
}",0,"{
  ""list"": [
    {
      ""element"": {
        ""dataset"": ""OpenStreetMap"",
        ""property"": """",
        ""record_id"": ""w871389506@1"",
        ""update_time"": ""2020-11-13T17:11:41.000Z""
      }
    }
  ]
}",,,false,,,,,,,,flat,,,#778899,,08b1f102b0221fff020085c667800a15,"{
  ""coordinates"": [
    [
      [
        9.1568265,
        52.3422352
      ],
      [
        9.1568158,
        52.3422045
      ],
      [
        9.1569606,
        52.3421857
      ],
      [
        9.1569713,
        52.3422163
      ],
      [
        9.1568265,
        52.3422352
      ]
    ]
  ],
  ""type"": ""Polygon""
}",
08b1f102b0221fff020129a00de5b3ab,"{
  ""xmax"": 9.156991958618164e+00,
  ""xmin"": 9.156825065612793e+00,
  ""ymax"": 5.234230041503906e+01,
  ""ymin"": 5.234220886230469e+01
}",0,"{
  ""list"": [
    {
      ""element"": {
        ""dataset"": ""OpenStreetMap"",
        ""property"": """",
        ""record_id"": ""w871389507@1"",
        ""update_time"": ""2020-11-13T17:11:41.000Z""
      }
    }
  ]
}",,,false,,,,,,,,gabled,,,#778899,,08b1f102b0221fff020085c667800a15,"{
  ""coordinates"": [
    [
      [
        9.156847,
        52.3422942
      ],
      [
        9.1568265,
        52.3422352
      ],
      [
        9.1569713,
        52.3422163
      ],
      [
        9.1569918,
        52.3422753
      ],
      [
        9.156847,
        52.3422942
      ]
    ]
  ],
  ""type"": ""Polygon""
}",
08b1f102b0309fff020162dbbbda592d,"{
  ""xmax"": 9.156732559204102e+00,
  ""xmin"": 9.156680107116699e+00,
  ""ymax"": 5.234318542480469e+01,
  ""ymin"": 5.234315490722656e+01
}",0,"{
  ""list"": [
    {
      ""element"": {
        ""dataset"": ""OpenStreetMap"",
        ""property"": """",
        ""record_id"": ""w876252852@1"",
        ""update_time"": ""2020-11-23T17:55:25.000Z""
      }
    }
  ]
}",,,false,,,,,,,,,,,,,08b1f102b0309fff020041b91e33adb2,"{
  ""coordinates"": [
    [
      [
        9.1566805,
        52.3431846
      ],
      [
        9.1566807,
        52.3431788
      ],
      [
        9.1566813,
        52.3431567
      ],
      [
        9.1567311,
        52.3431572
      ],
      [
        9.1567304,
        52.343185
      ],
      [
        9.1566805,
        52.3431846
      ]
    ]
  ],
  ""type"": ""Polygon""
}",
08b1f102b0309fff02013b0f64771d35,"{
  ""xmax"": 9.156730651855469e+00,
  ""xmin"": 9.156557083129883e+00,
  ""ymax"": 5.234326934814453e+01,
  ""ymin"": 5.234317016601562e+01
}",0,"{
  ""list"": [
    {
      ""element"": {
        ""dataset"": ""OpenStreetMap"",
        ""property"": """",
        ""record_id"": ""w876252853@1"",
        ""update_time"": ""2020-11-23T17:55:25.000Z""
      }
    }
  ]
}",,,false,,,,,,,,half_hipped,,,#FF0000,,08b1f102b0309fff020041b91e33adb2,"{
  ""coordinates"": [
    [
      [
        9.1567283,
        52.3432687
      ],
      [
        9.156558,
        52.3432671
      ],
      [
        9.1565603,
        52.3431776
      ],
      [
        9.1566807,
        52.3431788
      ],
      [
        9.1566805,
        52.3431846
      ],
      [
        9.1567304,
        52.343185
      ],
      [
        9.1567283,
        52.3432687
      ]
    ]
  ],
  ""type"": ""Polygon""
}",
08b1f102b0354fff020151aa37539744,"{
  ""xmax"": 9.157016754150391e+00,
  ""xmin"": 9.156903266906738e+00,
  ""ymax"": 5.234326934814453e+01,
  ""ymin"": 5.234316253662109e+01
}",0,"{
  ""list"": [
    {
      ""element"": {
        ""dataset"": ""OpenStreetMap"",
        ""property"": """",
        ""record_id"": ""w876252845@1"",
        ""update_time"": ""2020-11-23T17:55:25.000Z""
      }
    }
  ]
}",,,false,,,,,,,,gabled,,across,#FF0000,,08b1f102b0354fff020067efaad5beb6,"{
  ""coordinates"": [
    [
      [
        9.1570113,
        52.3432478
      ],
      [
        9.1569508,
        52.3432468
      ],
      [
        9.1569498,
        52.343269
      ],
      [
        9.1569034,
        52.3432682
      ],
      [
        9.1569057,
        52.3432193
      ],
      [
        9.1569083,
        52.3431639
      ],
      [
        9.1570152,
        52.3431658
      ],
      [
        9.1570113,
        52.3432478
      ]
    ]
  ],
  ""type"": ""Polygon""
}",
08b1f102b0354fff0201b3e992441777,"{
  ""xmax"": 9.157072067260742e+00,
  ""xmin"": 9.157009124755859e+00,
  ""ymax"": 5.234329986572266e+01,
  ""ymin"": 5.234324645996094e+01
}",0,"{
  ""list"": [
    {
      ""element"": {
        ""dataset"": ""OpenStreetMap"",
        ""property"": """",
        ""record_id"": ""w876252848@1"",
        ""update_time"": ""2020-11-23T17:55:25.000Z""
      }
    }
  ]
}",,,false,,,,,,,,skillion,,,#FF0000,,08b1f102b0354fff0200718699d6e4ce,"{
  ""coordinates"": [
    [
      [
        9.1570113,
        52.3432478
      ],
      [
        9.1570713,
        52.3432489
      ],
      [
        9.1570702,
        52.3432715
      ],
      [
        9.1570692,
        52.343294
      ],
      [
        9.1570092,
        52.343293
      ],
      [
        9.1570113,
        52.3432478
      ]
    ]
  ],
  ""type"": ""Polygon""
}",
08b1f102b0354fff0201869b22ebf08e,"{
  ""xmax"": 9.157011985778809e+00,
  ""xmin"": 9.156947135925293e+00,
  ""ymax"": 5.234329986572266e+01,
  ""ymin"": 5.234324645996094e+01
}",0,"{
  ""list"": [
    {
      ""element"": {
        ""dataset"": ""OpenStreetMap"",
        ""property"": """",
        ""record_id"": ""w876252847@1"",
        ""update_time"": ""2020-11-23T17:55:25.000Z""
      }
    }
  ]
}",,,false,,,,,,,,skillion,,,#FF0000,,08b1f102b0354fff020067efaad5beb6,"{
  ""coordinates"": [
    [
      [
        9.1569498,
        52.343269
      ],
      [
        9.1569508,
        52.3432468
      ],
      [
        9.1570113,
        52.3432478
      ],
      [
        9.1570092,
        52.343293
      ],
      [
        9.1569487,
        52.3432919
      ],
      [
        9.1569498,
        52.343269
      ]
    ]
  ],
  ""type"": ""Polygon""
}",
08b1f102b02e6fff02013e9149f869e6,"{
  ""xmax"": 9.158395767211914e+00,
  ""xmin"": 9.158175468444824e+00,
  ""ymax"": 5.234000396728516e+01,
  ""ymin"": 5.233988189697266e+01
}",0,"{
  ""list"": [
    {
      ""element"": {
        ""dataset"": ""OpenStreetMap"",
        ""property"": """",
        ""record_id"": ""w972644028@1"",
        ""update_time"": ""2021-08-12T17:30:03.000Z""
      }
    }
  ]
}",,,false,,,,,,,,gabled,,,#FF0000,,08b1f102b02e6fff0200adf7fd826c1f,"{
  ""coordinates"": [
    [
      [
        9.1582328,
        52.339997
      ],
      [
        9.1581778,
        52.3399973
      ],
      [
        9.1581761,
        52.3398893
      ],
      [
        9.1583935,
        52.3398881
      ],
      [
        9.1583939,
        52.3399154
      ],
      [
        9.1583949,
        52.3399766
      ],
      [
        9.1583951,
        52.3399961
      ],
      [
        9.1583363,
        52.3399964
      ],
      [
        9.1582328,
        52.339997
      ]
    ]
  ],
  ""type"": ""Polygon""
}",
08b1f102b0218fff0201d091d7c4798f,"{
  ""xmax"": 9.157645225524902e+00,
  ""xmin"": 9.157457351684570e+00,
  ""ymax"": 5.234024047851562e+01,
  ""ymin"": 5.234014892578125e+01
}",0,"{
  ""list"": [
    {
      ""element"": {
        ""dataset"": ""OpenStreetMap"",
        ""property"": """",
        ""record_id"": ""w972947041@1"",
        ""update_time"": ""2021-08-13T19:34:20.000Z""
      }
    }
  ]
}",,,false,,,,,,,,gabled,,,#FF0000,,08b1f102b0218fff020044622cbfca0b,"{
  ""coordinates"": [
    [
      [
        9.157537,
        52.3401498
      ],
      [
        9.1576439,
        52.3401492
      ],
      [
        9.1576451,
        52.3402384
      ],
      [
        9.1575421,
        52.340239
      ],
      [
        9.1574587,
        52.3402394
      ],
      [
        9.1574574,
        52.3401502
      ],
      [
        9.1574881,
        52.34015
      ],
      [
        9.157537,
        52.3401498
      ]
    ]
  ],
  ""type"": ""Polygon""
}",
08b1f102b0218fff0201847ae423bd50,"{
  ""xmax"": 9.157537460327148e+00,
  ""xmin"": 9.157485961914062e+00,
  ""ymax"": 5.234015655517578e+01,
  ""ymin"": 5.234010314941406e+01
}",0,"{
  ""list"": [
    {
      ""element"": {
        ""dataset"": ""OpenStreetMap"",
        ""property"": """",
        ""record_id"": ""w972947040@1"",
        ""update_time"": ""2021-08-13T19:34:20.000Z""
      }
    }
  ]
}",,,false,,,,,,,,flat,,,#FFFFFF,,08b1f102b0218fff020044622cbfca0b,"{
  ""coordinates"": [
    [
      [
        9.157537,
        52.3401498
      ],
      [
        9.1574881,
        52.34015
      ],
      [
        9.1574875,
        52.3401098
      ],
      [
        9.1575364,
        52.3401096
      ],
      [
        9.157537,
        52.3401498
      ]
    ]
  ],
  ""type"": ""Polygon""
}",
08b1f102b02e6fff0201cf8ba086ecf1,"{
  ""xmax"": 9.158337593078613e+00,
  ""xmin"": 9.158232688903809e+00,
  ""ymax"": 5.234002685546875e+01,
  ""ymin"": 5.233999633789062e+01
}",0,"{
  ""list"": [
    {
      ""element"": {
        ""dataset"": ""OpenStreetMap"",
        ""property"": """",
        ""record_id"": ""w972644027@1"",
        ""update_time"": ""2021-08-12T17:30:03.000Z""
      }
    }
  ]
}",,,false,,,,,,,,gabled,,across,#FF0000,,08b1f102b02e6fff0200adf7fd826c1f,"{
  ""coordinates"": [
    [
      [
        9.1582328,
        52.339997
      ],
      [
        9.1583363,
        52.3399964
      ],
      [
        9.1583368,
        52.3400246
      ],
      [
        9.1582333,
        52.3400252
      ],
      [
        9.1582328,
        52.339997
      ]
    ]
  ],
  ""type"": ""Polygon""
}",
08b1f102b02e6fff0201e5ed8f86db93,"{
  ""xmax"": 9.158783912658691e+00,
  ""xmin"": 9.158702850341797e+00,
  ""ymax"": 5.233996582031250e+01,
  ""ymin"": 5.233988189697266e+01
}",0,"{
  ""list"": [
    {
      ""element"": {
        ""dataset"": ""OpenStreetMap"",
        ""property"": """",
        ""record_id"": ""w972320555@1"",
        ""update_time"": ""2021-08-11T16:30:27.000Z""
      }
    }
  ]
}",,,false,1,,,,#FF0000,brick,,gabled,,across,#FF0000,,08b1f102b02e0fff0200497367f99793,"{
  ""coordinates"": [
    [
      [
        9.1587836,
        52.3399606
      ],
      [
        9.1587174,
        52.3399656
      ],
      [
        9.158703,
        52.3398934
      ],
      [
        9.1587692,
        52.3398885
      ],
      [
        9.1587836,
        52.3399606
      ]
    ]
  ],
  ""type"": ""Polygon""
}",
08b1f102b02e0fff02014b64732f0cd7,"{
  ""xmax"": 9.159007072448730e+00,
  ""xmin"": 9.158762931823730e+00,
  ""ymax"": 5.234004974365234e+01,
  ""ymin"": 5.233983612060547e+01
}",0,"{
  ""list"": [
    {
      ""element"": {
        ""dataset"": ""OpenStreetMap"",
        ""property"": """",
        ""record_id"": ""w972320554@1"",
        ""update_time"": ""2021-08-11T16:30:27.000Z""
      }
    }
  ]
}",,,false,1,,,,#FF0000,brick,,gabled,,,#FF0000,,08b1f102b02e0fff0200497367f99793,"{
  ""coordinates"": [
    [
      [
        9.1588001,
        52.3400433
      ],
      [
        9.1587836,
        52.3399606
      ],
      [
        9.1587692,
        52.3398885
      ],
      [
        9.1587631,
        52.339858
      ],
      [
        9.1589699,
        52.3398426
      ],
      [
        9.1590069,
        52.3400279
      ],
      [
        9.1588001,
        52.3400433
      ]
    ]
  ],
  ""type"": ""Polygon""
}",
08b1f102b02e3fff020109d1ddebfa39,"{
  ""xmax"": 9.159702301025391e+00,
  ""xmin"": 9.159551620483398e+00,
  ""ymax"": 5.233995437622070e+01,
  ""ymin"": 5.233985137939453e+01
}",0,"{
  ""list"": [
    {
      ""element"": {
        ""dataset"": ""OpenStreetMap"",
        ""property"": """",
        ""record_id"": ""w972644024@1"",
        ""update_time"": ""2021-08-12T17:30:03.000Z""
      }
    }
  ]
}",,,false,,,,,,,,gabled,,across,#FF0000,,08b1f102b02e1fff0200512043ccf364,"{
  ""coordinates"": [
    [
      [
        9.1595721,
        52.3399465
      ],
      [
        9.159557,
        52.3399468
      ],
      [
        9.1595531,
        52.3398593
      ],
      [
        9.1596795,
        52.3398572
      ],
      [
        9.1596811,
        52.3398934
      ],
      [
        9.159699,
        52.3398931
      ],
      [
        9.1597014,
        52.3399446
      ],
      [
        9.159683,
        52.3399449
      ],
      [
        9.1595721,
        52.3399465
      ]
    ]
  ],
  ""type"": ""Polygon""
}",
08b1f102b02e6fff020157eda3ca41ea,"{
  ""xmax"": 9.158801078796387e+00,
  ""xmin"": 9.158637046813965e+00,
  ""ymax"": 5.234005737304688e+01,
  ""ymin"": 5.233995437622070e+01
}",0,"{
  ""list"": [
    {
      ""element"": {
        ""dataset"": ""OpenStreetMap"",
        ""property"": """",
        ""record_id"": ""w646025425@2"",
        ""update_time"": ""2021-08-11T16:30:27.000Z""
      }
    }
  ]
}",,,false,1,,,,#FF0000,brick,,gabled,,,#FF0000,,08b1f102b02e0fff0200497367f99793,"{
  ""coordinates"": [
    [
      [
        9.1587836,
        52.3399606
      ],
      [
        9.1588001,
        52.3400433
      ],
      [
        9.1588007,
        52.3400465
      ],
      [
        9.1586548,
        52.3400573
      ],
      [
        9.1586377,
        52.3399715
      ],
      [
        9.1587174,
        52.3399656
      ],
      [
        9.1587836,
        52.3399606
      ]
    ]
  ],
  ""type"": ""Polygon""
}",
08b1f102b02e1fff0201d9daade4ce2f,"{
  ""xmax"": 9.159574508666992e+00,
  ""xmin"": 9.159520149230957e+00,
  ""ymax"": 5.233998870849609e+01,
  ""ymin"": 5.233993911743164e+01
}",0,"{
  ""list"": [
    {
      ""element"": {
        ""dataset"": ""OpenStreetMap"",
        ""property"": """",
        ""record_id"": ""w972644022@1"",
        ""update_time"": ""2021-08-12T17:30:03.000Z""
      }
    }
  ]
}",,,false,,,,,,,,flat,,,#778899,,08b1f102b02e1fff0200512043ccf364,"{
  ""coordinates"": [
    [
      [
        9.1595721,
        52.3399465
      ],
      [
        9.1595737,
        52.3399803
      ],
      [
        9.159522,
        52.3399812
      ],
      [
        9.1595205,
        52.3399474
      ],
      [
        9.159557,
        52.3399468
      ],
      [
        9.1595721,
        52.3399465
      ]
    ]
  ],
  ""type"": ""Polygon""
}",
08b1f102b02e1fff0201b4f94a79ccf1,"{
  ""xmax"": 9.159687042236328e+00,
  ""xmin"": 9.159571647644043e+00,
  ""ymax"": 5.234001922607422e+01,
  ""ymin"": 5.233993911743164e+01
}",0,"{
  ""list"": [
    {
      ""element"": {
        ""dataset"": ""OpenStreetMap"",
        ""property"": """",
        ""record_id"": ""w972644023@1"",
        ""update_time"": ""2021-08-12T17:30:03.000Z""
      }
    }
  ]
}",,,false,,,,,,,,gabled,,,#FF0000,,08b1f102b02e1fff0200512043ccf364,"{
  ""coordinates"": [
    [
      [
        9.1595721,
        52.3399465
      ],
      [
        9.159683,
        52.3399449
      ],
      [
        9.1596861,
        52.3400139
      ],
      [
        9.159682,
        52.340014
      ],
      [
        9.1596822,
        52.3400171
      ],
      [
        9.1595754,
        52.3400189
      ],
      [
        9.1595737,
        52.3399803
      ],
      [
        9.1595721,
        52.3399465
      ]
    ]
  ],
  ""type"": ""Polygon""
}",
08b1f102b021dfff02017c28148da6be,"{
  ""xmax"": 9.157756805419922e+00,
  ""xmin"": 9.157575607299805e+00,
  ""ymax"": 5.234045028686523e+01,
  ""ymin"": 5.234035873413086e+01
}",0,"{
  ""list"": [
    {
      ""element"": {
        ""dataset"": ""OpenStreetMap"",
        ""property"": """",
        ""record_id"": ""w972947039@1"",
        ""update_time"": ""2021-08-13T19:34:20.000Z""
      }
    }
  ]
}",,,false,,,,,,,,gabled,,,#FF0000,,08b1f102b021dfff0200e53079edd65b,"{
  ""coordinates"": [
    [
      [
        9.157756,
        52.3403613
      ],
      [
        9.1577532,
        52.3404371
      ],
      [
        9.1577528,
        52.340449
      ],
      [
        9.1575758,
        52.3404466
      ],
      [
        9.157579,
        52.3403589
      ],
      [
        9.1576417,
        52.3403598
      ],
      [
        9.1576933,
        52.3403605
      ],
      [
        9.157756,
        52.3403613
      ]
    ]
  ],
  ""type"": ""Polygon""
}",
08b1f102b0219fff0201995755b241a6,"{
  ""xmax"": 9.158161163330078e+00,
  ""xmin"": 9.157895088195801e+00,
  ""ymax"": 5.234046554565430e+01,
  ""ymin"": 5.234030151367188e+01
}",0,"{
  ""list"": [
    {
      ""element"": {
        ""dataset"": ""OpenStreetMap"",
        ""property"": """",
        ""record_id"": ""w972947035@1"",
        ""update_time"": ""2021-08-13T19:34:20.000Z""
      }
    }
  ]
}",,,false,,,,,,,,gabled,,,#FF0000,,08b1f102b0219fff02001eeaac5c4a66,"{
  ""coordinates"": [
    [
      [
        9.1579245,
        52.340367
      ],
      [
        9.1580092,
        52.3403218
      ],
      [
        9.1580439,
        52.3403033
      ],
      [
        9.1581611,
        52.3403852
      ],
      [
        9.1580124,
        52.3404645
      ],
      [
        9.1579708,
        52.3404354
      ],
      [
        9.1579213,
        52.3404008
      ],
      [
        9.1578953,
        52.3403826
      ],
      [
        9.1579245,
        52.340367
      ]
    ]
  ],
  ""type"": ""Polygon""
}",
08b1f102b020efff02016eb4c330e7b6,"{
  ""xmax"": 9.158004760742188e+00,
  ""xmin"": 9.157794952392578e+00,
  ""ymax"": 5.234110260009766e+01,
  ""ymin"": 5.234099960327148e+01
}",0,"{
  ""list"": [
    {
      ""element"": {
        ""dataset"": ""OpenStreetMap"",
        ""property"": """",
        ""record_id"": ""w870470180@1"",
        ""update_time"": ""2020-11-11T18:00:41.000Z""
      }
    }
  ]
}",,,false,,,,,,,,hipped,,,#B03060,,08b1f102b020efff020020060a8a2baf,"{
  ""coordinates"": [
    [
      [
        9.1578391,
        52.3410075
      ],
      [
        9.1579062,
        52.3410081
      ],
      [
        9.1580045,
        52.341009
      ],
      [
        9.1580023,
        52.3411008
      ],
      [
        9.1577952,
        52.341099
      ],
      [
        9.1577974,
        52.3410072
      ],
      [
        9.1578391,
        52.3410075
      ]
    ]
  ],
  ""type"": ""Polygon""
}",
08b1f102b0203fff0201a7cfbc860c44,"{
  ""xmax"": 9.157591819763184e+00,
  ""xmin"": 9.157418251037598e+00,
  ""ymax"": 5.234110260009766e+01,
  ""ymin"": 5.234099578857422e+01
}",0,"{
  ""list"": [
    {
      ""element"": {
        ""dataset"": ""OpenStreetMap"",
        ""property"": """",
        ""record_id"": ""w870470182@1"",
        ""update_time"": ""2020-11-11T18:00:41.000Z""
      }
    }
  ]
}",,,false,,,,,,,,hipped,,,#B03060,,08b1f102b0203fff0200e329cab8068c,"{
  ""coordinates"": [
    [
      [
        9.157591,
        52.3410039
      ],
      [
        9.1575886,
        52.3410955
      ],
      [
        9.1574183,
        52.3410938
      ],
      [
        9.1574206,
        52.3410023
      ],
      [
        9.1574914,
        52.341003
      ],
      [
        9.157591,
        52.3410039
      ]
    ]
  ],
  ""type"": ""Polygon""
}",
08b1f102b0203fff0201adca0b4b5050,"{
  ""xmax"": 9.157492637634277e+00,
  ""xmin"": 9.157420158386230e+00,
  ""ymax"": 5.234100341796875e+01,
  ""ymin"": 5.234096527099609e+01
}",0,"{
  ""list"": [
    {
      ""element"": {
        ""dataset"": ""OpenStreetMap"",
        ""property"": """",
        ""record_id"": ""w870470181@1"",
        ""update_time"": ""2020-11-11T18:00:41.000Z""
      }
    }
  ]
}",,,false,,,,,,,,flat,,,#FFFFFF,,08b1f102b0203fff0200e329cab8068c,"{
  ""coordinates"": [
    [
      [
        9.1574914,
        52.341003
      ],
      [
        9.1574206,
        52.3410023
      ],
      [
        9.1574215,
        52.340966
      ],
      [
        9.1574923,
        52.3409667
      ],
      [
        9.1574914,
        52.341003
      ]
    ]
  ],
  ""type"": ""Polygon""
}",
08b1f102b020afff0201ce8082879c58,"{
  ""xmax"": 9.158146858215332e+00,
  ""xmin"": 9.157955169677734e+00,
  ""ymax"": 5.234068679809570e+01,
  ""ymin"": 5.234057617187500e+01
}",0,"{
  ""list"": [
    {
      ""element"": {
        ""dataset"": ""OpenStreetMap"",
        ""property"": """",
        ""record_id"": ""w972947052@1"",
        ""update_time"": ""2021-08-13T19:34:20.000Z""
      }
    }
  ]
}",,,false,,,,,,,,gabled,,,#FF0000,,08b1f102b020afff0200f4fc35fd01ab,"{
  ""coordinates"": [
    [
      [
        9.1580889,
        52.3405836
      ],
      [
        9.1581453,
        52.340584
      ],
      [
        9.1581446,
        52.340627
      ],
      [
        9.1581436,
        52.3406795
      ],
      [
        9.1581262,
        52.3406793
      ],
      [
        9.1579558,
        52.3406782
      ],
      [
        9.1579575,
        52.3405828
      ],
      [
        9.1580124,
        52.3405831
      ],
      [
        9.1580889,
        52.3405836
      ]
    ]
  ],
  ""type"": ""Polygon""
}",
08b1f102b021dfff02013cc88f585ebf,"{
  ""xmax"": 9.157694816589355e+00,
  ""xmin"": 9.157641410827637e+00,
  ""ymax"": 5.234036636352539e+01,
  ""ymin"": 5.234033203125000e+01
}",0,"{
  ""list"": [
    {
      ""element"": {
        ""dataset"": ""OpenStreetMap"",
        ""property"": """",
        ""record_id"": ""w972947038@1"",
        ""update_time"": ""2021-08-13T19:34:20.000Z""
      }
    }
  ]
}",,,false,,,,,,,,flat,,,#FFFFFF,,08b1f102b021dfff0200e53079edd65b,"{
  ""coordinates"": [
    [
      [
        9.1576417,
        52.3403598
      ],
      [
        9.1576425,
        52.3403387
      ],
      [
        9.1576941,
        52.3403394
      ],
      [
        9.1576933,
        52.3403605
      ],
      [
        9.1576417,
        52.3403598
      ]
    ]
  ],
  ""type"": ""Polygon""
}",
08b1f102b021dfff0201d741c3b01539,"{
  ""xmax"": 9.157588005065918e+00,
  ""xmin"": 9.157573699951172e+00,
  ""ymax"": 5.234070587158203e+01,
  ""ymin"": 5.234066009521484e+01
}",0,"{
  ""list"": [
    {
      ""element"": {
        ""dataset"": ""OpenStreetMap"",
        ""property"": """",
        ""record_id"": ""w972947054@1"",
        ""update_time"": ""2021-08-13T19:34:20.000Z""
      }
    }
  ]
}",,,false,,,,,,,,gabled,,,#FF0000,,08b1f102b021dfff02007d4d7891f937,"{
  ""coordinates"": [
    [
      [
        9.157587,
        52.3407042
      ],
      [
        9.1575752,
        52.3407042
      ],
      [
        9.1575759,
        52.3406614
      ],
      [
        9.1575876,
        52.3406614
      ],
      [
        9.157587,
        52.3407042
      ]
    ]
  ],
  ""type"": ""Polygon""
}",
08b1f102b021dfff02013873bc864202,"{
  ""xmax"": 9.157743453979492e+00,
  ""xmin"": 9.157586097717285e+00,
  ""ymax"": 5.234075164794922e+01,
  ""ymin"": 5.234061813354492e+01
}",0,"{
  ""list"": [
    {
      ""element"": {
        ""dataset"": ""OpenStreetMap"",
        ""property"": """",
        ""record_id"": ""w972947055@1"",
        ""update_time"": ""2021-08-13T19:34:20.000Z""
      }
    }
  ]
}",,,false,,,,,,,,gabled,,,#FF0000,,08b1f102b021dfff02007d4d7891f937,"{
  ""coordinates"": [
    [
      [
        9.157587,
        52.3407042
      ],
      [
        9.1575876,
        52.3406614
      ],
      [
        9.1575882,
        52.3406242
      ],
      [
        9.1577427,
        52.3406251
      ],
      [
        9.1577415,
        52.3407004
      ],
      [
        9.1577409,
        52.3407453
      ],
      [
        9.1575864,
        52.3407444
      ],
      [
        9.157587,
        52.3407042
      ]
    ]
  ],
  ""type"": ""Polygon""
}",
08b1f102b0219fff0201e1968156df7a,"{
  ""xmax"": 9.158009529113770e+00,
  ""xmin"": 9.157916069030762e+00,
  ""ymax"": 5.234037399291992e+01,
  ""ymin"": 5.234030914306641e+01
}",0,"{
  ""list"": [
    {
      ""element"": {
        ""dataset"": ""OpenStreetMap"",
        ""property"": """",
        ""record_id"": ""w972947036@1"",
        ""update_time"": ""2021-08-13T19:34:20.000Z""
      }
    }
  ]
}",,,false,,,,,,,,gabled,,across,#FF0000,,08b1f102b0219fff02001eeaac5c4a66,"{
  ""coordinates"": [
    [
      [
        9.1580092,
        52.3403218
      ],
      [
        9.1579245,
        52.340367
      ],
      [
        9.1579161,
        52.3403611
      ],
      [
        9.1580008,
        52.3403159
      ],
      [
        9.1580092,
        52.3403218
      ]
    ]
  ],
  ""type"": ""Polygon""
}",
08b1f102b020afff02014572e2c94ee3,"{
  ""xmax"": 9.158089637756348e+00,
  ""xmin"": 9.158012390136719e+00,
  ""ymax"": 5.234058380126953e+01,
  ""ymin"": 5.234057235717773e+01
}",0,"{
  ""list"": [
    {
      ""element"": {
        ""dataset"": ""OpenStreetMap"",
        ""property"": """",
        ""record_id"": ""w972947051@1"",
        ""update_time"": ""2021-08-13T19:34:20.000Z""
      }
    }
  ]
}",,,false,,,,,,,,gabled,,across,#FF0000,,08b1f102b020afff0200f4fc35fd01ab,"{
  ""coordinates"": [
    [
      [
        9.1580889,
        52.3405836
      ],
      [
        9.1580124,
        52.3405831
      ],
      [
        9.1580125,
        52.3405781
      ],
      [
        9.158089,
        52.3405786
      ],
      [
        9.1580889,
        52.3405836
      ]
    ]
  ],
  ""type"": ""Polygon""
}",
08b1f102b020afff02017423834d0a8b,"{
  ""xmax"": 9.158473968505859e+00,
  ""xmin"": 9.158357620239258e+00,
  ""ymax"": 5.234064483642578e+01,
  ""ymin"": 5.234062194824219e+01
}",0,"{
  ""list"": [
    {
      ""element"": {
        ""dataset"": ""OpenStreetMap"",
        ""property"": """",
        ""record_id"": ""w972947049@1"",
        ""update_time"": ""2021-08-13T19:34:20.000Z""
      }
    }
  ]
}",,,false,,,,,,,,gabled,,across,#FF0000,,08b1f102b020afff0200a3a96936f6bb,"{
  ""coordinates"": [
    [
      [
        9.1584721,
        52.3406446
      ],
      [
        9.1583579,
        52.3406441
      ],
      [
        9.1583581,
        52.3406227
      ],
      [
        9.1584724,
        52.3406232
      ],
      [
        9.1584721,
        52.3406446
      ]
    ]
  ],
  ""type"": ""Polygon""
}",
08b1f102b020efff0201f44963caf488,"{
  ""xmax"": 9.157908439636230e+00,
  ""xmin"": 9.157838821411133e+00,
  ""ymax"": 5.234101486206055e+01,
  ""ymin"": 5.234096908569336e+01
}",0,"{
  ""list"": [
    {
      ""element"": {
        ""dataset"": ""OpenStreetMap"",
        ""property"": """",
        ""record_id"": ""w870470179@1"",
        ""update_time"": ""2020-11-11T18:00:41.000Z""
      }
    }
  ]
}",,,false,,,,,,,,flat,,,#FFFFFF,,08b1f102b020efff020020060a8a2baf,"{
  ""coordinates"": [
    [
      [
        9.1578391,
        52.3410075
      ],
      [
        9.1578398,
        52.3409763
      ],
      [
        9.1579069,
        52.3409769
      ],
      [
        9.1579062,
        52.3410081
      ],
      [
        9.1578391,
        52.3410075
      ]
    ]
  ],
  ""type"": ""Polygon""
}",
08b1f102b0256fff020170754f67b717,"{
  ""xmax"": 9.159763336181641e+00,
  ""xmin"": 9.159579277038574e+00,
  ""ymax"": 5.234093475341797e+01,
  ""ymin"": 5.234079742431641e+01
}",0,"{
  ""list"": [
    {
      ""element"": {
        ""dataset"": ""OpenStreetMap"",
        ""property"": """",
        ""record_id"": ""w972320544@1"",
        ""update_time"": ""2021-08-11T16:30:27.000Z""
      }
    }
  ]
}",,,false,,,,,,,,gabled,,,#FF0000,,08b1f102b0256fff0200dd9875b9bef8,"{
  ""coordinates"": [
    [
      [
        9.1597586,
        52.3408956
      ],
      [
        9.1597633,
        52.3409072
      ],
      [
        9.1597219,
        52.3409135
      ],
      [
        9.1596248,
        52.3409283
      ],
      [
        9.15958,
        52.3408188
      ],
      [
        9.1597185,
        52.3407976
      ],
      [
        9.1597348,
        52.3408374
      ],
      [
        9.1597586,
        52.3408956
      ]
    ]
  ],
  ""type"": ""Polygon""
}",
08b1f102b0272fff0201aa099a487a0a,"{
  ""xmax"": 9.159514427185059e+00,
  ""xmin"": 9.159334182739258e+00,
  ""ymax"": 5.234140396118164e+01,
  ""ymin"": 5.234130477905273e+01
}",0,"{
  ""list"": [
    {
      ""element"": {
        ""dataset"": ""OpenStreetMap"",
        ""property"": """",
        ""record_id"": ""w870470199@1"",
        ""update_time"": ""2020-11-11T18:00:41.000Z""
      }
    }
  ]
}",,,false,,,,,,,,gabled,,,#778899,,08b1f102b0272fff020042d4a571f5f0,"{
  ""coordinates"": [
    [
      [
        9.1595025,
        52.3413058
      ],
      [
        9.1595141,
        52.3413941
      ],
      [
        9.1593465,
        52.3414023
      ],
      [
        9.1593349,
        52.341314
      ],
      [
        9.1594322,
        52.3413092
      ],
      [
        9.1595025,
        52.3413058
      ]
    ]
  ],
  ""type"": ""Polygon""
}",
08b1f102b02e5fff020112234eb5453d,"{
  ""xmax"": 9.159657478332520e+00,
  ""xmin"": 9.159543037414551e+00,
  ""ymax"": 5.234041976928711e+01,
  ""ymin"": 5.234033203125000e+01
}",0,"{
  ""list"": [
    {
      ""element"": {
        ""dataset"": ""OpenStreetMap"",
        ""property"": """",
        ""record_id"": ""w972320549@1"",
        ""update_time"": ""2021-08-11T16:30:27.000Z""
      }
    }
  ]
}",,,false,,,,,,,,flat,,,#B03060,,08b1f102b02e5fff02001505aaf7c712,"{
  ""coordinates"": [
    [
      [
        9.159578,
        52.340414
      ],
      [
        9.1595726,
        52.3403987
      ],
      [
        9.1595619,
        52.3404001
      ],
      [
        9.1595445,
        52.3403513
      ],
      [
        9.1596385,
        52.3403389
      ],
      [
        9.1596568,
        52.3403902
      ],
      [
        9.1595959,
        52.3403983
      ],
      [
        9.1596005,
        52.340411
      ],
      [
        9.159578,
        52.340414
      ]
    ]
  ],
  ""type"": ""Polygon""
}",
08b1f102b02e5fff02018b6e59070527,"{
  ""xmax"": 9.159590721130371e+00,
  ""xmin"": 9.159405708312988e+00,
  ""ymax"": 5.234047317504883e+01,
  ""ymin"": 5.234035110473633e+01
}",0,"{
  ""list"": [
    {
      ""element"": {
        ""dataset"": ""OpenStreetMap"",
        ""property"": """",
        ""record_id"": ""w972320550@1"",
        ""update_time"": ""2021-08-11T16:30:27.000Z""
      }
    }
  ]
}",,,false,,,,,,,,gabled,,,#FF0000,,08b1f102b02e5fff02001505aaf7c712,"{
  ""coordinates"": [
    [
      [
        9.1595274,
        52.3404559
      ],
      [
        9.1594404,
        52.3404673
      ],
      [
        9.1594058,
        52.3403697
      ],
      [
        9.1595445,
        52.3403513
      ],
      [
        9.1595619,
        52.3404001
      ],
      [
        9.1595726,
        52.3403987
      ],
      [
        9.159578,
        52.340414
      ],
      [
        9.15959,
        52.3404476
      ],
      [
        9.1595274,
        52.3404559
      ]
    ]
  ],
  ""type"": ""Polygon""
}",
08b1f102b02e5fff0201b189a6c33335,"{
  ""xmax"": 9.159546852111816e+00,
  ""xmin"": 9.159433364868164e+00,
  ""ymax"": 5.234052276611328e+01,
  ""ymin"": 5.234045410156250e+01
}",0,"{
  ""list"": [
    {
      ""element"": {
        ""dataset"": ""OpenStreetMap"",
        ""property"": """",
        ""record_id"": ""w972320551@1"",
        ""update_time"": ""2021-08-11T16:30:27.000Z""
      }
    }
  ]
}",,,false,,,,,,,,gabled,,across,#FF0000,,08b1f102b02e5fff02001505aaf7c712,"{
  ""coordinates"": [
    [
      [
        9.1594404,
        52.3404673
      ],
      [
        9.1595274,
        52.3404559
      ],
      [
        9.1595464,
        52.3405096
      ],
      [
        9.1594531,
        52.3405219
      ],
      [
        9.1594341,
        52.3404682
      ],
      [
        9.1594404,
        52.3404673
      ]
    ]
  ],
  ""type"": ""Polygon""
}",
08b1f102b0254fff020135501327a3e5,"{
  ""xmax"": 9.159844398498535e+00,
  ""xmin"": 9.159672737121582e+00,
  ""ymax"": 5.234113693237305e+01,
  ""ymin"": 5.234101486206055e+01
}",0,"{
  ""list"": [
    {
      ""element"": {
        ""dataset"": ""OpenStreetMap"",
        ""property"": """",
        ""record_id"": ""w972320542@1"",
        ""update_time"": ""2021-08-11T16:30:27.000Z""
      }
    }
  ]
}",,,false,,,,,,,,gabled,,,#FF0000,,08b1f102b0254fff020032139fbeb552,"{
  ""coordinates"": [
    [
      [
        9.1597519,
        52.3411246
      ],
      [
        9.1597119,
        52.3411307
      ],
      [
        9.1596728,
        52.3410359
      ],
      [
        9.1598043,
        52.3410156
      ],
      [
        9.1598435,
        52.3411106
      ],
      [
        9.1598258,
        52.3411134
      ],
      [
        9.1597519,
        52.3411246
      ]
    ]
  ],
  ""type"": ""Polygon""
}",
08b1f102b0256fff02012b3a122d2523,"{
  ""xmax"": 9.159760475158691e+00,
  ""xmin"": 9.159628868103027e+00,
  ""ymax"": 5.234065628051758e+01,
  ""ymin"": 5.234054946899414e+01
}",0,"{
  ""list"": [
    {
      ""element"": {
        ""dataset"": ""OpenStreetMap"",
        ""property"": """",
        ""record_id"": ""w972320547@1"",
        ""update_time"": ""2021-08-11T16:30:27.000Z""
      }
    }
  ]
}",,,false,,,,,,,,flat,,,#778899,,08b1f102b0256fff0200ffc847a49af5,"{
  ""coordinates"": [
    [
      [
        9.1596625,
        52.3406493
      ],
      [
        9.1596352,
        52.3405793
      ],
      [
        9.1596298,
        52.3405656
      ],
      [
        9.1597274,
        52.3405513
      ],
      [
        9.1597602,
        52.340635
      ],
      [
        9.1596625,
        52.3406493
      ]
    ]
  ],
  ""type"": ""Polygon""
}",
08b1f102b0256fff0201a3b1e3dc9af2,"{
  ""xmax"": 9.159678459167480e+00,
  ""xmin"": 9.159502029418945e+00,
  ""ymax"": 5.234070968627930e+01,
  ""ymin"": 5.234057235717773e+01
}",0,"{
  ""list"": [
    {
      ""element"": {
        ""dataset"": ""OpenStreetMap"",
        ""property"": """",
        ""record_id"": ""w972320548@1"",
        ""update_time"": ""2021-08-11T16:30:27.000Z""
      }
    }
  ]
}",,,false,,,,,,,,gabled,,,#B03060,,08b1f102b0256fff0200ffc847a49af5,"{
  ""coordinates"": [
    [
      [
        9.1596784,
        52.3406899
      ],
      [
        9.1595454,
        52.3407093
      ],
      [
        9.1595022,
        52.3405988
      ],
      [
        9.1596352,
        52.3405793
      ],
      [
        9.1596625,
        52.3406493
      ],
      [
        9.1596784,
        52.3406899
      ]
    ]
  ],
  ""type"": ""Polygon""
}",
08b1f102b02e4fff0201576231c20a7e,"{
  ""xmax"": 9.158590316772461e+00,
  ""xmin"": 9.158526420593262e+00,
  ""ymax"": 5.234038925170898e+01,
  ""ymin"": 5.234033966064453e+01
}",0,"{
  ""list"": [
    {
      ""element"": {
        ""dataset"": ""OpenStreetMap"",
        ""property"": """",
        ""record_id"": ""w972947047@1"",
        ""update_time"": ""2021-08-13T19:34:20.000Z""
      }
    }
  ]
}",,,false,,,,,,,,flat,,,#FF0000,,08b1f102b02e4fff0200e89b6a1cfea9,"{
  ""coordinates"": [
    [
      [
        9.1585487,
        52.3403887
      ],
      [
        9.1585272,
        52.3403577
      ],
      [
        9.1585687,
        52.340347
      ],
      [
        9.1585901,
        52.340378
      ],
      [
        9.1585487,
        52.3403887
      ]
    ]
  ],
  ""type"": ""Polygon""
}",
08b1f102b0256fff02011488187f8197,"{
  ""xmax"": 9.159793853759766e+00,
  ""xmin"": 9.159734725952148e+00,
  ""ymax"": 5.234089660644531e+01,
  ""ymin"": 5.234083175659180e+01
}",0,"{
  ""list"": [
    {
      ""element"": {
        ""dataset"": ""OpenStreetMap"",
        ""property"": """",
        ""record_id"": ""w972320543@1"",
        ""update_time"": ""2021-08-11T16:30:27.000Z""
      }
    }
  ]
}",,,false,,,,,,,,flat,,,,,08b1f102b0256fff0200dd9875b9bef8,"{
  ""coordinates"": [
    [
      [
        9.1597348,
        52.3408374
      ],
      [
        9.1597693,
        52.3408321
      ],
      [
        9.1597931,
        52.3408903
      ],
      [
        9.1597586,
        52.3408956
      ],
      [
        9.1597348,
        52.3408374
      ]
    ]
  ],
  ""type"": ""Polygon""
}",
08b1f102b0254fff02018365b7c22c25,"{
  ""xmax"": 9.159847259521484e+00,
  ""xmin"": 9.159751892089844e+00,
  ""ymax"": 5.234117889404297e+01,
  ""ymin"": 5.234110641479492e+01
}",0,"{
  ""list"": [
    {
      ""element"": {
        ""dataset"": ""OpenStreetMap"",
        ""property"": """",
        ""record_id"": ""w972320541@1"",
        ""update_time"": ""2021-08-11T16:30:27.000Z""
      }
    }
  ]
}",,,false,,,,,,,,gabled,,,#FF0000,,08b1f102b0254fff020032139fbeb552,"{
  ""coordinates"": [
    [
      [
        9.1597519,
        52.3411246
      ],
      [
        9.1598258,
        52.3411134
      ],
      [
        9.1598457,
        52.3411615
      ],
      [
        9.1597717,
        52.3411728
      ],
      [
        9.1597519,
        52.3411246
      ]
    ]
  ],
  ""type"": ""Polygon""
}",
08b1f102b0209fff020193a2f7ede83b,"{
  ""xmax"": 9.159432411193848e+00,
  ""xmin"": 9.159330368041992e+00,
  ""ymax"": 5.234132003784180e+01,
  ""ymin"": 5.234127044677734e+01
}",0,"{
  ""list"": [
    {
      ""element"": {
        ""dataset"": ""OpenStreetMap"",
        ""property"": """",
        ""record_id"": ""w870470198@2"",
        ""update_time"": ""2021-05-17T05:21:17.000Z""
      }
    }
  ]
}",,,false,,,,,,,,gabled,,across,#778899,,08b1f102b0272fff020042d4a571f5f0,"{
  ""coordinates"": [
    [
      [
        9.1594322,
        52.3413092
      ],
      [
        9.1593349,
        52.341314
      ],
      [
        9.1593307,
        52.3412819
      ],
      [
        9.159428,
        52.3412772
      ],
      [
        9.1594322,
        52.3413092
      ]
    ]
  ],
  ""type"": ""Polygon""
}",
08b1f102b02eefff0201db0f786d6073,"{
  ""xmax"": 9.160663604736328e+00,
  ""xmin"": 9.160526275634766e+00,
  ""ymax"": 5.233998489379883e+01,
  ""ymin"": 5.233985900878906e+01
}",0,"{
  ""list"": [
    {
      ""element"": {
        ""dataset"": ""OpenStreetMap"",
        ""property"": """",
        ""record_id"": ""w646003281@2"",
        ""update_time"": ""2021-08-12T17:30:03.000Z""
      }
    }
  ]
}",,,false,,,,,,,,gabled,,,#FF0000,,08b1f102b02ecfff0200661c136d5c9c,"{
  ""coordinates"": [
    [
      [
        9.1605267,
        52.3399815
      ],
      [
        9.160533,
        52.339866
      ],
      [
        9.1606632,
        52.3398687
      ],
      [
        9.1606573,
        52.3399755
      ],
      [
        9.1606568,
        52.3399842
      ],
      [
        9.1606416,
        52.3399839
      ],
      [
        9.1605926,
        52.3399829
      ],
      [
        9.1605267,
        52.3399815
      ]
    ]
  ],
  ""type"": ""Polygon""
}",
08b1f102b02eafff0201375c93a09616,"{
  ""xmax"": 9.160692214965820e+00,
  ""xmin"": 9.160451889038086e+00,
  ""ymax"": 5.233963394165039e+01,
  ""ymin"": 5.233953094482422e+01
}",0,"{
  ""list"": [
    {
      ""element"": {
        ""dataset"": ""OpenStreetMap"",
        ""property"": """",
        ""record_id"": ""w972947118@1"",
        ""update_time"": ""2021-08-13T19:34:34.000Z""
      }
    }
  ]
}",,,false,,,,,,,,gabled,,,#FF0000,,08b1f102b02eafff0200121cd6ce89cb,"{
  ""coordinates"": [
    [
      [
        9.1605039,
        52.3395392
      ],
      [
        9.160576,
        52.339541
      ],
      [
        9.1606907,
        52.3395438
      ],
      [
        9.1606892,
        52.3395663
      ],
      [
        9.1606863,
        52.3396113
      ],
      [
        9.1606853,
        52.3396268
      ],
      [
        9.1604522,
        52.3396211
      ],
      [
        9.1604534,
        52.3396027
      ],
      [
        9.1604577,
        52.3395381
      ],
      [
        9.1605039,
        52.3395392
      ]
    ]
  ],
  ""type"": ""Polygon""
}",
08b1f102b02e1fff02014e2ddd4514e2,"{
  ""xmax"": 9.160053253173828e+00,
  ""xmin"": 9.159911155700684e+00,
  ""ymax"": 5.233998107910156e+01,
  ""ymin"": 5.233985519409180e+01
}",0,"{
  ""list"": [
    {
      ""element"": {
        ""dataset"": ""OpenStreetMap"",
        ""property"": """",
        ""record_id"": ""w972644021@1"",
        ""update_time"": ""2021-08-12T17:30:03.000Z""
      }
    }
  ]
}",,,false,,,,,,,,gabled,,,#B03060,,08b1f102b02e1fff0200ec3cadc93d1d,"{
  ""coordinates"": [
    [
      [
        9.1600452,
        52.339856
      ],
      [
        9.160053,
        52.3399715
      ],
      [
        9.1599203,
        52.3399748
      ],
      [
        9.1599187,
        52.3399509
      ],
      [
        9.1599127,
        52.3398593
      ],
      [
        9.1600452,
        52.339856
      ]
    ]
  ],
  ""type"": ""Polygon""
}",
08b1f102b02ecfff020155f9b9927bdd,"{
  ""xmax"": 9.160593032836914e+00,
  ""xmin"": 9.160524368286133e+00,
  ""ymax"": 5.234003067016602e+01,
  ""ymin"": 5.233998107910156e+01
}",0,"{
  ""list"": [
    {
      ""element"": {
        ""dataset"": ""OpenStreetMap"",
        ""property"": """",
        ""record_id"": ""w646003279@2"",
        ""update_time"": ""2021-08-12T17:30:03.000Z""
      }
    }
  ]
}",,,false,,,,,,,,flat,,,#FF0000,,08b1f102b02ecfff0200661c136d5c9c,"{
  ""coordinates"": [
    [
      [
        9.1605244,
        52.3400226
      ],
      [
        9.1605267,
        52.3399815
      ],
      [
        9.1605926,
        52.3399829
      ],
      [
        9.1605903,
        52.340024
      ],
      [
        9.1605244,
        52.3400226
      ]
    ]
  ],
  ""type"": ""Polygon""
}",
08b1f102b02eafff0201451ac2a3fd8f,"{
  ""xmax"": 9.160577774047852e+00,
  ""xmin"": 9.160502433776855e+00,
  ""ymax"": 5.233954238891602e+01,
  ""ymin"": 5.233952331542969e+01
}",0,"{
  ""list"": [
    {
      ""element"": {
        ""dataset"": ""OpenStreetMap"",
        ""property"": """",
        ""record_id"": ""w972947117@1"",
        ""update_time"": ""2021-08-13T19:34:34.000Z""
      }
    }
  ]
}",,,false,,,,,,,,,,,#FF0000,,08b1f102b02eafff0200121cd6ce89cb,"{
  ""coordinates"": [
    [
      [
        9.1605039,
        52.3395392
      ],
      [
        9.1605049,
        52.3395237
      ],
      [
        9.160577,
        52.3395255
      ],
      [
        9.160576,
        52.339541
      ],
      [
        9.1605039,
        52.3395392
      ]
    ]
  ],
  ""type"": ""Polygon""
}",
08b1f102b02eafff0201bcab2b27d686,"{
  ""xmax"": 9.160458564758301e+00,
  ""xmin"": 9.160269737243652e+00,
  ""ymax"": 5.233960342407227e+01,
  ""ymin"": 5.233952713012695e+01
}",0,"{
  ""list"": [
    {
      ""element"": {
        ""dataset"": ""OpenStreetMap"",
        ""property"": """",
        ""record_id"": ""w972947133@1"",
        ""update_time"": ""2021-08-13T19:34:34.000Z""
      }
    }
  ]
}",,,false,,,,,,,,gabled,,,#B03060,,08b1f102b02eafff020064072dddb9bc,"{
  ""coordinates"": [
    [
      [
        9.1604577,
        52.3395381
      ],
      [
        9.1604534,
        52.3396027
      ],
      [
        9.1602919,
        52.3395988
      ],
      [
        9.1602713,
        52.3395983
      ],
      [
        9.1602756,
        52.3395336
      ],
      [
        9.1604577,
        52.3395381
      ]
    ]
  ],
  ""type"": ""Polygon""
}",
08b1f102b02eafff0201c9108fbbb0fd,"{
  ""xmax"": 9.160461425781250e+00,
  ""xmin"": 9.160275459289551e+00,
  ""ymax"": 5.233953857421875e+01,
  ""ymin"": 5.233948135375977e+01
}",0,"{
  ""list"": [
    {
      ""element"": {
        ""dataset"": ""OpenStreetMap"",
        ""property"": """",
        ""record_id"": ""w972947132@1"",
        ""update_time"": ""2021-08-13T19:34:34.000Z""
      }
    }
  ]
}",,,false,,,,,,,,,,,#B03060,,08b1f102b02eafff020064072dddb9bc,"{
  ""coordinates"": [
    [
      [
        9.1604577,
        52.3395381
      ],
      [
        9.1602756,
        52.3395336
      ],
      [
        9.1602758,
        52.3395305
      ],
      [
        9.1602786,
        52.339488
      ],
      [
        9.1604607,
        52.3394925
      ],
      [
        9.1604577,
        52.3395381
      ]
    ]
  ],
  ""type"": ""Polygon""
}",
08b1f102b15b4fff02017bfb7ed5554b,"{
  ""xmax"": 9.162530899047852e+00,
  ""xmin"": 9.162365913391113e+00,
  ""ymax"": 5.234008407592773e+01,
  ""ymin"": 5.233997344970703e+01
}",0,"{
  ""list"": [
    {
      ""element"": {
        ""dataset"": ""OpenStreetMap"",
        ""property"": """",
        ""record_id"": ""w973160796@1"",
        ""update_time"": ""2021-08-14T20:55:24.000Z""
      }
    }
  ]
}",,,false,,,,,,,,gabled,,,#FF0000,,08b1f102b15b4fff0200ecce82bdc563,"{
  ""coordinates"": [
    [
      [
        9.1623666,
        52.3400801
      ],
      [
        9.1623706,
        52.3399738
      ],
      [
        9.1625308,
        52.3399761
      ],
      [
        9.1625268,
        52.3400825
      ],
      [
        9.162397,
        52.3400805
      ],
      [
        9.1623666,
        52.3400801
      ]
    ]
  ],
  ""type"": ""Polygon""
}",
08b1f102b15b6fff02013ef4e68190e4,"{
  ""xmax"": 9.162264823913574e+00,
  ""xmin"": 9.162097930908203e+00,
  ""ymax"": 5.233964920043945e+01,
  ""ymin"": 5.233953475952148e+01
}",0,"{
  ""list"": [
    {
      ""element"": {
        ""dataset"": ""OpenStreetMap"",
        ""property"": """",
        ""record_id"": ""w646002208@2"",
        ""update_time"": ""2021-08-13T19:34:34.000Z""
      }
    }
  ]
}",,,false,,,,,,,,gabled,,across,#B03060,,08b1f102b15b6fff0200a97faae50f73,"{
  ""coordinates"": [
    [
      [
        9.1620986,
        52.339632
      ],
      [
        9.1621144,
        52.3395509
      ],
      [
        9.1621161,
        52.3395413
      ],
      [
        9.1621638,
        52.3395447
      ],
      [
        9.1622644,
        52.3395518
      ],
      [
        9.1622469,
        52.3396426
      ],
      [
        9.1620986,
        52.339632
      ]
    ]
  ],
  ""type"": ""Polygon""
}",
08b1f102b15b6fff02014f7306434be2,"{
  ""xmax"": 9.162269592285156e+00,
  ""xmin"": 9.162163734436035e+00,
  ""ymax"": 5.233955764770508e+01,
  ""ymin"": 5.233951187133789e+01
}",0,"{
  ""list"": [
    {
      ""element"": {
        ""dataset"": ""OpenStreetMap"",
        ""property"": """",
        ""record_id"": ""w972947122@1"",
        ""update_time"": ""2021-08-13T19:34:34.000Z""
      }
    }
  ]
}",,,false,,,,,,,,flat,,,#FFFFFF,,08b1f102b15b6fff0200a97faae50f73,"{
  ""coordinates"": [
    [
      [
        9.1622644,
        52.3395518
      ],
      [
        9.1621638,
        52.3395447
      ],
      [
        9.1621688,
        52.3395184
      ],
      [
        9.1622694,
        52.3395256
      ],
      [
        9.1622644,
        52.3395518
      ]
    ]
  ],
  ""type"": ""Polygon""
}",
08b1f102b025afff0201bafd2d30f557,"{
  ""xmax"": 9.161953926086426e+00,
  ""xmin"": 9.161864280700684e+00,
  ""ymax"": 5.234014892578125e+01,
  ""ymin"": 5.234007263183594e+01
}",0,"{
  ""list"": [
    {
      ""element"": {
        ""dataset"": ""OpenStreetMap"",
        ""property"": """",
        ""record_id"": ""w973227194@1"",
        ""update_time"": ""2021-08-15T09:39:27.000Z""
      }
    }
  ]
}",,,false,,,,,,,,gabled,,,#B03060,,08b1f102b02e9fff020083120601822d,"{
  ""coordinates"": [
    [
      [
        9.1619524,
        52.3400783
      ],
      [
        9.1619424,
        52.3401416
      ],
      [
        9.1618649,
        52.3401371
      ],
      [
        9.1618749,
        52.3400737
      ],
      [
        9.1619524,
        52.3400783
      ]
    ]
  ],
  ""type"": ""Polygon""
}",
08b1f102b15b6fff02012ae79963e616,"{
  ""xmax"": 9.161890029907227e+00,
  ""xmin"": 9.161688804626465e+00,
  ""ymax"": 5.233961868286133e+01,
  ""ymin"": 5.233950424194336e+01
}",0,"{
  ""list"": [
    {
      ""element"": {
        ""dataset"": ""OpenStreetMap"",
        ""property"": """",
        ""record_id"": ""w646002209@2"",
        ""update_time"": ""2021-08-13T19:34:34.000Z""
      }
    }
  ]
}",,,false,,,,,,,,hipped,,,#B03060,,08b1f102b15b6fff0200517a154a2707,"{
  ""coordinates"": [
    [
      [
        9.161689,
        52.3396014
      ],
      [
        9.1617037,
        52.3395116
      ],
      [
        9.1618074,
        52.339518
      ],
      [
        9.1618897,
        52.339523
      ],
      [
        9.161875,
        52.3396127
      ],
      [
        9.161689,
        52.3396014
      ]
    ]
  ],
  ""type"": ""Polygon""
}",
08b1f102b02ebfff0201a1912628dcc3,"{
  ""xmax"": 9.161443710327148e+00,
  ""xmin"": 9.161227226257324e+00,
  ""ymax"": 5.233959197998047e+01,
  ""ymin"": 5.233947372436523e+01
}",0,"{
  ""list"": [
    {
      ""element"": {
        ""dataset"": ""OpenStreetMap"",
        ""property"": """",
        ""record_id"": ""w646002210@2"",
        ""update_time"": ""2021-08-13T19:34:34.000Z""
      }
    }
  ]
}",,,false,,,,,,,,gabled,,,#FF0000,,08b1f102b02ebfff0200d02c44f9e133,"{
  ""coordinates"": [
    [
      [
        9.1612276,
        52.3395781
      ],
      [
        9.161237,
        52.3395236
      ],
      [
        9.1612441,
        52.3394829
      ],
      [
        9.1612455,
        52.3394747
      ],
      [
        9.1614436,
        52.3394876
      ],
      [
        9.1614274,
        52.3395809
      ],
      [
        9.1613503,
        52.339576
      ],
      [
        9.1613486,
        52.339586
      ],
      [
        9.1612276,
        52.3395781
      ]
    ]
  ],
  ""type"": ""Polygon""
}",
