COUNTYID,STATEID,US_STATE_FIPS,US_COUNTY_FIPS,US_FULL_FIPS,COUNTYNAME,TRACKEDCOUNT,OUTAGECOUNT,LASTUPDATEDDATETIME,UPDATECLEAN,PERCENTOUTAGE,FIPS,STATEABBRV,STATENAME
1557,25,22,105.0,22105,Tangipahoa,68210,340,/Date(1632585346557)/,2021-09-25 15:55:46.000,0.49846063627034160000,22,LA,Louisiana
1609,25,22,11.0,22011,Beauregard,19558,5,/Date(1632585345777)/,2021-09-25 15:55:45.000,0.02556498619490745600,22,LA,Louisiana
1610,25,22,13.0,22013,Bienville,11953,0,/Date(1632585346807)/,2021-09-25 15:55:46.000,0.00000000000000000000,22,LA,Louisiana
1611,25,22,15.0,22015,Bossier,61350,0,/Date(1632585030980)/,2021-09-25 15:50:30.000,0.00000000000000000000,22,LA,Louisiana
1612,25,22,17.0,22017,Caddo,120557,11,/Date(1632585030980)/,2021-09-25 15:50:30.000,0.00912431463954809800,22,LA,Louisiana
1613,25,22,31.0,22031,De Soto,14919,0,/Date(1632585343167)/,2021-09-25 15:55:43.000,0.00000000000000000000,22,LA,Louisiana
1616,25,22,43.0,22043,Grant,9355,0,/Date(1632585343167)/,2021-09-25 15:55:43.000,0.00000000000000000000,22,LA,Louisiana
1621,25,22,69.0,22069,Natchitoches,13344,4,/Date(1632585343167)/,2021-09-25 15:55:43.000,0.02997601918465228000,22,LA,Louisiana
1622,25,22,79.0,22079,Rapides,44007,1,/Date(1632585345777)/,2021-09-25 15:55:45.000,0.00227236575999272860,22,LA,Louisiana
1623,25,22,81.0,22081,Red River,5076,0,/Date(1632585343167)/,2021-09-25 15:55:43.000,0.00000000000000000000,22,LA,Louisiana
1624,25,22,85.0,22085,Sabine,17787,0,/Date(1632585343167)/,2021-09-25 15:55:43.000,0.00000000000000000000,22,LA,Louisiana
1625,25,22,103.0,22103,St. Tammany,131945,16,/Date(1632585346557)/,2021-09-25 15:55:46.000,0.01212626473151692000,22,LA,Louisiana
1627,25,22,115.0,22115,Vernon,24139,7,/Date(1632585345777)/,2021-09-25 15:55:45.000,0.02899871577115870400,22,LA,Louisiana
1629,25,22,119.0,22119,Webster,16383,0,/Date(1632585030980)/,2021-09-25 15:50:30.000,0.00000000000000000000,22,LA,Louisiana
1630,25,22,127.0,22127,Winn,5244,0,/Date(1632585030980)/,2021-09-25 15:50:30.000,0.00000000000000000000,22,LA,Louisiana
1643,25,22,19.0,22019,Calcasieu,98901,1,/Date(1632585345777)/,2021-09-25 15:55:45.000,0.00101111212222323330,22,LA,Louisiana
1651,25,22,3.0,22003,Allen,11566,17,/Date(1632585345777)/,2021-09-25 15:55:45.000,0.14698253501642747000,22,LA,Louisiana
1652,25,22,117.0,22117,Washington,24686,1,/Date(1632585346557)/,2021-09-25 15:55:46.000,0.00405087904075184300,22,LA,Louisiana
1681,25,22,39.0,22039,Evangeline,18338,0,/Date(1632585346150)/,2021-09-25 15:55:46.000,0.00000000000000000000,22,LA,Louisiana
1995,25,22,5.0,22005,Ascension,43216,6,/Date(1632585079330)/,2021-09-25 15:51:19.000,0.01388374676045908900,22,LA,Louisiana
1996,25,22,9.0,22009,Avoyelles,21894,1,/Date(1632585346150)/,2021-09-25 15:55:46.000,0.00456746140495112800,22,LA,Louisiana
1998,25,22,33.0,22033,East Baton Rouge,180808,16,/Date(1632585079330)/,2021-09-25 15:51:19.000,0.00884916596610769500,22,LA,Louisiana
1999,25,22,37.0,22037,East Feliciana,4325,0,/Date(1632495702837)/,2021-09-24 15:01:42.000,0.00000000000000000000,22,LA,Louisiana
2001,25,22,45.0,22045,Iberia,34912,0,/Date(1632585346150)/,2021-09-25 15:55:46.000,0.00000000000000000000,22,LA,Louisiana
2006,25,22,63.0,22063,Livingston,23106,23,/Date(1632585079330)/,2021-09-25 15:51:19.000,0.09954124469834676000,22,LA,Louisiana
2010,25,22,91.0,22091,St. Helena,1737,6,/Date(1632585079330)/,2021-09-25 15:51:19.000,0.34542314335060450000,22,LA,Louisiana
2012,25,22,125.0,22125,West Feliciana,1843,0,/Date(1632298464797)/,2021-09-22 08:14:24.000,0.00000000000000000000,22,LA,Louisiana
2060,25,22,1.0,22001,Acadia,28567,0,/Date(1632585346150)/,2021-09-25 15:55:46.000,0.00000000000000000000,22,LA,Louisiana
2061,25,22,23.0,22023,Cameron,1784,0,/Date(1632585346150)/,2021-09-25 15:55:46.000,0.00000000000000000000,22,LA,Louisiana
2062,25,22,41.0,22041,Franklin,7206,0,/Date(1632405099010)/,2021-09-23 13:51:39.000,0.00000000000000000000,22,LA,Louisiana
2063,25,22,51.0,22051,Jefferson,211561,3433,/Date(1632585079330)/,2021-09-25 15:51:19.000,1.62269983598111180000,22,LA,Louisiana
2064,25,22,55.0,22055,Lafayette,124134,0,/Date(1632585347230)/,2021-09-25 15:55:47.000,0.00000000000000000000,22,LA,Louisiana
2065,25,22,57.0,22057,Lafourche,43611,3695,/Date(1632585079330)/,2021-09-25 15:51:19.000,8.47263305129439800000,22,LA,Louisiana
2066,25,22,71.0,22071,Orleans,193836,56,/Date(1632585079330)/,2021-09-25 15:51:19.000,0.02889040219567056600,22,LA,Louisiana
2068,25,22,75.0,22075,Plaquemines,12610,13,/Date(1632585079330)/,2021-09-25 15:51:19.000,0.10309278350515463000,22,LA,Louisiana
2069,25,22,87.0,22087,St. Bernard,20650,0,/Date(1632552676197)/,2021-09-25 06:51:16.000,0.00000000000000000000,22,LA,Louisiana
2070,25,22,121.0,22121,West Baton Rouge,12865,0,/Date(1632513099783)/,2021-09-24 19:51:39.000,0.00000000000000000000,22,LA,Louisiana
2075,25,22,61.0,22061,Lincoln,9278,0,/Date(1632585346807)/,2021-09-25 15:55:46.000,0.00000000000000000000,22,LA,Louisiana
2076,25,22,73.0,22073,Ouachita,90013,5,/Date(1632585346807)/,2021-09-25 15:55:46.000,0.00555475320231522100,22,LA,Louisiana
2077,25,22,77.0,22077,Pointe Coupee,5089,0,/Date(1632585343167)/,2021-09-25 15:55:43.000,0.00000000000000000000,22,LA,Louisiana
2078,25,22,97.0,22097,St. Landry,46832,0,/Date(1632585346150)/,2021-09-25 15:55:46.000,0.00000000000000000000,22,LA,Louisiana
2080,25,22,101.0,22101,St. Mary,18942,1,/Date(1632585343167)/,2021-09-25 15:55:43.000,0.00527927357195649900,22,LA,Louisiana
2084,25,22,7.0,22007,Assumption,10495,1,/Date(1632585079330)/,2021-09-25 15:51:19.000,0.00952834683182467900,22,LA,Louisiana
2085,25,22,89.0,22089,St. Charles,22759,194,/Date(1632585079330)/,2021-09-25 15:51:19.000,0.85241003559031590000,22,LA,Louisiana
2089,25,22,53.0,22053,Jefferson Davis,12243,0,/Date(1632585345777)/,2021-09-25 15:55:45.000,0.00000000000000000000,22,LA,Louisiana
2102,25,22,27.0,22027,Claiborne,5039,0,/Date(1632585346807)/,2021-09-25 15:55:46.000,0.00000000000000000000,22,LA,Louisiana
2103,25,22,65.0,22065,Madison,5835,0,/Date(1632330712823)/,2021-09-22 17:11:52.000,0.00000000000000000000,22,LA,Louisiana
2104,25,22,95.0,22095,St. John The Baptist,19449,165,/Date(1632585079330)/,2021-09-25 15:51:19.000,0.84837266697516580000,22,LA,Louisiana
2105,25,22,107.0,22107,Tensas,3613,0,/Date(1632505902140)/,2021-09-24 17:51:42.000,0.00000000000000000000,22,LA,Louisiana
2108,25,22,109.0,22109,Terrebonne,27444,509,/Date(1632585079330)/,2021-09-25 15:51:19.000,1.85468590584462900000,22,LA,Louisiana
2113,25,22,35.0,22035,East Carroll,3479,3,/Date(1632585079330)/,2021-09-25 15:51:19.000,0.08623167576889910000,22,LA,Louisiana
2119,25,22,49.0,22049,Jackson,8922,1,/Date(1632585346807)/,2021-09-25 15:55:46.000,0.01120824927146379800,22,LA,Louisiana
2120,25,22,29.0,22029,Concordia,5126,0,/Date(1632511908653)/,2021-09-24 19:31:48.000,0.00000000000000000000,22,LA,Louisiana
2121,25,22,47.0,22047,Iberville,9088,39,/Date(1632585079330)/,2021-09-25 15:51:19.000,0.42913732394366200000,22,LA,Louisiana
2122,25,22,99.0,22099,St. Martin,25585,1,/Date(1632585346150)/,2021-09-25 15:55:46.000,0.00390854016025014700,22,LA,Louisiana
2130,25,22,,,E. Feliciana,0,0,/Date(1595969427240)/,2020-07-28 20:50:27.000,,22,LA,Louisiana
2135,25,22,21.0,22021,Caldwell,6167,0,/Date(1632531661300)/,2021-09-25 01:01:01.000,0.00000000000000000000,22,LA,Louisiana
2146,25,22,93.0,22093,St. James,9860,7,/Date(1632585079330)/,2021-09-25 15:51:19.000,0.07099391480730223000,22,LA,Louisiana
2156,25,22,113.0,22113,Vermilion,23365,0,/Date(1632585346150)/,2021-09-25 15:55:46.000,0.00000000000000000000,22,LA,Louisiana
2158,25,22,67.0,22067,Morehouse,12687,0,/Date(1632522110537)/,2021-09-24 22:21:50.000,0.00000000000000000000,22,LA,Louisiana
2160,25,22,111.0,22111,Union,8105,0,/Date(1632585346807)/,2021-09-25 15:55:46.000,0.00000000000000000000,22,LA,Louisiana
2171,25,22,123.0,22123,West Carroll,2548,0,/Date(1632250306970)/,2021-09-21 18:51:46.000,0.00000000000000000000,22,LA,Louisiana
2178,25,22,83.0,22083,Richland,8960,0,/Date(1632457264353)/,2021-09-24 04:21:04.000,0.00000000000000000000,22,LA,Louisiana
2184,25,22,25.0,22025,Catahoula,127,0,/Date(1632585343167)/,2021-09-25 15:55:43.000,0.00000000000000000000,22,LA,Louisiana
2186,25,22,59.0,22059,La Salle,5866,0,/Date(1632585343167)/,2021-09-25 15:55:43.000,0.00000000000000000000,22,LA,Louisiana
2187,25,22,,,W. Feliciana,0,0,/Date(1595554222907)/,2020-07-24 01:30:22.000,,22,LA,Louisiana
3169,25,22,,,Unknown,29,29,/Date(1632585079330)/,2021-09-25 15:51:19.000,100.00000000000000000000,22,LA,Louisiana
4287,25,22,,,E. Baton Rouge,0,0,/Date(1596048027523)/,2020-07-29 18:40:27.000,,22,LA,Louisiana
4288,25,22,,,W. Baton Rouge,0,0,/Date(1596048027523)/,2020-07-29 18:40:27.000,,22,LA,Louisiana
4293,25,22,,,E. Carroll,0,0,/Date(1596048027523)/,2020-07-29 18:40:27.000,,22,LA,Louisiana
4295,25,22,,,W. Carroll,0,0,/Date(1595586023830)/,2020-07-24 10:20:23.000,,22,LA,Louisiana
5205,25,22,,,Desoto,4993,0,/Date(1631722097047)/,2021-09-15 16:08:17.000,0.00000000000000000000,22,LA,Louisiana
5477,25,22,,,Amite,0,0,/Date(1631886777117)/,2021-09-17 13:52:57.000,,22,LA,Louisiana
5478,25,22,,,Wilkinson,0,0,/Date(1631886777117)/,2021-09-17 13:52:57.000,,22,LA,Louisiana
1295,28,28,7.0,28007,Attala,7518,0,/Date(1632585307363)/,2021-09-25 15:55:07.000,0.00000000000000000000,28,MS,Mississippi
1296,28,28,23.0,28023,Clarke,10044,1,/Date(1632585309617)/,2021-09-25 15:55:09.000,0.00995619275189167700,28,MS,Mississippi
1297,28,28,61.0,28061,Jasper,11763,0,/Date(1632585309617)/,2021-09-25 15:55:09.000,0.00000000000000000000,28,MS,Mississippi
1298,28,28,69.0,28069,Kemper,5786,0,/Date(1632585307363)/,2021-09-25 15:55:07.000,0.00000000000000000000,28,MS,Mississippi
1299,28,28,75.0,28075,Lauderdale,37156,5,/Date(1632585298807)/,2021-09-25 15:54:58.000,0.01345677683281300400,28,MS,Mississippi
1300,28,28,,,Nas Meridian,4,0,/Date(1632167395773)/,2021-09-20 19:49:55.000,0.00000000000000000000,28,MS,Mississippi
1301,28,28,99.0,28099,Neshoba,11348,0,/Date(1632585307363)/,2021-09-25 15:55:07.000,0.00000000000000000000,28,MS,Mississippi
1302,28,28,101.0,28101,Newton,12538,0,/Date(1632585309617)/,2021-09-25 15:55:09.000,0.00000000000000000000,28,MS,Mississippi
1303,28,28,103.0,28103,Noxubee,11031,0,/Date(1632496557613)/,2021-09-24 15:15:57.000,0.00000000000000000000,28,MS,Mississippi
1304,28,28,105.0,28105,Oktibbeha,10468,0,/Date(1632523504950)/,2021-09-24 22:45:04.000,0.00000000000000000000,28,MS,Mississippi
1305,28,28,,,Unknown,2040,0,/Date(1632585307363)/,2021-09-25 15:55:07.000,0.00000000000000000000,28,MS,Mississippi
1306,28,28,153.0,28153,Wayne,12279,0,/Date(1632585309350)/,2021-09-25 15:55:09.000,0.00000000000000000000,28,MS,Mississippi
1307,28,28,159.0,28159,Winston,7018,0,/Date(1632167395773)/,2021-09-20 19:49:55.000,0.00000000000000000000,28,MS,Mississippi
2071,28,28,89.0,28089,Madison,50041,0,/Date(1632580284697)/,2021-09-25 14:31:24.000,0.00000000000000000000,28,MS,Mississippi
2073,28,28,113.0,28113,Pike,20643,0,/Date(1632581725533)/,2021-09-25 14:55:25.000,0.00000000000000000000,28,MS,Mississippi
2074,28,28,121.0,28121,Rankin,73971,0,/Date(1632585309617)/,2021-09-25 15:55:09.000,0.00000000000000000000,28,MS,Mississippi
2079,28,28,151.0,28151,Washington,15847,13,/Date(1632585079033)/,2021-09-25 15:51:19.000,0.08203445447087777000,28,MS,Mississippi
2081,28,28,49.0,28049,Hinds,109467,57,/Date(1632585311217)/,2021-09-25 15:55:11.000,0.05207048699608101000,28,MS,Mississippi
2086,28,28,149.0,28149,Warren,21625,0,/Date(1632579677987)/,2021-09-25 14:21:17.000,0.00000000000000000000,28,MS,Mississippi
2088,28,28,133.0,28133,Sunflower,8709,0,/Date(1632585310860)/,2021-09-25 15:55:10.000,0.00000000000000000000,28,MS,Mississippi
2090,28,28,157.0,28157,Wilkinson,5902,1,/Date(1632585311217)/,2021-09-25 15:55:11.000,0.01694340901389359400,28,MS,Mississippi
2091,28,28,85.0,28085,Lincoln,18116,0,/Date(1632585311217)/,2021-09-25 15:55:11.000,0.00000000000000000000,28,MS,Mississippi
2093,28,28,5.0,28005,Amite,12001,0,/Date(1632585311217)/,2021-09-25 15:55:11.000,0.00000000000000000000,28,MS,Mississippi
2094,28,28,43.0,28043,Grenada,11408,0,/Date(1632585305597)/,2021-09-25 15:55:05.000,0.00000000000000000000,28,MS,Mississippi
2115,28,28,11.0,28011,Bolivar,13422,0,/Date(1632585310860)/,2021-09-25 15:55:10.000,0.00000000000000000000,28,MS,Mississippi
2123,28,28,1.0,28001,Adams,17077,0,/Date(1632585311217)/,2021-09-25 15:55:11.000,0.00000000000000000000,28,MS,Mississippi
