GEO,SHELTER_ID,SHELTER_NAME,ADDRESS_1,CITY,COUNTY_PARISH,FIPS_CODE,STATE,ZIP,MAIL_ADDR_SAME_AS_PHYS_ADDR,MAILING_ADDRESS_1,MAILING_ADDRESS_2,MAILING_CITY,MAILING_COUNTY_PARISH,MAILING_STATE,MAILING_ZIP,FACILITY_USAGE_CODE,EVACUATION_CAPACITY,POST_IMPACT_CAPACITY,ADA_COMPLIANT,WHEELCHAIR_ACCESSIBLE,PET_ACCOMMODATIONS_CODE,PET_ACCOMMODATIONS_DESC,GENERATOR_ONSITE,SELF_SUFFICIENT_ELECTRICITY,LATITUDE,LONGITUDE,IN_100_YR_FLOODPLAIN,IN_500_YR_FLOODPLAIN,IN_SURGE_SLOSH_AREA,PRE_LANDFALL_SHELTER,SHELTER_CODE,ORG_ORGANIZATION_ID,ORG_ORGANIZATION_NAME,ORG_MAIN_PHONE,ORG_FAX,ORG_EMAIL,ORG_HOTLINE_PHONE,ORG_OTHER_PHONE,ORG_ADDRESS,ORG_CITY,ORG_STATE,ORG_ZIP,ORG_POC_NAME,ORG_POC_PHONE,ORG_POC_AFTER_HOURS_PHONE,ORG_POC_EMAIL,ORG_HOURS_OF_OPERATION,POPULATION_CODE,INCIDENT_ID,SHELTER_STATUS_CODE,SHELTER_OPEN_DATE,SHELTER_CLOSED_DATE,REPORTING_PERIOD,GENERAL_POPULATION,MEDICAL_NEEDS_POPULATION,OTHER_POPULATION,OTHER_POPULATION_DESCRIPTION,TOTAL_POPULATION,PET_POPULATION,INCIDENT_NUMBER,INCIDENT_NAME,INCIDENT_CODE,OBJECTID,SCORE,STATUS,MATCH_TYPE,LOC_NAME,GEOX,GEOY,FACILITY_TYPE,SUBFACILITY_CODE,DATA_SOURCE_ID
"{
  ""coordinates"": [
    -9.234291403699996e+01,
    3.469917391300004e+01
  ],
  ""type"": ""Point""
}",239285,Geyer Springs United Methodist Church,5500 GEYER SPRINGS ROAD,LITTLE ROCK,PULASKI, ,AR,72209,YES, , , , , , ,POST,181,90, , , , , , ,34.69917391,-92.34291404, , , , ,GENERAL,121172,ARC OF GREATER ARKANSAS, , , , , ,401 SOUTH MONROE,LITTLE ROCK,AR,72205, , , , ,8,GENERAL,0,CLOSED,,, ,0,0,0, ,0,0, , , ,651887,100,M,A,Street,-92.34291404,34.69917391,SHELTER,GENPOPSHEL,0
"{
  ""coordinates"": [
    -9.259240395499995e+01,
    3.456042651000007e+01
  ],
  ""type"": ""Point""
}",239286,RINGGOLD ELEMENTARY SCHOOL,536 RIVER STREET,BENTON,SALINE, ,AR,72015,NO, , , , , , ,EVAC,125,0, , , , , , ,34.56042651,-92.59240396, , , , ,GENERAL,121172,ARC OF GREATER ARKANSAS, , , , , ,401 SOUTH MONROE,LITTLE ROCK,AR,72205, , , , ,8,GENERAL,0,CLOSED,,, ,0,0,0, ,0,0, , , ,651888,100,M,A,Street,-92.59240396,34.56042651,SHELTER,GENPOPSHEL,0
"{
  ""coordinates"": [
    -8.676495908299995e+01,
    3.340961806800004e+01
  ],
  ""type"": ""Point""
}",73530,Lakeside Baptist Church,2865 OLD ROCKY RIDGE RD,BIRMINGHAM,JEFFERSON, ,AL,35243,YES,2865 OLD ROCKY RIDGE RD, ,BIRMINGHAM, ,AL,35245,EVAC,329,150, , , , , , ,33.40961807,-86.76495908, , , , ,GENERAL,121209,BIRMINGHAM AREA CHAPTER, , , , , ,950 22ND ST NORTH,BIRMINGHAM,AL,35203, , , , ,8,GENERAL,0,CLOSED,,, ,0,0,0, ,0,0, , , ,651911,81,M,A,Street,-86.76495908,33.40961807,SHELTER,GENPOPSHEL,0
"{
  ""coordinates"": [
    -9.241450007099996e+01,
    3.470658432600004e+01
  ],
  ""type"": ""Point""
}",239288,Mount Pleasant United Methodist Church,5025 CHURCH ROAD,LITTLE ROCK,PULASKI, ,AR,72210,YES, , , , , , ,EVAC,37,19, , , , , , ,34.70658433,-92.41450007, , , , ,GENERAL,121172,ARC OF GREATER ARKANSAS, , , , , ,401 SOUTH MONROE,LITTLE ROCK,AR,72205, , , , ,8,GENERAL,0,CLOSED,,, ,0,0,0, ,0,0, , , ,651922,100,M,A,Street,-92.41450007,34.70658433,SHELTER,GENPOPSHEL,0
"{
  ""coordinates"": [
    -9.250411751099995e+01,
    3.456655089300006e+01
  ],
  ""type"": ""Point""
}",239290,BAUXITE ELEMENTARY / CAFETORIUM,500 PINE HAVEN ROAD,BAUXITE,SALINE, ,AR,72011,NO, , , , , , ,EVAC,250,0, , , , , , ,34.56655089,-92.50411751, , , , ,GENERAL,121172,ARC OF GREATER ARKANSAS, , , , , ,401 SOUTH MONROE,LITTLE ROCK,AR,72205, , , , ,8,GENERAL,0,CLOSED,,, ,0,0,0, ,0,0, , , ,651923,100,M,A,Street,-92.50411751,34.56655089,SHELTER,GENPOPSHEL,0
"{
  ""coordinates"": [
    -9.232687912599994e+01,
    3.475648770600003e+01
  ],
  ""type"": ""Point""
}",239291,Pulaski Heights United Methodist Church,4823 WOODLAWN,LITTLE ROCK,PULASKI, ,AR,72205,NO, , , , , , ,POST,310,155, , , , , , ,34.75648771,-92.32687913, , , , ,GENERAL,121172,ARC OF GREATER ARKANSAS, , , , , ,401 SOUTH MONROE,LITTLE ROCK,AR,72205, , , , ,8,GENERAL,,CLOSED,,,,,,,,,,,,,651924,86,T,A,Street,-92.32687913,34.75648771,SHELTER,GENPOPSHEL,0
"{
  ""coordinates"": [
    -9.402152558499995e+01,
    3.341447440700006e+01
  ],
  ""type"": ""Point""
}",238915,SPIRIT AND TRUTH BAPTIST CHURCH,2101 HAYS,TEXARKANA,MILLER, ,AR,71854,NO, , , , , , ,EVAC,0,0, , , , , , ,33.41447441,-94.02152559, , , , ,GENERAL,121876,TEXARKANA AREA CHAPTER, , , , , ,821 SPRUCE STREET,TEXARKANA,TX,75501, , , , ,5-Aug,GENERAL,0,CLOSED,,, ,0,0,0, ,0,0, , , ,651925,86,M,A,Street,-94.02152559,33.41447441,SHELTER,GENPOPSHEL,0
"{
  ""coordinates"": [
    -9.404265065899995e+01,
    3.348945987900004e+01
  ],
  ""type"": ""Point""
}",238917,Sugar Hill United Methodist,1621 Sugar Hill Rd.,TEXARKANA,MILLER, ,AR,71854,YES, , , , , , ,EVAC,55,0, , , , , , ,33.48945988,-94.04265066,NO, ,NO, ,GENERAL,121876,TEXARKANA AREA CHAPTER, , , , , ,821 SPRUCE STREET,TEXARKANA,TX,75501, , , , ,5-Aug,GENERAL,0,CLOSED,2020-09-12 08:00:00.000,, ,0,0,0, ,0,0, , , ,651926,100,M,A,Street,-94.04265066,33.48945988,SHELTER,GENPOPSHEL,0
"{
  ""coordinates"": [
    -8.990803561599995e+01,
    3.514370879200004e+01
  ],
  ""type"": ""Point""
}",299045,First Church Of Chris Scientist,458 N. PERKINS,MEMPHIS,SHELBY, ,TN,38117,YES, , , , , , ,EVAC,30,0, , , , , , ,35.14370879,-89.90803562, , , , ,GENERAL,121612,MID-SOUTH CHAPTER, , , , , ,1400 CENTRAL AVE,MEMPHIS,TN,38104, , , , ,8,GENERAL,0,CLOSED,,, ,0,0,0, ,0,0, , , ,651929,86,M,A,Street,-89.90803562,35.14370879,SHELTER,GENPOPSHEL,0
"{
  ""coordinates"": [
    -8.983969613499994e+01,
    3.504943286300005e+01
  ],
  ""type"": ""Point""
}",299590,World Overcomers,6655 Winchester Rd.,MEMPHIS,SHELBY, ,TN,38115,YES, , , , , , ,BOTH,500,250, , , , , , ,35.04943286,-89.83969614, , , , ,GENERAL,121612,MID-SOUTH CHAPTER, , , , , ,1400 CENTRAL AVE,MEMPHIS,TN,38104, , , , ,8,GENERAL,475,CLOSED,2020-05-09 11:00:00.000,2011-05-14 00:00:00.000,MIDDAY,0,,,,0,,S TN 04/11 Flood/Tornado ,S TN 04/11 Flood/Tornado ,FLT,652133,100,M,A,Street,-89.83969614,35.04943286,SHELTER,GENPOPSHEL,0
"{
  ""coordinates"": [
    -8.992074303699997e+01,
    3.516212690700007e+01
  ],
  ""type"": ""Point""
}",299083,Gaisman,4223 Macon Rd,MEMPHIS,SHELBY, ,TN,38122,YES, , , , , , ,BOTH,300,150, , , , , , ,35.16212691,-89.92074304, , , , ,GENERAL,121612,MID-SOUTH CHAPTER, , , , , ,1400 CENTRAL AVE,MEMPHIS,TN,38104, , , , ,8,GENERAL,0,CLOSED,2020-09-01 08:00:00.000,, ,0,0,0, ,0,0, , , ,652201,100,M,A,Street,-89.92074304,35.16212691,SHELTER,GENPOPSHEL,0
"{
  ""coordinates"": [
    -9.004975078099994e+01,
    3.512129768700004e+01
  ],
  ""type"": ""Point""
}",299252,Mason Temple,938 Mason Street,MEMPHIS,SHELBY, ,TN,38126,YES, , , , , , ,EVAC,10,0, , , , , , ,35.12129769,-90.04975078, , , , ,GENERAL,121612,MID-SOUTH CHAPTER, , , , , ,1400 CENTRAL AVE,MEMPHIS,TN,38104, , , , ,8,GENERAL,0,CLOSED,,, ,0,0,0, ,0,0, , , ,652332,100,M,A,Street,-90.04975078,35.12129769,SHELTER,GENPOPSHEL,0
"{
  ""coordinates"": [
    -9.405693189299996e+01,
    3.342323380400006e+01
  ],
  ""type"": ""Point""
}",324172,Hardy Memorial Methodist Church,1401 W. SEVENTH,TEXARKANA,BOWIE, ,TX,75501,YES, , , , , , ,EVAC,35,0, , , , , , ,33.4232338,-94.05693189,NO, ,NO, ,GENERAL,121876,TEXARKANA AREA CHAPTER, , , , , ,821 SPRUCE STREET,TEXARKANA,TX,75501, , , , ,5-Aug,GENERAL,0,CLOSED,2020-09-12 08:00:00.000,, ,0,0,0, ,0,0, , , ,652367,86,M,A,Street,-94.05693189,33.4232338,SHELTER,GENPOPSHEL,0
"{
  ""coordinates"": [
    -9.223949200499999e+01,
    3.508188040300007e+01
  ],
  ""type"": ""Point""
}",239176,Beryl Baptist Church Vilonia,873 HIGHWAY 64 EAST,VILONIA,FAULKNER, ,AR,72173,NO, , , , , , ,EVAC,0,0, , , , , , ,35.0818804,-92.23949201, , , , ,GENERAL,121380,FAULKNER COUNTY CHAPTER, , , , , ,1301 MUSEUM RD,CONWAY,AR,72032, , , , ,8,GENERAL,0,CLOSED,2014-04-28 00:00:00.000,2014-05-04 00:00:00.000, ,0,0,0, ,0,0, , , ,652515,76,M,A,Street,-92.23949201,35.0818804,SHELTER,GENPOPSHEL,0
"{
  ""coordinates"": [
    -9.068469911399995e+01,
    3.005011968900004e+01
  ],
  ""type"": ""Point""
}",115833,SACRED HEART CATECATHICAL CHURCH,616 MAIN ST,GRAMERCY,SAINT JAMES, ,LA,70052,NO, , , , , , ,POST,93,100, , , , , , ,30.05011969,-90.68469911, , , , ,GENERAL,121557,LOUISIANA CAPITAL AREA CHAPTER, , , , , ,10201 Celtic Dr,BATON ROUGE,LA,70809, , , , ,8.00 am-5.00 pm M-F,GENERAL,,CLOSED,,,,,,,,,,,,,652551,87,M,A,Street,-90.68469911,30.05011969,SHELTER,GENPOPSHEL,0
"{
  ""coordinates"": [
    -9.246345916199994e+01,
    3.125982473100004e+01
  ],
  ""type"": ""Point""
}",115666,Horseshoe Elementary School,2905 HORSESHOE DRIVE,ALEXANDRIA,RAPIDES, ,LA,71301,NO, , , , , , ,BOTH,120,60, , , , ,NO,NO,31.25982473,-92.46345916, , , , ,GENERAL,121263,Central Louisiana Chapter, , , , , ,1104 Billy Mitchell Blvd.,Alexandria,LA,71303, , , , ,8:30 am - 4:30 pm,GENERAL,0,CLOSED,,, ,0,0,0, ,0,0, , , ,652592,100,M,A,Street,-92.46345916,31.25982473,SHELTER,GENPOPSHEL,0
"{
  ""coordinates"": [
    -9.196149357799999e+01,
    3.312962314800006e+01
  ],
  ""type"": ""Point""
}",239129,First United Methodist Church,500 MAIN STREET,CROSSETT,ASHLEY, ,AR,71635,NO, , , , , , ,EVAC,250,250, , , , , , ,33.12962315,-91.96149358, , , , ,GENERAL,121510,JEFFERSON COUNTY CHAPTER (ARKANSAS), , , , , ,"211 West 3rd, Suite 250",PINE BLUFF,AR,71601, , , , , ,GENERAL,0,CLOSED,,, ,0,0,0, ,0,0, , , ,652594,100,M,A,Street,-91.96149358,33.12962315,SHELTER,GENPOPSHEL,0
"{
  ""coordinates"": [
    -9.050940326299997e+01,
    3.073730963900005e+01
  ],
  ""type"": ""Point""
}",116282,Greater Refuge Temple Ministries,1005 NW Central Ave,AMITE,TANGIPAHOA, ,LA,70422,YES, , , , , , ,EVAC,0,0, , , , , , ,30.73730964,-90.50940326, , , , ,OTHER,121813,SOUTHEAST LOUISIANA CHAPTER, , , , , ,2640 Canal Street,New Orleans,LA,70119, , , , ,8:30am - 4:30pm M-F,OTHER,0,CLOSED,,, ,0,0,0, ,0,0, , , ,652595,100,M,A,Street,-90.50940326,30.73730964,SHELTER,OTHER,0
"{
  ""coordinates"": [
    -8.985646849099999e+01,
    3.503982810400004e+01
  ],
  ""type"": ""Point""
}",299142,Hickory Hill Community Center,3910 Ridgeway,MEMPHIS,SHELBY, ,TN,38115,YES, , , , , , ,BOTH,600,300, , , , ,YES,NO,35.0398281,-89.85646849, , , , ,GENERAL,121612,MID-SOUTH CHAPTER, , , , , ,1400 CENTRAL AVE,MEMPHIS,TN,38104, , , , ,8,GENERAL,0,CLOSED,2020-08-30 08:00:00.000,, ,0,0,0, ,0,0, , , ,652818,86,M,A,Street,-89.85646849,35.0398281,SHELTER,GENPOPSHEL,0
"{
  ""coordinates"": [
    -8.994793853399995e+01,
    3.515074149000003e+01
  ],
  ""type"": ""Point""
}",299144,HIGHLAND HEIGHTS BAPTIST CHURCH,675 National Street,MEMPHIS,SHELBY, ,TN,38122,NO, , , , , , ,BOTH,191,95, , , , , , ,35.15074149,-89.94793853, , , , ,GENERAL,121612,MID-SOUTH CHAPTER, , , , , ,1400 CENTRAL AVE,MEMPHIS,TN,38104, , , , ,8,GENERAL,0,CLOSED,,, ,0,0,0, ,0,0, , , ,652820,100,M,A,Street,-89.94793853,35.15074149,SHELTER,GENPOPSHEL,0
"{
  ""coordinates"": [
    -8.966666657699994e+01,
    3.504301170400004e+01
  ],
  ""type"": ""Point""
}",299463,St. Andrew's Episcopol,106 WALNUT,COLLIERVILLE,SHELBY, ,TN,38017,YES, , , , , , ,BOTH,66,30, , , , , , ,35.0430117,-89.66666658, , , , ,GENERAL,121612,MID-SOUTH CHAPTER, , , , , ,1400 CENTRAL AVE,MEMPHIS,TN,38104, , , , ,8,GENERAL,0,CLOSED,,, ,0,0,0, ,0,0, , , ,652834,86,M,A,Street,-89.66666658,35.0430117,SHELTER,GENPOPSHEL,0
"{
  ""coordinates"": [
    -8.990222599599997e+01,
    3.508567554200005e+01
  ],
  ""type"": ""Point""
}",299248,Marion Hale Community Center,4791 Willow,MEMPHIS,SHELBY, ,TN,38117,YES, , , , , , ,BOTH,300,150, , , , , , ,35.08567554,-89.902226, , , , ,GENERAL,121612,MID-SOUTH CHAPTER, , , , , ,1400 CENTRAL AVE,MEMPHIS,TN,38104, , , , ,8,GENERAL,0,CLOSED,2020-08-31 08:00:00.000,, ,0,0,0, ,0,0, , , ,652870,86,M,A,Street,-89.902226,35.08567554,SHELTER,GENPOPSHEL,0
"{
  ""coordinates"": [
    -9.401520335099997e+01,
    3.013024028900003e+01
  ],
  ""type"": ""Point""
}",322917,First United Methodist Church - Katie Pittman Building,501 NORTH MAIN,VIDOR,ORANGE, ,TX,77662,NO, , , , , , ,POST,0,150, ,YES, , , , ,30.13024029,-94.01520335, , , , ,GENERAL,121705,ORANGE COUNTY TEXAS, , , , , ,3901 IH 10 East,ORANGE,TX,77630, , , , ,8,GENERAL,7673,CLOSED,,2018-09-14 00:00:00.000,OVERNIGHT,120,,,,120,,72819,Texas 9/18 OST,UNK,652909,86,M,A,Street,-94.01520335,30.13024029,SHELTER,GENPOPSHEL,0
"{
  ""coordinates"": [
    -9.388264328299994e+01,
    3.326498010600005e+01
  ],
  ""type"": ""Point""
}",238913,FOUKE SCHOOL GYMNASIUM 1,307 EAST REDCUT ROAD,FOUKE,MILLER, ,AR,71837,NO, , , , , , ,EVAC,0,0, , , , , , ,33.26498011,-93.88264328, , , , ,GENERAL,121876,TEXARKANA AREA CHAPTER, , , , , ,821 SPRUCE STREET,TEXARKANA,TX,75501, , , , ,5-Aug,GENERAL,0,CLOSED,,, ,0,0,0, ,0,0, , , ,652935,100,M,A,Street,-93.88264328,33.26498011,SHELTER,GENPOPSHEL,0
"{
  ""coordinates"": [
    -8.990317028399994e+01,
    3.510146763600005e+01
  ],
  ""type"": ""Point""
}",299573,Church Of Christ at White Station,1106 Colonial Rd.,MEMPHIS,SHELBY, ,TN,38117,YES, , , , , , ,BOTH,250,125, , , , , , ,35.10146764,-89.90317028, , , , ,GENERAL,121612,MID-SOUTH CHAPTER, , , , , ,1400 CENTRAL AVE,MEMPHIS,TN,38104, , , , ,8,GENERAL,760,CLOSED,2020-05-06 11:00:00.000,2011-05-06 00:00:00.000,MIDDAY,11,,,,11,,51311,TN 4/11 FLT,UNK,652941,100,M,A,Street,-89.90317028,35.10146764,SHELTER,GENPOPSHEL,0
"{
  ""coordinates"": [
    -9.001492903299999e+01,
    3.503190507800008e+01
  ],
  ""type"": ""Point""
}",299574,Whitehaven Community Center,4318 Graceland,MEMPHIS,SHELBY, ,TN,38116,YES, , , , , , ,BOTH,300,150, , , , , , ,35.03190508,-90.01492903, , , , ,GENERAL,121612,MID-SOUTH CHAPTER, , , , , ,1400 CENTRAL AVE,MEMPHIS,TN,38104, , , , ,8,GENERAL,0,CLOSED,2020-08-31 08:00:00.000,, ,0,0,0, ,0,0, , , ,652942,86,M,A,Street,-90.01492903,35.03190508,SHELTER,GENPOPSHEL,0
"{
  ""coordinates"": [
    -8.814527450599996e+01,
    3.071967393300002e+01
  ],
  ""type"": ""Point""
}",73400,Forest Hill Elementary School,4501 Moffett Road,MOBILE,MOBILE, ,AL,36618,YES,4501 Moffett Road, ,MOBILE, ,AL,36618,BOTH,238,119, ,YES, , ,NO,NO,30.71967393,-88.14527451,NO, ,NO, ,GENERAL,121128,Alabama Gulf Coast, , , , , ,853 Dauphin,Mobile,AL,36602, , , , ,8 - 4:30,GENERAL,0,CLOSED,,, ,0,0,0, ,0,0, , , ,652972,100,M,A,Street,-88.14527451,30.71967393,SHELTER,GENPOPSHEL,0
"{
  ""coordinates"": [
    -8.992791962599995e+01,
    3.516228878500004e+01
  ],
  ""type"": ""Point""
}",299472,St Stephens United Methodist,3981 MACON RD,MEMPHIS,SHELBY, ,TN,38122,YES, , , , , , ,BOTH,30,15, , , , , , ,35.16228879,-89.92791963, , , , ,GENERAL,121612,MID-SOUTH CHAPTER, , , , , ,1400 CENTRAL AVE,MEMPHIS,TN,38104, , , , ,8,GENERAL,0,CLOSED,,, ,0,0,0, ,0,0, , , ,653045,100,M,A,Street,-89.92791963,35.16228879,SHELTER,GENPOPSHEL,0
"{
  ""coordinates"": [
    -9.325158901599997e+01,
    3.389299466600005e+01
  ],
  ""type"": ""Point""
}",239227,GURDON HIGH SCHOOL,7777 HIGHWAY 67 SOUTH,GURDON,CLARK, ,AR,71743,NO, , , , , , ,EVAC,150,0, , , , , , ,33.89299467,-93.25158902, , , , ,GENERAL,121355,DIAMOND VALLEY, , , , , ,405 S 5TH ST,ARKADELPHIA,AR,71923, , , , ,8,GENERAL,0,CLOSED,,, ,0,0,0, ,0,0, , , ,653047,100,M,A,Street,-93.25158902,33.89299467,SHELTER,GENPOPSHEL,0
"{
  ""coordinates"": [
    -8.994923355799995e+01,
    3.511314983000005e+01
  ],
  ""type"": ""Point""
}",298952,Davis Community Center,3371 Spottswood,MEMPHIS,SHELBY, ,TN,38111,YES, , , , , , ,BOTH,600,300, , , , , , ,35.11314983,-89.94923356, , , , ,GENERAL,121612,MID-SOUTH CHAPTER, , , , , ,1400 CENTRAL AVE,MEMPHIS,TN,38104, , , , ,8,GENERAL,0,CLOSED,2020-08-30 08:00:00.000,, ,0,0,0, ,0,0, , , ,653075,86,M,A,Street,-89.94923356,35.11314983,SHELTER,GENPOPSHEL,0
"{
  ""coordinates"": [
    -8.999919988999994e+01,
    3.511468767000008e+01
  ],
  ""type"": ""Point""
}",299093,Glenview Community Center,1141 Barksdale,MEMPHIS,SHELBY, ,TN,38114,YES, , , , , , ,BOTH,300,150, , , , , , ,35.11468767,-89.99919989, , , , ,GENERAL,121612,MID-SOUTH CHAPTER, , , , , ,1400 CENTRAL AVE,MEMPHIS,TN,38104, , , , ,8,GENERAL,0,CLOSED,2020-08-31 08:00:00.000,, ,0,0,0, ,0,0, , , ,653152,74,M,A,Street,-89.99919989,35.11468767,SHELTER,GENPOPSHEL,0
"{
  ""coordinates"": [
    -9.195814809999996e+01,
    3.055482820600002e+01
  ],
  ""type"": ""Point""
}",115614,PORT BARRE HIGH SCHOOL,846 SAIZAN AVENUE,PORT BARRE,SAINT LANDRY, ,LA,70577,NO, , , , , , ,POST,0,204, , , , , , ,30.55482821,-91.9581481, , , , ,GENERAL,121122,ACADIANA AREA CHAPTER, , , , , ,101 N. Pat Road,Scott,LA,70583, , , , ,8.00 am-4.00 pm M-T,GENERAL,0,CLOSED,,, ,0,0,0, ,0,0, , , ,653242,100,M,A,Street,-91.9581481,30.55482821,SHELTER,GENPOPSHEL,0
"{
  ""coordinates"": [
    -9.125362821599998e+01,
    3.046111884900006e+01
  ],
  ""type"": ""Point""
}",115911,PORT ALLEN HIGH SCHOOL,3553 ROSEDALE RD,PORT ALLEN,WEST BATON ROUGE, ,LA,70767,NO, , , , , , ,POST,552,226, , , , , , ,30.46111885,-91.25362822, , , , ,GENERAL,121557,LOUISIANA CAPITAL AREA CHAPTER, , , , , ,10201 Celtic Dr,BATON ROUGE,LA,70809, , , , ,8.00 am-5.00 pm M-F,GENERAL,0,CLOSED,,, ,0,0,0, ,0,0, , , ,653274,100,M,A,Street,-91.25362822,30.46111885,SHELTER,GENPOPSHEL,0
"{
  ""coordinates"": [
    -9.219351866199997e+01,
    3.029816169800006e+01
  ],
  ""type"": ""Point""
}",115618,MIRE ELEMENTARY SCHOOL,5484 MIRE HIGHWAY,RAYNE,ACADIA, ,LA,70578,NO, , , , , , ,POST,0,100, , , , , , ,30.2981617,-92.19351866, , , , ,GENERAL,121122,ACADIANA AREA CHAPTER, , , , , ,101 N. Pat Road,Scott,LA,70583, , , , ,8.00 am-4.00 pm M-T,GENERAL,0,CLOSED,,, ,0,0,0, ,0,0, , , ,653290,100,M,A,Street,-92.19351866,30.2981617,SHELTER,GENPOPSHEL,0
"{
  ""coordinates"": [
    -8.764700513599996e+01,
    3.484356905800007e+01
  ],
  ""type"": ""Point""
}",73733,Saint James United Methodist Church,610 COX CREEK PKWY,FLORENCE,LAUDERDALE, ,AL,35630,NO,610 COX CREEK PKWY, ,FLORENCE, ,AL,35630,EVAC,150,0, , , , , , ,34.84356906,-87.64700514, , , , ,GENERAL,121182,ARC OF NORTHWEST ALABAMA, , , , , ,318 SOUTH COURT ST,FLORENCE,AL,35631, , , , ,8,GENERAL,0,CLOSED,,, ,0,0,0, ,0,0, , , ,653305,100,M,A,Street,-87.64700514,34.84356906,SHELTER,GENPOPSHEL,0
"{
  ""coordinates"": [
    -8.855532038599995e+01,
    3.115615988000008e+01
  ],
  ""type"": ""Point""
}",110691,Leakesville Junior High School,620 Main Street,LEAKESVILLE,GREENE, ,MS,39451,NO, , , , , , ,BOTH,100,50, , , , , , ,31.15615988,-88.55532039, , , , ,GENERAL,121808,SOUTH CENTRAL MISSISSIPPI, , , , , ,606 HUTCHINSON AVE,HATTIESBURG,MS,39401, , , , ,8,GENERAL,0,CLOSED,2018-09-04 00:00:00.000,, ,0,0,0, ,0,0, , , ,653337,100,M,A,Street,-88.55532039,31.15615988,SHELTER,GENPOPSHEL,0
"{
  ""coordinates"": [
    -9.099798693599996e+01,
    3.010453766500007e+01
  ],
  ""type"": ""Point""
}",115843,LOWERY MIDDLE SCHOOL,810 MARTIN LUTHER KING JUNIOR,DONALDSONVILLE,ASCENSION, ,LA,70346,NO, , , , , , ,EVAC,394,0, ,YES, , , , ,30.10453767,-90.99798694, , , , ,GENERAL,121557,LOUISIANA CAPITAL AREA CHAPTER, , , , , ,10201 Celtic Dr,BATON ROUGE,LA,70809, , , , ,8.00 am-5.00 pm M-F,GENERAL,0,CLOSED,,, ,0,0,0, ,0,0, , , ,653374,76,M,A,Street,-90.99798694,30.10453767,SHELTER,GENPOPSHEL,0
"{
  ""coordinates"": [
    -9.234896647499994e+01,
    3.466931642100008e+01
  ],
  ""type"": ""Point""
}",239276,Southwest Little Rock Community Center,6401 Baseline Rd,LITTLE ROCK,PULASKI, ,AR,72209,NO, , , , , , ,EVAC,330,165, , , , , , ,34.66931642,-92.34896648, , , , ,GENERAL,121172,ARC OF GREATER ARKANSAS, , , , , ,401 SOUTH MONROE,LITTLE ROCK,AR,72205, , , , ,8,GENERAL,0,CLOSED,2017-01-07 00:00:00.000,2017-01-07 00:00:00.000, ,0,0,0, ,0,0, , , ,653429,100,M,A,Street,-92.34896648,34.66931642,SHELTER,GENPOPSHEL,0
"{
  ""coordinates"": [
    -8.813807093699995e+01,
    3.445855131100006e+01
  ],
  ""type"": ""Point""
}",73378,FIRST UNITED METHODIST CHURCH,4TH ST,RED BAY,FRANKLIN, ,AL,35582,NO,4TH ST, ,RED BAY, ,AL,35582,EVAC,125,0, , , , , , ,34.45855131,-88.13807094, , , , ,GENERAL,121182,ARC OF NORTHWEST ALABAMA, , , , , ,318 SOUTH COURT ST,FLORENCE,AL,35631, , , , ,8,GENERAL,0,CLOSED,,, ,0,0,0, ,0,0, , , ,653545,86,T,A,Street,-88.13807094,34.45855131,SHELTER,GENPOPSHEL,0
"{
  ""coordinates"": [
    -9.095570081399995e+01,
    3.057374094700003e+01
  ],
  ""type"": ""Point""
}",115848,Live Oak High School,35086 LA HWY 16,DENHAM SPRINGS,LIVINGSTON, ,LA,70706,NO, , , , , , ,EVAC,120,0, ,YES, , , , ,30.57374095,-90.95570081, , , , ,GENERAL,121557,LOUISIANA CAPITAL AREA CHAPTER, , , , , ,10201 Celtic Dr,BATON ROUGE,LA,70809, , , , ,8.00 am-5.00 pm M-F,GENERAL,0,CLOSED,2019-06-06 00:00:00.000,, ,0,0,0, ,0,0, , , ,653557,100,M,A,Street,-90.95570081,30.57374095,SHELTER,GENPOPSHEL,0
"{
  ""coordinates"": [
    -9.422085131899996e+01,
    3.506964063000004e+01
  ],
  ""type"": ""Point""
}",332742,Mansfield High School,2500 AR Hwy 71,MANSFIELD,SCOTT, ,AR,72944,YES,2500 E. Hwy 71, ,MANSFIELD, ,AR,72944,BOTH,1,1, , , , , , ,35.06964063,-94.22085132, , , , ,GENERAL,121685,NORTHWEST ARKANSAS, , , , , ,PO Box 789,TONTITOWN,AR,72770, , , , ,8 am - 5pm,GENERAL,0,CLOSED,,, ,0,0,0, ,0,0, , , ,653577,77,M,A,Street,-94.22085132,35.06964063,SHELTER,GENPOPSHEL,0
"{
  ""coordinates"": [
    -9.197466864599994e+01,
    3.103459852200007e+01
  ],
  ""type"": ""Point""
}",115735,Avoyelles High School,237 Main Street,MOREAUVILLE,AVOYELLES, ,LA,71355,YES, , , , , , ,BOTH,350,175, , , , , , ,31.03459852,-91.97466865, , , , ,GENERAL,121263,Central Louisiana Chapter, , , , , ,1104 Billy Mitchell Blvd.,Alexandria,LA,71303, , , , ,8:30 am - 4:30 pm,GENERAL,,CLOSED,,,,,,,,,,,,,653709,100,M,A,Street,-91.97466865,31.03459852,SHELTER,GENPOPSHEL,0
"{
  ""coordinates"": [
    -8.684470196699993e+01,
    3.420658825800007e+01
  ],
  ""type"": ""Point""
}",73239,Cullman Church Of Christ,4345 AL Hiway 157,CULLMAN,CULLMAN, ,AL,35058,YES,4345 AL Hiway 157, ,CULLMAN, ,AL,35058,BOTH,150,150, , , , , , ,34.20658826,-86.84470197, , , , ,OTHER,121169,ARC OF CENTRAL ALABAMA, , , , , ,5015 WOODS CROSSING,MONTGOMERY,AL,36106, , , , ,8,OTHER,0,CLOSED,,, ,0,0,0, ,0,0, , , ,653770,100,M,A,Street,-86.84470197,34.20658826,SHELTER,GENPOPSHEL,0
"{
  ""coordinates"": [
    -9.326377482899994e+01,
    3.114408198500007e+01
  ],
  ""type"": ""Point""
}",115810,United First Methodist Church,202 N 5TH ST,LEESVILLE,VERNON, ,LA,71446,YES, , , , , , ,EVAC,100,0, , , , , , ,31.14408199,-93.26377483, , , , ,GENERAL,121263,Central Louisiana Chapter, , , , , ,1104 Billy Mitchell Blvd.,Alexandria,LA,71303, , , , ,8:30 am - 4:30 pm,GENERAL,0,CLOSED,,, ,0,0,0, ,0,0, , , ,653776,100,M,A,Street,-93.26377483,31.14408199,SHELTER,GENPOPSHEL,0
"{
  ""coordinates"": [
    -8.776121003999998e+01,
    3.486777880700004e+01
  ],
  ""type"": ""Point""
}",73185,Central High School,3000 County RD 200,FLORENCE,LAUDERDALE, ,AL,35633,YES,3000 County RD 200, ,FLORENCE, ,AL,35633,EVAC,200,0, , , , , , ,34.86777881,-87.76121004, , , , ,GENERAL,121182,ARC OF NORTHWEST ALABAMA, , , , , ,318 SOUTH COURT ST,FLORENCE,AL,35631, , , , ,8,GENERAL,0,CLOSED,,, ,0,0,0, ,0,0, , , ,653848,100,M,A,Street,-87.76121004,34.86777881,SHELTER,GENPOPSHEL,0
"{
  ""coordinates"": [
    -9.209214708299999e+01,
    3.020685353300007e+01
  ],
  ""type"": ""Point""
}",115544,ACADIANA HIGH SCHOOL,315 RUE DU BELIER,LAFAYETTE,LAFAYETTE, ,LA,70506,NO, , , , , , ,EVAC,1,0, , , , , , ,30.20685353,-92.09214708, , , , ,GENERAL,121122,ACADIANA AREA CHAPTER, , , , , ,101 N. Pat Road,Scott,LA,70583, , , , ,8.00 am-4.00 pm M-T,GENERAL,0,CLOSED,,, ,0,0,0, ,0,0, , , ,653849,78,M,A,Street,-92.09214708,30.20685353,SHELTER,GENPOPSHEL,0
"{
  ""coordinates"": [
    -9.096965829199996e+01,
    3.045216160300004e+01
  ],
  ""type"": ""Point""
}",115871,Southside Junior High School,26535 LA HWY 16,DENHAM SPRINGS,LIVINGSTON, ,LA,70726,NO, , , , , , ,EVAC,248,0, ,YES, , , , ,30.4521616,-90.96965829, , , , ,GENERAL,121557,LOUISIANA CAPITAL AREA CHAPTER, , , , , ,10201 Celtic Dr,BATON ROUGE,LA,70809, , , , ,8.00 am-5.00 pm M-F,GENERAL,0,CLOSED,,, ,0,0,0, ,0,0, , , ,653942,100,T,A,Street,-90.96965829,30.4521616,SHELTER,GENPOPSHEL,0
"{
  ""coordinates"": [
    -9.260647834499997e+01,
    3.456589438800006e+01
  ],
  ""type"": ""Point""
}",239341,CALDWELL ELEMENTARY SCHOOL,1800 WEST SEVIER,BENTON,SALINE, ,AR,72015,NO, , , , , , ,EVAC,50,0, , , , , , ,34.56589439,-92.60647835, , , , ,GENERAL,121172,ARC OF GREATER ARKANSAS, , , , , ,401 SOUTH MONROE,LITTLE ROCK,AR,72205, , , , ,8,GENERAL,0,CLOSED,,, ,0,0,0, ,0,0, , , ,653994,86,M,A,Street,-92.60647835,34.56589439,SHELTER,GENPOPSHEL,0
"{
  ""coordinates"": [
    -9.201733248299996e+01,
    3.254272559200007e+01
  ],
  ""type"": ""Point""
}",116010,St. Mark's Methodist,513 LINCOLN RD,MONROE,OUACHITA, ,LA,71203,YES, , , , , , ,POST,82,41, , , , , , ,32.54272559,-92.01733248, , , , ,GENERAL,121670,NORTHEAST LOUISIANA CHAPTER, , , , , ,1265 S 5TH AVENUE,MONROE,LA,71201, , , , ,9.00 am-5.00 pm M-F,GENERAL,0,CLOSED,,, ,0,0,0, ,0,0, , , ,654151,100,M,A,Street,-92.01733248,32.54272559,SHELTER,GENPOPSHEL,0
"{
  ""coordinates"": [
    -8.992741600499994e+01,
    3.510741215500008e+01
  ],
  ""type"": ""Point""
}",298794,Audubon Park Baptist,4060 PARK,MEMPHIS,SHELBY, ,TN,38111,YES, , , , , , ,BOTH,100,50, , , , , , ,35.10741216,-89.92741601, , , , ,GENERAL,121612,MID-SOUTH CHAPTER, , , , , ,1400 CENTRAL AVE,MEMPHIS,TN,38104, , , , ,8,GENERAL,0,CLOSED,,, ,0,0,0, ,0,0, , , ,654252,86,M,A,Street,-89.92741601,35.10741216,SHELTER,GENPOPSHEL,0
"{
  ""coordinates"": [
    -8.950195574699995e+01,
    3.450312171100006e+01
  ],
  ""type"": ""Point""
}",335826,First Baptist Church of Abbeville,15 East Long St.,ABBEVILLE,LAFAYETTE, ,MS,38601,YES,15 East Long St., ,ABBEVILLE, ,MS,38601,BOTH,100,50, , , , ,NO,NO,34.50312171,-89.50195575, , , , ,GENERAL,121941,WEST DELTA CHAPTER, , , , , ,145 NORTH SHELBY STREET,GREENVILLE,MS,38701, , , , ,5-Aug,GENERAL,0,CLOSED,,, ,0,0,0, ,0,0, , , ,654295,100,M,A,Street,-89.50195575,34.50312171,SHELTER,GENPOPSHEL,0
"{
  ""coordinates"": [
    -8.981147540999996e+01,
    3.508611621000006e+01
  ],
  ""type"": ""Point""
}",299088,Germantown United Methodist Church,2323 WEST STREET,GERMANTOWN,SHELBY, ,TN,38138,NO, , , , , , ,BOTH,250,125, , , , , , ,35.08611621,-89.81147541, , , , ,GENERAL,121612,MID-SOUTH CHAPTER, , , , , ,1400 CENTRAL AVE,MEMPHIS,TN,38104, , , , ,8,GENERAL,0,CLOSED,,, ,0,0,0, ,0,0, , , ,654317,100,M,A,Street,-89.81147541,35.08611621,SHELTER,GENPOPSHEL,0
"{
  ""coordinates"": [
    -8.815634515999994e+01,
    3.313541478200005e+01
  ],
  ""type"": ""Point""
}",73073,Aliceville Middle School,1000 COLUMBUS RD,ALICEVILLE,PICKENS, ,AL,35442,NO, , , , , , ,EVAC,20,0, , , , , , ,33.13541478,-88.15634516, , , , ,GENERAL,121938,WEST ALABAMA CHAPTER, , , , , ,1100 VETERANS MEMORIAL PARKWAY,TUSCALOOSA,AL,35404, , , , ,8,GENERAL,0,CLOSED,,, ,0,0,0, ,0,0, , , ,654346,86,M,A,Street,-88.15634516,33.13541478,SHELTER,GENPOPSHEL,0
"{
  ""coordinates"": [
    -9.075780500099995e+01,
    3.039295923300006e+01
  ],
  ""type"": ""Point""
}",115893,Frost Elementary School,19672 LA HWY 42,LIVINGSTON,LIVINGSTON, ,LA,70754,NO, , , , , , ,EVAC,165,0, , , , , , ,30.39295923,-90.757805, , , , ,GENERAL,121557,LOUISIANA CAPITAL AREA CHAPTER, , , , , ,10201 Celtic Dr,BATON ROUGE,LA,70809, , , , ,8.00 am-5.00 pm M-F,GENERAL,0,CLOSED,2016-08-15 00:00:00.000,, ,0,0,0, ,0,0, , , ,654365,100,T,A,Street,-90.757805,30.39295923,SHELTER,GENPOPSHEL,0
"{
  ""coordinates"": [
    -9.177608934899996e+01,
    2.996443228700008e+01
  ],
  ""type"": ""Point""
}",330675,ASSEMB;Y CHRISTIAN,4201 E ADMIRAL DOYLE DRIVE,New Iberia,Iberia, ,LA,70560, , , , , , , ,EVAC,200,200,NO,NO,NONE, ,NO,NO,29.96443229,-91.77608935, , ,UNK,UNK,GENERAL,121994,STATE OF LOUISIANA,0000000000,0000000000, , , ,7667 Independence Blvd.,7667 Independence Blvd.,LA,70806,NA,0000000000,0000000000, , ,GENERAL,0,CLOSED,,, ,0,0,0, ,0,0, , , ,654517,100,M,A,Street,-91.77608935,29.96443229,SHELTER,GENPOPSHEL,0
"{
  ""coordinates"": [
    -8.854093123299998e+01,
    3.490883285700005e+01
  ],
  ""type"": ""Point""
}",332635,Crossroads Arena,2800 S Harper Rd,CORINTH,ALCORN, ,MS,38834,NO, , , , , , ,BOTH,350,350, , , , , , ,34.90883286,-88.54093123, , , , ,GENERAL,121672,NORTHEAST MISSISSIPPI, , , , , ,4127 WESTSIDE DR,TUPELO,MS,38801, , , , ,8,GENERAL,159,CLOSED,2019-10-26 00:00:00.000,,OVERNIGHT,0,0,0, ,0,0,84510,Jackson MS Tornado,TOR,654653,100,M,A,Street,-88.54093123,34.90883286,SHELTER,GENPOPSHEL,0
"{
  ""coordinates"": [
    -9.226861205199998e+01,
    3.023402205100007e+01
  ],
  ""type"": ""Point""
}",335644,Knights of Columbus Hall,300 S. Adams,RAYNE,Acadia, ,LA,70578, , , , , , , ,POST,0,100,NO,NO,NONE, ,NO,YES,30.23402205,-92.26861205, , ,UNK,UNK,GENERAL,121122,ACADIANA AREA CHAPTER, , , , , ,101 N. Pat Road,Scott,LA,70583, , , , ,8.00 am-4.00 pm M-T,GENERAL,410,CLOSED,2020-03-05 11:00:00.000,2011-03-12 00:00:00.000,OVERNIGHT,0,0,0, ,0,0,#LA0311-01,"S LA 03/11 Tornadoes, Cyclones - ACADIA",TOR,654748,86,M,A,Street,-92.26861205,30.23402205,SHELTER,GENPOPSHEL,0
"{
  ""coordinates"": [
    -8.996151829699994e+01,
    3.514144250000004e+01
  ],
  ""type"": ""Point""
}",299214,Lester Community Center,317 Tillmann St,MEMPHIS,SHELBY, ,TN,38112,YES, , , , , , ,BOTH,292,146, , , , , , ,35.1414425,-89.9615183, , , , ,GENERAL-FUNCTIONAL-MEDICAL,121612,MID-SOUTH CHAPTER, , , , , ,1400 CENTRAL AVE,MEMPHIS,TN,38104, , , , ,8,GENERAL-MEDICAL-FUNCTIONAL,0,CLOSED,2020-09-01 09:00:00.000,, ,0,0,0, ,0,0, , , ,654894,95,M,A,Street,-89.9615183,35.1414425,SHELTER,GENPOPSHEL,0
"{
  ""coordinates"": [
    -9.435931093899995e+01,
    3.255512724300007e+01
  ],
  ""type"": ""Point""
}",334462,Lions Community Center,303 W Burleson,Marshall,Harrison, ,TX,75670, , , , , , , ,BOTH,100,100,NO,YES,NONE, ,NO,YES,32.55512724,-94.35931094, , ,UNK,UNK,GENERAL,121365,EAST TEXAS PINEY WOODS CHAPTER, , , , , ,1604 Hwy 31,LONGVIEW,TX,75604, , , , ,8:30-4:30,GENERAL,374,CLOSED,2020-02-09 11:00:00.000,2011-02-11 00:00:00.000,OVERNIGHT,0,0,0, ,0,0,#TX0211-01,N TX 02/11 Blizzard - STATEWIDE,BLI,654907,100,M,A,Street,-94.35931094,32.55512724,SHELTER,GENPOPSHEL,0
"{
  ""coordinates"": [
    -8.999953263899994e+01,
    3.513926614100006e+01
  ],
  ""type"": ""Point""
}",299260,Memphis Catholic High School,61 N. McLean,MEMPHIS,SHELBY, ,TN,38104,YES, , , , , , ,BOTH,225,112, , , , , , ,35.13926614,-89.99953264, , , , ,GENERAL,121612,MID-SOUTH CHAPTER, , , , , ,1400 CENTRAL AVE,MEMPHIS,TN,38104, , , , ,8,GENERAL,0,CLOSED,2020-08-30 08:00:00.000,, ,0,0,0, ,0,0, , , ,655618,86,M,A,Street,-89.99953264,35.13926614,SHELTER,GENPOPSHEL,0
"{
  ""coordinates"": [
    -8.728998328399996e+01,
    3.048629087400008e+01
  ],
  ""type"": ""Point""
}",70881,Success Academy,2400 Longleaf Dr.,PENSACOLA,ESCAMBIA, ,FL,32526,NO, , , , , , ,EVAC,1,0, , , , , , ,30.48629087,-87.28998328, , , , ,MEDICAL-FUNCTIONAL,119224,Florida Department of Health, , , , , ,Emergency Medical Services,Tallahassee,FL,32399, , , , , ,MEDICAL,6840,CLOSED,2017-09-09 00:00:00.000,2017-09-11 00:00:00.000,OVERNIGHT,30,,,,30,,41418,Hurricane Irma FL 9/18 HUR,UNK,656161,100,M,A,Street,-87.28998328,30.48629087,SHELTER,OTHER,0
"{
  ""coordinates"": [
    -8.822931614999999e+01,
    3.339570555700004e+01
  ],
  ""type"": ""Point""
}",73291,ETHELSVILLE BAPTIST CHURCH,6704 COUNTY RD 75,ETHELSVILLE,PICKENS, ,AL,35461,NO,P O BOX  143, ,ETHELSVILLE, ,AL,35461,EVAC,50,25, , , , , , ,33.39570556,-88.22931615, , , , ,GENERAL,121938,WEST ALABAMA CHAPTER, , , , , ,1100 VETERANS MEMORIAL PARKWAY,TUSCALOOSA,AL,35404, , , , ,8,GENERAL,0,CLOSED,,, ,0,0,0, ,0,0, , , ,656191,100,T,A,Street,-88.22931615,33.39570556,SHELTER,GENPOPSHEL,0
"{
  ""coordinates"": [
    -8.757979880099998e+01,
    3.322246915400007e+01
  ],
  ""type"": ""Point""
}",73642,Northport Baptist Church,1004 Main Ave,Northport,Tuscaloosa, ,AL,35476,NO,1004 MAIN AVE, ,Northport, ,AL,35476,EVAC,200,100, ,YES, , , , ,33.22246915,-87.5797988, , , , ,GENERAL,121938,WEST ALABAMA CHAPTER, , , , , ,1100 VETERANS MEMORIAL PARKWAY,TUSCALOOSA,AL,35404, , , , ,8,GENERAL,9233,CLOSED,2021-06-21 12:09:00.000,2021-06-28 13:18:10.000,OVERNIGHT,0,,,,0,,,084-21,UNK,656269,100,M,A,Street,-87.5797988,33.22246915,SHELTER,GENPOPSHEL,0
"{
  ""coordinates"": [
    -8.772994061399999e+01,
    3.434574035600008e+01
  ],
  ""type"": ""Point""
}",73645,NORTHWEST SHOALS COMMUNITY COLLEGE,2080 COLLEGE RD,PHIL CAMPBELL,FRANKLIN, ,AL,35581,NO,2080 COLLEGE RD, ,PHIL CAMPBELL, ,AL,35581,EVAC,386,0, ,YES, , , , ,34.34574036,-87.72994061, , , , ,OTHER,121182,ARC OF NORTHWEST ALABAMA, , , , , ,318 SOUTH COURT ST,FLORENCE,AL,35631, , , , ,8,OTHER,0,CLOSED,2020-08-31 08:00:00.000,, ,0,0,0, ,0,0, , , ,656270,100,M,A,Street,-87.72994061,34.34574036,SHELTER,OTHER,0
"{
  ""coordinates"": [
    -8.767983938299994e+01,
    3.473044334000008e+01
  ],
  ""type"": ""Point""
}",73646,Northwest Shoals Community College Muscle Shoals,800 George Wallace Blvd,MUSCLE SHOALS,COLBERT, ,AL,35661,NO, , , , , , ,EVAC,1445,0, , , , , , ,34.73044334,-87.67983938, , , , ,GENERAL,121182,ARC OF NORTHWEST ALABAMA, , , , , ,318 SOUTH COURT ST,FLORENCE,AL,35631, , , , ,8,GENERAL,0,CLOSED,2020-08-31 08:00:00.000,, ,0,0,0, ,0,0, , , ,656271,100,M,A,Street,-87.67983938,34.73044334,SHELTER,GENPOPSHEL,0
"{
  ""coordinates"": [
    -8.696489635699999e+01,
    3.340636252300004e+01
  ],
  ""type"": ""Point""
}",73621,New Bethlehem Baptist Church,1730 11th Ave. N.,BESSEMER,JEFFERSON, ,AL,35020,YES,1730 11th Ave. N., ,BESSEMER, ,AL,35020,BOTH,250,125, , , , , , ,33.40636252,-86.96489636, , , , ,GENERAL,121209,BIRMINGHAM AREA CHAPTER, , , , , ,950 22ND ST NORTH,BIRMINGHAM,AL,35203, , , , ,8,GENERAL,2540,CLOSED,,2011-09-06 00:00:00.000,OVERNIGHT,0,,,,0,,AL0911-01,"09/02/2011 AL 09/11 Hurricanes, Tropical Storms, Typhoons - MOBILE",UNK,656552,100,M,A,Street,-86.96489636,33.40636252,SHELTER,GENPOPSHEL,0
"{
  ""coordinates"": [
    -8.815168667199998e+01,
    3.312975804600006e+01
  ],
  ""type"": ""Point""
}",73071,ALICEVILLE FIRST BAPTIST CHURCH,323 BROAD ST NW,ALICEVILLE,PICKENS, ,AL,35442,NO,323 BROAD ST NW, ,ALICEVILLE, ,AL,35442,EVAC,75,37, , , , , , ,33.12975805,-88.15168667, , , , ,GENERAL,121938,WEST ALABAMA CHAPTER, , , , , ,1100 VETERANS MEMORIAL PARKWAY,TUSCALOOSA,AL,35404, , , , ,8,GENERAL,0,CLOSED,,, ,0,0,0, ,0,0, , , ,656638,100,M,A,Street,-88.15168667,33.12975805,SHELTER,GENPOPSHEL,0
"{
  ""coordinates"": [
    -8.765580949899999e+01,
    3.483056486200007e+01
  ],
  ""type"": ""Point""
}",73915,WOODMONT BAPTIST CHURCH,2001 DARBY DR,FLORENCE,LAUDERDALE, ,AL,35630,NO,2001 DARBY DR, ,FLORENCE, ,AL,35630,EVAC,250,0, , , , , , ,34.83056486,-87.6558095, , , , ,GENERAL,121182,ARC OF NORTHWEST ALABAMA, , , , , ,318 SOUTH COURT ST,FLORENCE,AL,35631, , , , ,8,GENERAL,0,CLOSED,,, ,0,0,0, ,0,0, , , ,656647,100,M,A,Street,-87.6558095,34.83056486,SHELTER,GENPOPSHEL,0
"{
  ""coordinates"": [
    -8.647233768099994e+01,
    3.246286579600007e+01
  ],
  ""type"": ""Point""
}",73391,First United Methodist Church Of Prattville,100 EAST FOURTH STREET,PRATTVILLE,AUTAUGA, ,AL,36066,NO, , , , , , ,EVAC,100,50, , , , , , ,32.4628658,-86.47233768, , , , ,OTHER,121169,ARC OF CENTRAL ALABAMA, , , , , ,5015 WOODS CROSSING,MONTGOMERY,AL,36106, , , , ,8,OTHER,0,CLOSED,,, ,0,0,0, ,0,0, , , ,656658,81,M,A,Street,-86.47233768,32.4628658,SHELTER,OTHER,0
"{
  ""coordinates"": [
    -9.417290846199995e+01,
    3.311464044300004e+01
  ],
  ""type"": ""Point""
}",70783,Westside Baptist Church,712 West Main,ATLANTA,CASS, ,TX,75551,NO, , , , , , ,BOTH,50,25, , , , , , ,33.11464044,-94.17290846, , , , ,GENERAL,119218,FEMA Operational Entity, , , , , ,500 C St Sw,Austin,TX,20472, , , , , ,GENERAL,0,CLOSED,,, ,0,0,0, ,0,0, , , ,656685,86,M,A,Street,-94.17290846,33.11464044,SHELTER,GENPOPSHEL,0
"{
  ""coordinates"": [
    -9.416683803899997e+01,
    3.311941584300007e+01
  ],
  ""type"": ""Point""
}",70784,First Baptist Church Allday Street,205 Allday,ATLANTA,CASS, ,TX,75551,NO, , , , , , ,BOTH,50,25, , , , , , ,33.11941584,-94.16683804, , , , ,GENERAL,119218,FEMA Operational Entity, , , , , ,500 C St Sw,Austin,TX,20472, , , , , ,GENERAL,0,CLOSED,,, ,0,0,0, ,0,0, , , ,656686,86,M,A,Street,-94.16683804,33.11941584,SHELTER,GENPOPSHEL,0
"{
  ""coordinates"": [
    -9.436314204999996e+01,
    3.254764488300003e+01
  ],
  ""type"": ""Point""
}",70787,St. Joseph Catholic Church,419 Alamo Blvd.,MARSHALL,HARRISON, ,TX,75670,NO, , , , , , ,BOTH,50,25, , , , , , ,32.54764488,-94.36314205, , , , ,GENERAL,119218,FEMA Operational Entity, , , , , ,500 C St Sw,Austin,TX,20472, , , , , ,GENERAL,0,CLOSED,,, ,0,0,0, ,0,0, , , ,656687,87,T,A,Street,-94.36314205,32.54764488,SHELTER,GENPOPSHEL,0
"{
  ""coordinates"": [
    -9.437413176599995e+01,
    3.254037836100002e+01
  ],
  ""type"": ""Point""
}",70788,Spring Street Community,700 Spring Street,MARSHALL,HARRISON, ,TX,75670,NO, , , , , , ,BOTH,50,25, , , , , , ,32.54037836,-94.37413177, , , , ,GENERAL,119218,FEMA Operational Entity, , , , , ,500 C St Sw,Austin,TX,20472, , , , , ,GENERAL,0,CLOSED,,, ,0,0,0, ,0,0, , , ,656688,100,M,A,Street,-94.37413177,32.54037836,SHELTER,GENPOPSHEL,0
"{
  ""coordinates"": [
    -9.431322068499998e+01,
    3.216190767800003e+01
  ],
  ""type"": ""Point""
}",70790,Southside Baptist Church,1501 W Sabine Street,CARTHAGE,PANOLA, ,TX,75633,NO, , , , , , ,BOTH,50,25, , , , , , ,32.16190768,-94.31322069, , , , ,GENERAL,119218,FEMA Operational Entity, , , , , ,500 C St Sw,Austin,TX,20472, , , , , ,GENERAL,0,CLOSED,,, ,0,0,0, ,0,0, , , ,656689,87,M,A,Street,-94.31322069,32.16190768,SHELTER,GENPOPSHEL,0
"{
  ""coordinates"": [
    -8.807894950699995e+01,
    3.066086726600003e+01
  ],
  ""type"": ""Point""
}",73714,Revelation Missionary Baptist Church,1711 Taylor Lane,MOBILE,MOBILE, ,AL,36605,YES,1711 Taylor Lane, ,MOBILE, ,AL,36605,POST,0,257, ,YES, , , ,YES,30.66086727,-88.07894951, , , , ,GENERAL,121128,Alabama Gulf Coast, , , , , ,853 Dauphin,Mobile,AL,36602, , , , ,8 - 4:30,GENERAL,0,CLOSED,2018-09-04 00:00:00.000,, ,0,0,0, ,0,0, , , ,656840,100,M,A,Street,-88.07894951,30.66086727,SHELTER,GENPOPSHEL,0
"{
  ""coordinates"": [
    -8.769401269899998e+01,
    3.482122090600006e+01
  ],
  ""type"": ""Point""
}",73469,HIBBETT SCHOOL,1601 APPLEBY BLVD,FLORENCE,LAUDERDALE, ,AL,35630,NO,1601 APPLEBY BLVD, ,FLORENCE, ,AL,35630,EVAC,200,0, , , , , , ,34.82122091,-87.6940127, , , , ,GENERAL,121182,ARC OF NORTHWEST ALABAMA, , , , , ,318 SOUTH COURT ST,FLORENCE,AL,35631, , , , ,8,GENERAL,0,CLOSED,,, ,0,0,0, ,0,0, , , ,656884,100,M,A,Street,-87.6940127,34.82122091,SHELTER,GENPOPSHEL,0
"{
  ""coordinates"": [
    -8.767953361399998e+01,
    3.481851394600005e+01
  ],
  ""type"": ""Point""
}",73470,HIGHLAND BAPTIST CHURCH,219 SIMPSON ST,FLORENCE,LAUDERDALE, ,AL,35630,NO,219 SIMPSON ST, ,FLORENCE, ,AL,35630,EVAC,300,0, , , , , , ,34.81851395,-87.67953361, , , , ,GENERAL,121182,ARC OF NORTHWEST ALABAMA, , , , , ,318 SOUTH COURT ST,FLORENCE,AL,35631, , , , ,8,GENERAL,0,CLOSED,,, ,0,0,0, ,0,0, , , ,656885,100,M,A,Street,-87.67953361,34.81851395,SHELTER,GENPOPSHEL,0
"{
  ""coordinates"": [
    -8.753222466499994e+01,
    3.388235568600004e+01
  ],
  ""type"": ""Point""
}",73387,First United Methodist Church Carbon Hill,178 NW 4TH AVE,CARBON HILL,WALKER, ,AL,35549,YES,178 NW 4TH AVE, ,CARBON HILL, ,AL,35549,EVAC,300,150, , , , , , ,33.88235569,-87.53222467, , , , ,GENERAL,121209,BIRMINGHAM AREA CHAPTER, , , , , ,950 22ND ST NORTH,BIRMINGHAM,AL,35203, , , , ,8,GENERAL,0,CLOSED,,, ,0,0,0, ,0,0, , , ,656906,87,M,A,Street,-87.53222467,33.88235569,SHELTER,GENPOPSHEL,0
"{
  ""coordinates"": [
    -8.645221085399999e+01,
    3.132290317800005e+01
  ],
  ""type"": ""Point""
}",73556,Lurleen B. Wallace Community College Andalusia,1000 Dannelly Blvd,ANDALUSIA,COVINGTON, ,AL,36420,NO, , , , , , ,EVAC,157,0, , , , , , ,31.32290318,-86.45221085, , , , ,GENERAL,121325,COVINGTON COUNTY CHAPTER, , , , , ,234 HILLCREST DR,ANDALUSIA,AL,36420, , , , ,8,GENERAL,0,CLOSED,2020-08-31 08:00:00.000,, ,0,0,0, ,0,0, , , ,656908,100,M,A,Street,-86.45221085,31.32290318,SHELTER,GENPOPSHEL,0
"{
  ""coordinates"": [
    -8.687337235399997e+01,
    3.278326725500006e+01
  ],
  ""type"": ""Point""
}",73562,MAPLESVILLE BAPTIST CHURCH,9391 HIGHWAY 22,MAPLESVILLE,CHILTON, ,AL,36750,NO, , , , , , ,EVAC,75,0, , , , , , ,32.78326726,-86.87337235, , , , ,OTHER,121169,ARC OF CENTRAL ALABAMA, , , , , ,5015 WOODS CROSSING,MONTGOMERY,AL,36106, , , , ,8,OTHER,0,CLOSED,,, ,0,0,0, ,0,0, , , ,656923,89,M,A,Street,-86.87337235,32.78326726,SHELTER,OTHER,0
"{
  ""coordinates"": [
    -8.640343162799996e+01,
    3.453815929700005e+01
  ],
  ""type"": ""Point""
}",73626,New Hope First Baptist Church,247 CHURCH AVE,NEW HOPE,MADISON, ,AL,35760,NO, , , , , , ,BOTH,225,175, , , , , , ,34.5381593,-86.40343163, , , , ,GENERAL,121564,MADISON-MARSHALL COUNTY, , , , , ,1101 WASHINGTON ST NW,HUNTSVILLE,AL,35801, , , , ,8,GENERAL,0,CLOSED,,, ,0,0,0, ,0,0, , , ,656925,100,M,A,Street,-86.40343163,34.5381593,SHELTER,GENPOPSHEL,0
"{
  ""coordinates"": [
    -8.690217763799996e+01,
    3.453270940500005e+01
  ],
  ""type"": ""Point""
}",73696,Priceville Town Hall,242 MARCO DR,DECATUR,MORGAN, ,AL,35603,NO,242 MARCO DR, ,DECATUR, ,AL,35603,EVAC,30,0, , , , ,YES, ,34.53270941,-86.90217764, , , , ,GENERAL,121629,MORGAN-LAWRENCE COUNTY CHAPTER, , , , , ,431 HOLLY ST NE,DECATUR,AL,35601, , , , ,5-Aug,GENERAL,2070,CLOSED,2015-12-26 00:00:00.000,,OVERNIGHT,0,,,,0,,AL0111-03,SE AL 01/11 Blizzard - MORGAN,UNK,657117,100,M,A,Street,-86.90217764,34.53270941,SHELTER,GENPOPSHEL,0
"{
  ""coordinates"": [
    -8.684724704799999e+01,
    3.412265453300006e+01
  ],
  ""type"": ""Point""
}",73553,Living Faith Baptist Church,44 SCHAEFFEL RD,CULLMAN,CULLMAN, ,AL,35055,NO, , , , , , ,EVAC,100,0, , , , , , ,34.12265453,-86.84724705, , , , ,GENERAL,121333,CULLMAN COUNTY CHAPTER, , , , , ,424 3RD AVE SE,CULLMAN,AL,35055, , , , ,5-Aug,GENERAL,0,CLOSED,,, ,0,0,0, ,0,0, , , ,657252,100,M,A,Street,-86.84724705,34.12265453,SHELTER,GENPOPSHEL,0
"{
  ""coordinates"": [
    -8.645660853799995e+01,
    3.484331724800006e+01
  ],
  ""type"": ""Point""
}",73555,Locust Grove Baptist Church,171 COUNTY LAKE RD,NEW MARKET,MADISON, ,AL,35761,NO, , , , , , ,BOTH,225,175, , , , , , ,34.84331725,-86.45660854, , , , ,GENERAL,121564,MADISON-MARSHALL COUNTY, , , , , ,1101 WASHINGTON ST NW,HUNTSVILLE,AL,35801, , , , ,8,GENERAL,729,CLOSED,2020-03-02 12:00:00.000,2012-03-03 00:00:00.000,MIDDAY,0,0,,,0,,03/02/2012,"AL3/12 Tornadoes, Cyclones-Statewide",TOR,657253,100,M,A,Street,-86.45660854,34.84331725,SHELTER,GENPOPSHEL,0
"{
  ""coordinates"": [
    -9.238664806699995e+01,
    3.022054121300005e+01
  ],
  ""type"": ""Point""
}",115567,NORTH CROWLEY ELEMENTARY SCHOOL,820 WEST 15TH STREET,CROWLEY,ACADIA, ,LA,70526,NO, , , , , , ,POST,0,164, , , , , , ,30.22054121,-92.38664807, , , , ,GENERAL,121122,ACADIANA AREA CHAPTER, , , , , ,101 N. Pat Road,Scott,LA,70583, , , , ,8.00 am-4.00 pm M-T,GENERAL,0,CLOSED,,, ,0,0,0, ,0,0, , , ,657351,100,M,A,Street,-92.38664807,30.22054121,SHELTER,GENPOPSHEL,0
"{
  ""coordinates"": [
    -8.754049842799998e+01,
    3.319593915500008e+01
  ],
  ""type"": ""Point""
}",73402,FOREST LAKE UNITED METHODIST CHURCH,1711 4TH AVE,TUSCALOOSA,TUSCALOOSA, ,AL,35407,NO,1711 4TH AVE, ,TUSCALOOSA, ,AL,35407,EVAC,200,100, ,YES, , , , ,33.19593916,-87.54049843, , , , ,GENERAL,121938,WEST ALABAMA CHAPTER, , , , , ,1100 VETERANS MEMORIAL PARKWAY,TUSCALOOSA,AL,35404, , , , ,8,GENERAL,0,CLOSED,,, ,0,0,0, ,0,0, , , ,657354,81,M,A,Street,-87.54049843,33.19593916,SHELTER,GENPOPSHEL,0
"{
  ""coordinates"": [
    -8.766410124699996e+01,
    3.483424308900004e+01
  ],
  ""type"": ""Point""
}",73396,FLORENCE HIGH SCHOOL,1201 BRADSHAW DR,FLORENCE,LAUDERDALE, ,AL,35630,NO, , , , , , ,EVAC,220,0, , , , , , ,34.83424309,-87.66410125, , , , ,GENERAL,121182,ARC OF NORTHWEST ALABAMA, , , , , ,318 SOUTH COURT ST,FLORENCE,AL,35631, , , , ,8,GENERAL,0,CLOSED,,, ,0,0,0, ,0,0, , , ,657356,100,M,A,Street,-87.66410125,34.83424309,SHELTER,GENPOPSHEL,0
"{
  ""coordinates"": [
    -8.662513249399996e+01,
    3.285937687900002e+01
  ],
  ""type"": ""Point""
}",73404,FRIENDSHIP BAPTIST CHURCH,204 FRIENDSHIP ROAD,CLANTON,CHILTON, ,AL,35045,NO, , , , , , ,EVAC,150,0, , , , , , ,32.85937688,-86.62513249, , , , ,GENERAL,121169,ARC OF CENTRAL ALABAMA, , , , , ,5015 WOODS CROSSING,MONTGOMERY,AL,36106, , , , ,8,GENERAL,0,CLOSED,2020-08-31 08:00:00.000,, ,0,0,0, ,0,0, , , ,657357,100,M,A,Street,-86.62513249,32.85937688,SHELTER,GENPOPSHEL,0
"{
  ""coordinates"": [
    -8.698265796699997e+01,
    3.459893548000008e+01
  ],
  ""type"": ""Point""
}",73406,Ft Decatur Rec Center,610 4th Ave SE,DECATUR,MORGAN, ,AL,35601,NO,610 4TH AVE SE, ,DECATUR, ,AL,35601,EVAC,330,165, , , , , , ,34.59893548,-86.98265797, , , , ,GENERAL,121629,MORGAN-LAWRENCE COUNTY CHAPTER, , , , , ,431 HOLLY ST NE,DECATUR,AL,35601, , , , ,5-Aug,GENERAL,0,CLOSED,,, ,0,0,0, ,0,0, , , ,657358,100,M,A,Street,-86.98265797,34.59893548,SHELTER,GENPOPSHEL,0
"{
  ""coordinates"": [
    -8.699489773899995e+01,
    3.458924978100004e+01
  ],
  ""type"": ""Point""
}",73082,Aquadome Recreation Center,1202 5TH AVE SW,DECATUR,MORGAN, ,AL,35601,NO,1202 5TH AVE SW, ,DECATUR, ,AL,35601,EVAC,187,374, , , , , , ,34.58924978,-86.99489774, , , , ,GENERAL,121629,MORGAN-LAWRENCE COUNTY CHAPTER, , , , , ,431 HOLLY ST NE,DECATUR,AL,35601, , , , ,5-Aug,GENERAL,0,CLOSED,2018-04-04 00:00:00.000,, ,0,0,0, ,0,0, , , ,657364,100,M,A,Street,-86.99489774,34.58924978,SHELTER,OTHER,0
"{
  ""coordinates"": [
    -9.016755297399999e+01,
    3.001362520200007e+01
  ],
  ""type"": ""Point""
}",116113,Grace King High School,4301 Grace King Place,METAIRIE,JEFFERSON, ,LA,70002,YES, , , , , , ,BOTH,772,386, , , , ,NO, ,30.0136252,-90.16755297, , , , ,GENERAL,121813,SOUTHEAST LOUISIANA CHAPTER, , , , , ,2640 Canal Street,New Orleans,LA,70119, , , , ,8:30am - 4:30pm M-F,GENERAL,,CLOSED,,,,,,,,,,,,,657378,100,M,A,Street,-90.16755297,30.0136252,SHELTER,GENPOPSHEL,0
"{
  ""coordinates"": [
    -9.022052304099998e+01,
    2.997776023800003e+01
  ],
  ""type"": ""Point""
}",116114,Williams Playlot,7744 Mistletoe St,METAIRIE,JEFFERSON, ,LA,70003,YES, , , , , , ,BOTH,285,142, , , , ,NO, ,29.97776024,-90.22052304, , , , ,GENERAL,121813,SOUTHEAST LOUISIANA CHAPTER, , , , , ,2640 Canal Street,New Orleans,LA,70119, , , , ,8:30am - 4:30pm M-F,GENERAL,,CLOSED,,,,,,,,,,,,,657379,100,M,A,Street,-90.22052304,29.97776024,SHELTER,GENPOPSHEL,0
"{
  ""coordinates"": [
    -8.999970351099995e+01,
    2.991819814100006e+01
  ],
  ""type"": ""Point""
}",116216,Alice M. Harte Charter School,5300 Berkley Dr.,NEW ORLEANS,ORLEANS, ,LA,70131,YES, , , , , , ,BOTH,363,181, , , , ,NO, ,29.91819814,-89.99970351, , , , ,GENERAL,121813,SOUTHEAST LOUISIANA CHAPTER, , , , , ,2640 Canal Street,New Orleans,LA,70119, , , , ,8:30am - 4:30pm M-F,GENERAL,,CLOSED,,,,,,,,,,,,,657382,100,M,A,Street,-89.99970351,29.91819814,SHELTER,GENPOPSHEL,0
"{
  ""coordinates"": [
    -9.000456884299996e+01,
    2.992083315500003e+01
  ],
  ""type"": ""Point""
}",116217,Edna Karr High School,3332 Huntlee Drive,NEW ORLEANS,ORLEANS, ,LA,70131,YES, , , , , , ,BOTH,763,381, , , , ,NO, ,29.92083316,-90.00456884, , , , ,GENERAL,121813,SOUTHEAST LOUISIANA CHAPTER, , , , , ,2640 Canal Street,New Orleans,LA,70119, , , , ,8:30am - 4:30pm M-F,GENERAL,,CLOSED,,,,,,,,,,,,,657383,100,M,A,Street,-90.00456884,29.92083316,SHELTER,GENPOPSHEL,0
"{
  ""coordinates"": [
    -8.720185871799998e+01,
    3.047944703300004e+01
  ],
  ""type"": ""Point""
}",135010,PENSACOLA JUNIOR COLLEGE,1000 COLLEGE BLVD,PENSACOLA,ESCAMBIA, ,FL,32504,NO, , , , , , ,EVAC,350,0, , , , , , ,30.47944703,-87.20185872, , , , ,OTHER,121686,NORTHWEST FLORIDA, , , , , ,1741 N PALAFOX,PENSACOLA,FL,32501, , , , ,8,OTHER,0,CLOSED,,, ,0,0,0, ,0,0, , , ,657423,100,M,A,Street,-87.20185872,30.47944703,SHELTER,OTHER,0
"{
  ""coordinates"": [
    -8.717216310499998e+01,
    3.164402409500008e+01
  ],
  ""type"": ""Point""
}",73081,Antioch Baptist Church #1,2168 County Hwy 42,PETERMAN,MONROE, ,AL,36471,YES,2168 County Hwy 42, ,PETERMAN, ,AL,36471,BOTH,52,26, , , , ,NO,NO,31.6440241,-87.17216311,NO, ,NO, ,GENERAL,121128,Alabama Gulf Coast, , , , , ,853 Dauphin,Mobile,AL,36602, , , , ,8 - 4:30,GENERAL,0,CLOSED,,, ,0,0,0, ,0,0, , , ,657475,100,T,A,Street,-87.17216311,31.6440241,SHELTER,GENPOPSHEL,0
"{
  ""coordinates"": [
    -9.051142673799995e+01,
    3.093795737700003e+01
  ],
  ""type"": ""Point""
}",116300,Kentwood Community Center,304 Avenue F,KENTWOOD,TANGIPAHOA, ,LA,70444,NO, , , , , , ,EVAC,91,46, , , , , , ,30.93795738,-90.51142674, , , , ,GENERAL,121813,SOUTHEAST LOUISIANA CHAPTER, , , , , ,2640 Canal Street,New Orleans,LA,70119, , , , ,8:30am - 4:30pm M-F,GENERAL,0,CLOSED,2020-01-08 10:00:00.000,, ,0,0,0, ,0,0, , , ,657504,100,M,A,Street,-90.51142674,30.93795738,SHELTER,GENPOPSHEL,0
"{
  ""coordinates"": [
    -8.638049891499998e+01,
    3.246777609400004e+01
  ],
  ""type"": ""Point""
}",73390,First United Methodist Church Of Millbrook,3350 EDGEWOOD ROAD,MILLBROOK,ELMORE, ,AL,36054,NO, , , , , , ,EVAC,100,0, , , , , , ,32.46777609,-86.38049892, , , , ,OTHER,121169,ARC OF CENTRAL ALABAMA, , , , , ,5015 WOODS CROSSING,MONTGOMERY,AL,36106, , , , ,8,OTHER,0,CLOSED,,, ,0,0,0, ,0,0, , , ,657532,100,M,A,Street,-86.38049892,32.46777609,SHELTER,OTHER,0
"{
  ""coordinates"": [
    -9.000750962599994e+01,
    2.922552232700008e+01
  ],
  ""type"": ""Point""
}",116235,Grand Isle Community Center,3811 Highway 1,GRAND ISLE,JEFFERSON, ,LA,70358,NO, , , , , , ,BOTH,200,200, , , , , , ,29.22552233,-90.00750963, , , , ,GENERAL,121813,SOUTHEAST LOUISIANA CHAPTER, , , , , ,2640 Canal Street,New Orleans,LA,70119, , , , ,8:30am - 4:30pm M-F,GENERAL,0,CLOSED,,, ,0,0,0, ,0,0, , , ,657549,100,M,A,Street,-90.00750963,29.22552233,SHELTER,GENPOPSHEL,0
"{
  ""coordinates"": [
    -9.465010671799996e+01,
    3.160816812600007e+01
  ],
  ""type"": ""Point""
}",70773,First Christain Church,702 N. Mound,NACOGDOCHES,NACOGDOCHES, ,TX,75961,NO, , , , , , ,BOTH,50,25, , , , , , ,31.60816813,-94.65010672, , , , ,GENERAL,119218,FEMA Operational Entity, , , , , ,500 C St Sw,Austin,TX,20472, , , , , ,GENERAL,0,CLOSED,,, ,0,0,0, ,0,0, , , ,657550,86,M,A,Street,-94.65010672,31.60816813,SHELTER,GENPOPSHEL,0
