ID,BBOX,VERSION,SOURCES,LEVEL,SUBTYPE,CLASS,HEIGHT,NAMES,HAS_PARTS,IS_UNDERGROUND,NUM_FLOORS,NUM_FLOORS_UNDERGROUND,MIN_HEIGHT,MIN_FLOOR,FACADE_COLOR,FACADE_MATERIAL,ROOF_MATERIAL,ROOF_SHAPE,ROOF_DIRECTION,ROOF_ORIENTATION,ROOF_COLOR,ROOF_HEIGHT,GEOMETRY
08b60ab6a385dfff02004c324315697a,"{
  ""xmax"": 7.399984741210938e+01,
  ""xmin"": 7.399967193603516e+01,
  ""ymax"": 1.696508789062500e+01,
  ""ymin"": 1.696490669250488e+01
}",0,"{
  ""list"": [
    {
      ""element"": {
        ""confidence"": 8.024000000000000e-01,
        ""dataset"": ""Google Open Buildings"",
        ""property"": """",
        ""record_id"": ""7J8MXX7X+XWRM"",
        ""update_time"": ""2023-05-01T00:00:00.000Z""
      }
    }
  ]
}",,,,,,false,false,,,,,,,,,,,,,"{
  ""coordinates"": [
    [
      [
        73.9998374,
        16.964907
      ],
      [
        73.999847,
        16.9650228
      ],
      [
        73.9998039,
        16.9650261
      ],
      [
        73.9998082,
        16.9650774
      ],
      [
        73.9996922,
        16.9650863
      ],
      [
        73.9996783,
        16.9649192
      ],
      [
        73.9998374,
        16.964907
      ]
    ]
  ],
  ""type"": ""Polygon""
}"
08b60ab6a3b16fff02007ae2c4bb1a57,"{
  ""xmax"": 7.399848937988281e+01,
  ""xmin"": 7.399835205078125e+01,
  ""ymax"": 1.696446418762207e+01,
  ""ymin"": 1.696437454223633e+01
}",0,"{
  ""list"": [
    {
      ""element"": {
        ""confidence"": 8.345000000000000e-01,
        ""dataset"": ""Google Open Buildings"",
        ""property"": """",
        ""record_id"": ""7J8MXX7X+Q97M"",
        ""update_time"": ""2023-05-01T00:00:00.000Z""
      }
    }
  ]
}",,,,,,false,false,,,,,,,,,,,,,"{
  ""coordinates"": [
    [
      [
        73.9984836,
        16.9643754
      ],
      [
        73.9984887,
        16.9644562
      ],
      [
        73.9983588,
        16.9644638
      ],
      [
        73.9983537,
        16.9643829
      ],
      [
        73.9984836,
        16.9643754
      ]
    ]
  ],
  ""type"": ""Polygon""
}"
08b60ab6a3ab5fff0200c54bd1244944,"{
  ""xmax"": 7.399710845947266e+01,
  ""xmin"": 7.399703216552734e+01,
  ""ymax"": 1.696788597106934e+01,
  ""ymin"": 1.696779441833496e+01
}",0,"{
  ""list"": [
    {
      ""element"": {
        ""confidence"": 8.305000000000000e-01,
        ""dataset"": ""Google Open Buildings"",
        ""property"": """",
        ""record_id"": ""7J8MXX9W+4RPM"",
        ""update_time"": ""2023-05-01T00:00:00.000Z""
      }
    }
  ]
}",,,,,,false,false,,,,,,,,,,,,,"{
  ""coordinates"": [
    [
      [
        73.9970362,
        16.967795
      ],
      [
        73.9971064,
        16.9677961
      ],
      [
        73.9971049,
        16.9678851
      ],
      [
        73.9970347,
        16.9678839
      ],
      [
        73.9970362,
        16.967795
      ]
    ]
  ],
  ""type"": ""Polygon""
}"
08b60ab6a3ba1fff0200cadaf513b089,"{
  ""xmax"": 7.399849700927734e+01,
  ""xmin"": 7.399826812744141e+01,
  ""ymax"": 1.696531867980957e+01,
  ""ymin"": 1.696515846252441e+01
}",0,"{
  ""list"": [
    {
      ""element"": {
        ""confidence"": 8.478000000000000e-01,
        ""dataset"": ""Google Open Buildings"",
        ""property"": """",
        ""record_id"": ""7J8MXX8X+39RF"",
        ""update_time"": ""2023-05-01T00:00:00.000Z""
      }
    }
  ]
}",,,,,,false,false,,,,,,,,,,,,,"{
  ""coordinates"": [
    [
      [
        73.998472,
        16.9651589
      ],
      [
        73.998497,
        16.9652784
      ],
      [
        73.9982969,
        16.9653172
      ],
      [
        73.9982719,
        16.9651977
      ],
      [
        73.998472,
        16.9651589
      ]
    ]
  ],
  ""type"": ""Polygon""
}"
08b60ab6a3848fff0200c11ff0ada5cf,"{
  ""xmax"": 7.399934387207031e+01,
  ""xmin"": 7.399908447265625e+01,
  ""ymax"": 1.696426582336426e+01,
  ""ymin"": 1.696405220031738e+01
}",0,"{
  ""list"": [
    {
      ""element"": {
        ""confidence"": 8.122000000000000e-01,
        ""dataset"": ""Google Open Buildings"",
        ""property"": """",
        ""record_id"": ""7J8MXX7X+MM8G"",
        ""update_time"": ""2023-05-01T00:00:00.000Z""
      }
    }
  ]
}",,,,,,false,false,,,,,,,,,,,,,"{
  ""coordinates"": [
    [
      [
        73.9992632,
        16.964054
      ],
      [
        73.9992902,
        16.964133
      ],
      [
        73.9993141,
        16.9641254
      ],
      [
        73.9993401,
        16.9642016
      ],
      [
        73.999138,
        16.9642656
      ],
      [
        73.999085,
        16.9641104
      ],
      [
        73.9992632,
        16.964054
      ]
    ]
  ],
  ""type"": ""Polygon""
}"
08b60ab6a384cfff0200f6e4203d7da4,"{
  ""xmax"": 7.399961853027344e+01,
  ""xmin"": 7.399949645996094e+01,
  ""ymax"": 1.696433639526367e+01,
  ""ymin"": 1.696417617797852e+01
}",0,"{
  ""list"": [
    {
      ""element"": {
        ""confidence"": 8.536000000000000e-01,
        ""dataset"": ""Google Open Buildings"",
        ""property"": """",
        ""record_id"": ""7J8MXX7X+PR35"",
        ""update_time"": ""2023-05-01T00:00:00.000Z""
      }
    }
  ]
}",,,,,,false,false,,,,,,,,,,,,,"{
  ""coordinates"": [
    [
      [
        73.9995909,
        16.9641769
      ],
      [
        73.9996155,
        16.9642939
      ],
      [
        73.9995775,
        16.9643013
      ],
      [
        73.9995824,
        16.9643247
      ],
      [
        73.9995322,
        16.9643345
      ],
      [
        73.9995027,
        16.964194
      ],
      [
        73.9995909,
        16.9641769
      ]
    ]
  ],
  ""type"": ""Polygon""
}"
08b60ab6a3aadfff02008d7ccbac0ea5,"{
  ""xmax"": 7.399527740478516e+01,
  ""xmin"": 7.399520874023438e+01,
  ""ymax"": 1.696703910827637e+01,
  ""ymin"": 1.696699905395508e+01
}",0,"{
  ""list"": [
    {
      ""element"": {
        ""confidence"": 7.407000000000000e-01,
        ""dataset"": ""Google Open Buildings"",
        ""property"": """",
        ""record_id"": ""7J8MXX8W+R35P"",
        ""update_time"": ""2023-05-01T00:00:00.000Z""
      }
    }
  ]
}",,,,,,false,false,,,,,,,,,,,,,"{
  ""coordinates"": [
    [
      [
        73.9952617,
        16.9670008
      ],
      [
        73.9952657,
        16.9670319
      ],
      [
        73.9952197,
        16.9670373
      ],
      [
        73.9952158,
        16.9670062
      ],
      [
        73.9952617,
        16.9670008
      ]
    ]
  ],
  ""type"": ""Polygon""
}"
08b60ab6a3b03fff0200ba5176b6d0a2,"{
  ""xmax"": 7.399707031250000e+01,
  ""xmin"": 7.399700164794922e+01,
  ""ymax"": 1.696340942382812e+01,
  ""ymin"": 1.696333885192871e+01
}",0,"{
  ""list"": [
    {
      ""element"": {
        ""confidence"": 7.272999999999999e-01,
        ""dataset"": ""Google Open Buildings"",
        ""property"": """",
        ""record_id"": ""7J8MXX7W+8RVR"",
        ""update_time"": ""2023-05-01T00:00:00.000Z""
      }
    }
  ]
}",,,,,,false,false,,,,,,,,,,,,,"{
  ""coordinates"": [
    [
      [
        73.997047,
        16.96334
      ],
      [
        73.9970693,
        16.963394
      ],
      [
        73.9970298,
        16.9634091
      ],
      [
        73.9970075,
        16.963355
      ],
      [
        73.997047,
        16.96334
      ]
    ]
  ],
  ""type"": ""Polygon""
}"
08b60ab6a3ba3fff0200be273c15fb35,"{
  ""xmax"": 7.399846649169922e+01,
  ""xmin"": 7.399838256835938e+01,
  ""ymax"": 1.696550178527832e+01,
  ""ymin"": 1.696539115905762e+01
}",0,"{
  ""list"": [
    {
      ""element"": {
        ""confidence"": 7.715000000000000e-01,
        ""dataset"": ""Google Open Buildings"",
        ""property"": """",
        ""record_id"": ""7J8MXX8X+59FW"",
        ""update_time"": ""2023-05-01T00:00:00.000Z""
      }
    }
  ]
}",,,,,,false,false,,,,,,,,,,,,,"{
  ""coordinates"": [
    [
      [
        73.9984388,
        16.9653926
      ],
      [
        73.9984542,
        16.9654938
      ],
      [
        73.9984054,
        16.9655006
      ],
      [
        73.9983901,
        16.9653995
      ],
      [
        73.9984388,
        16.9653926
      ]
    ]
  ],
  ""type"": ""Polygon""
}"
08b60ab6a3a10fff02000bdc43537a6e,"{
  ""xmax"": 7.399580383300781e+01,
  ""xmin"": 7.399565124511719e+01,
  ""ymax"": 1.696622276306152e+01,
  ""ymin"": 1.696614074707031e+01
}",0,"{
  ""list"": [
    {
      ""element"": {
        ""confidence"": 8.241000000000001e-01,
        ""dataset"": ""Google Open Buildings"",
        ""property"": """",
        ""record_id"": ""7J8MXX8W+F7H7"",
        ""update_time"": ""2023-05-01T00:00:00.000Z""
      }
    }
  ]
}",,,,,,false,false,,,,,,,,,,,,,"{
  ""coordinates"": [
    [
      [
        73.9957908,
        16.9661424
      ],
      [
        73.995802,
        16.9661975
      ],
      [
        73.9956691,
        16.9662227
      ],
      [
        73.9956578,
        16.9661676
      ],
      [
        73.9957908,
        16.9661424
      ]
    ]
  ],
  ""type"": ""Polygon""
}"
08b60ab6a3b1dfff0200e3de8d5d2287,"{
  ""xmax"": 7.399706268310547e+01,
  ""xmin"": 7.399692535400391e+01,
  ""ymax"": 1.696368598937988e+01,
  ""ymin"": 1.696357917785645e+01
}",0,"{
  ""list"": [
    {
      ""element"": {
        ""confidence"": 8.723000000000000e-01,
        ""dataset"": ""Google Open Buildings"",
        ""property"": """",
        ""record_id"": ""7J8MXX7W+FQ59"",
        ""update_time"": ""2023-05-01T00:00:00.000Z""
      }
    }
  ]
}",,,,,,false,false,,,,,,,,,,,,,"{
  ""coordinates"": [
    [
      [
        73.9970274,
        16.9635796
      ],
      [
        73.9970552,
        16.9636528
      ],
      [
        73.9969651,
        16.9636845
      ],
      [
        73.9969373,
        16.9636113
      ],
      [
        73.9970274,
        16.9635796
      ]
    ]
  ],
  ""type"": ""Polygon""
}"
08b60ab6a3b01fff02002b2be06d0a27,"{
  ""xmax"": 7.399722290039062e+01,
  ""xmin"": 7.399692535400391e+01,
  ""ymax"": 1.696323013305664e+01,
  ""ymin"": 1.696308326721191e+01
}",0,"{
  ""list"": [
    {
      ""element"": {
        ""confidence"": 8.364000000000000e-01,
        ""dataset"": ""Google Open Buildings"",
        ""property"": """",
        ""record_id"": ""7J8MXX7W+7R8F"",
        ""update_time"": ""2023-05-01T00:00:00.000Z""
      }
    }
  ]
}",,,,,,false,false,,,,,,,,,,,,,"{
  ""coordinates"": [
    [
      [
        73.9971996,
        16.9630839
      ],
      [
        73.9972159,
        16.9632149
      ],
      [
        73.9971545,
        16.9632219
      ],
      [
        73.9971525,
        16.9632054
      ],
      [
        73.9969455,
        16.9632293
      ],
      [
        73.9969312,
        16.9631148
      ],
      [
        73.997008,
        16.963106
      ],
      [
        73.9970106,
        16.9631268
      ],
      [
        73.9971408,
        16.9631118
      ],
      [
        73.9971382,
        16.963091
      ],
      [
        73.9971996,
        16.9630839
      ]
    ]
  ],
  ""type"": ""Polygon""
}"
08b60ab6a3b82fff0200a1e2a0589b16,"{
  ""xmax"": 7.399846649169922e+01,
  ""xmin"": 7.399835968017578e+01,
  ""ymax"": 1.696685218811035e+01,
  ""ymin"": 1.696677017211914e+01
}",0,"{
  ""list"": [
    {
      ""element"": {
        ""confidence"": 9.083000000000000e-01,
        ""dataset"": ""Google Open Buildings"",
        ""property"": """",
        ""record_id"": ""7J8MXX8X+P9FC"",
        ""update_time"": ""2023-05-01T00:00:00.000Z""
      }
    }
  ]
}",,,,,,false,false,,,,,,,,,,,,,"{
  ""coordinates"": [
    [
      [
        73.9984471,
        16.9667705
      ],
      [
        73.998454,
        16.9668446
      ],
      [
        73.9983733,
        16.9668516
      ],
      [
        73.9983664,
        16.9667775
      ],
      [
        73.9984471,
        16.9667705
      ]
    ]
  ],
  ""type"": ""Polygon""
}"
08b60ab6a385dfff02009757d62d939d,"{
  ""xmax"": 7.399983978271484e+01,
  ""xmin"": 7.399974822998047e+01,
  ""ymax"": 1.696479034423828e+01,
  ""ymin"": 1.696470832824707e+01
}",0,"{
  ""list"": [
    {
      ""element"": {
        ""confidence"": 7.514000000000000e-01,
        ""dataset"": ""Google Open Buildings"",
        ""property"": """",
        ""record_id"": ""7J8MXX7X+VWVV"",
        ""update_time"": ""2023-05-01T00:00:00.000Z""
      }
    }
  ]
}",,,,,,false,false,,,,,,,,,,,,,"{
  ""coordinates"": [
    [
      [
        73.9998121,
        16.9647084
      ],
      [
        73.9998372,
        16.964763
      ],
      [
        73.9997741,
        16.9647898
      ],
      [
        73.999749,
        16.9647352
      ],
      [
        73.9998121,
        16.9647084
      ]
    ]
  ],
  ""type"": ""Polygon""
}"
08b60ab6a3849fff0200999047434698,"{
  ""xmax"": 7.399909973144531e+01,
  ""xmin"": 7.399887084960938e+01,
  ""ymax"": 1.696430969238281e+01,
  ""ymin"": 1.696414375305176e+01
}",0,"{
  ""list"": [
    {
      ""element"": {
        ""confidence"": 8.419000000000000e-01,
        ""dataset"": ""Google Open Buildings"",
        ""property"": """",
        ""record_id"": ""7J8MXX7X+MHX8"",
        ""update_time"": ""2023-05-01T00:00:00.000Z""
      }
    }
  ]
}",,,,,,false,false,,,,,,,,,,,,,"{
  ""coordinates"": [
    [
      [
        73.9990453,
        16.9641439
      ],
      [
        73.9990961,
        16.9642838
      ],
      [
        73.999037,
        16.9643037
      ],
      [
        73.9990251,
        16.9642709
      ],
      [
        73.9989121,
        16.9643089
      ],
      [
        73.9988732,
        16.9642018
      ],
      [
        73.9990453,
        16.9641439
      ]
    ]
  ],
  ""type"": ""Polygon""
}"
08b60ab6a3806fff0200258cea79bfdf,"{
  ""xmax"": 7.400364685058594e+01,
  ""xmin"": 7.400360870361328e+01,
  ""ymax"": 1.696564483642578e+01,
  ""ymin"": 1.696561241149902e+01
}",0,"{
  ""list"": [
    {
      ""element"": {
        ""confidence"": 6.647999999999999e-01,
        ""dataset"": ""Google Open Buildings"",
        ""property"": """",
        ""record_id"": ""7J8PX283+7F22"",
        ""update_time"": ""2023-05-01T00:00:00.000Z""
      }
    }
  ]
}",,,,,,false,false,,,,,,,,,,,,,"{
  ""coordinates"": [
    [
      [
        74.0036409,
        16.9656159
      ],
      [
        74.0036373,
        16.9656443
      ],
      [
        74.00361,
        16.9656411
      ],
      [
        74.0036136,
        16.9656127
      ],
      [
        74.0036409,
        16.9656159
      ]
    ]
  ],
  ""type"": ""Polygon""
}"
08b60ab6a3844fff0200d6d58347f1a7,"{
  ""xmax"": 7.400096130371094e+01,
  ""xmin"": 7.400085449218750e+01,
  ""ymax"": 1.696433448791504e+01,
  ""ymin"": 1.696424484252930e+01
}",0,"{
  ""list"": [
    {
      ""element"": {
        ""confidence"": 7.834000000000000e-01,
        ""dataset"": ""Google Open Buildings"",
        ""property"": """",
        ""record_id"": ""7J8PX272+P96Q"",
        ""update_time"": ""2023-05-01T00:00:00.000Z""
      }
    }
  ]
}",,,,,,false,false,,,,,,,,,,,,,"{
  ""coordinates"": [
    [
      [
        74.0009181,
        16.9642453
      ],
      [
        74.0009278,
        16.9642831
      ],
      [
        74.0009493,
        16.964278
      ],
      [
        74.0009585,
        16.9643141
      ],
      [
        74.0008738,
        16.9643342
      ],
      [
        74.0008549,
        16.9642603
      ],
      [
        74.0009181,
        16.9642453
      ]
    ]
  ],
  ""type"": ""Polygon""
}"
08b60ab6a3ba1fff0200bfffb7f3cd94,"{
  ""xmax"": 7.399848937988281e+01,
  ""xmin"": 7.399839019775391e+01,
  ""ymax"": 1.696507072448730e+01,
  ""ymin"": 1.696501731872559e+01
}",0,"{
  ""list"": [
    {
      ""element"": {
        ""confidence"": 7.915000000000000e-01,
        ""dataset"": ""Google Open Buildings"",
        ""property"": """",
        ""record_id"": ""7J8MXX8X+297Q"",
        ""update_time"": ""2023-05-01T00:00:00.000Z""
      }
    }
  ]
}",,,,,,false,false,,,,,,,,,,,,,"{
  ""coordinates"": [
    [
      [
        73.9984784,
        16.9650192
      ],
      [
        73.9984818,
        16.9650634
      ],
      [
        73.9983961,
        16.9650694
      ],
      [
        73.9983928,
        16.9650252
      ],
      [
        73.9984784,
        16.9650192
      ]
    ]
  ],
  ""type"": ""Polygon""
}"
08b60ab6a3b18fff02001e134cd65dd2,"{
  ""xmax"": 7.399716949462891e+01,
  ""xmin"": 7.399692535400391e+01,
  ""ymax"": 1.696417999267578e+01,
  ""ymin"": 1.696399307250977e+01
}",0,"{
  ""list"": [
    {
      ""element"": {
        ""confidence"": 8.088000000000000e-01,
        ""dataset"": ""Google Open Buildings"",
        ""property"": """",
        ""record_id"": ""7J8MXX7W+JRMF"",
        ""update_time"": ""2023-05-01T00:00:00.000Z""
      }
    }
  ]
}",,,,,,false,false,,,,,,,,,,,,,"{
  ""coordinates"": [
    [
      [
        73.9971682,
        16.9640955
      ],
      [
        73.9969976,
        16.9641787
      ],
      [
        73.9969315,
        16.9640532
      ],
      [
        73.9970547,
        16.9639931
      ],
      [
        73.9970945,
        16.9640687
      ],
      [
        73.9971419,
        16.9640456
      ],
      [
        73.9971682,
        16.9640955
      ]
    ]
  ],
  ""type"": ""Polygon""
}"
08b60ab6a3b9cfff0200ae9ae1e169f4,"{
  ""xmax"": 7.399787139892578e+01,
  ""xmin"": 7.399768829345703e+01,
  ""ymax"": 1.696713638305664e+01,
  ""ymin"": 1.696696662902832e+01
}",0,"{
  ""list"": [
    {
      ""element"": {
        ""confidence"": 8.941000000000000e-01,
        ""dataset"": ""Google Open Buildings"",
        ""property"": """",
        ""record_id"": ""7J8MXX8X+R4C5"",
        ""update_time"": ""2023-05-01T00:00:00.000Z""
      }
    }
  ]
}",,,,,,false,false,,,,,,,,,,,,,"{
  ""coordinates"": [
    [
      [
        73.9977631,
        16.9669683
      ],
      [
        73.9978653,
        16.96706
      ],
      [
        73.9977921,
        16.9671356
      ],
      [
        73.9976899,
        16.9670439
      ],
      [
        73.9977631,
        16.9669683
      ]
    ]
  ],
  ""type"": ""Polygon""
}"
08b60ab6a3ba5fff0200194312376ebd,"{
  ""xmax"": 7.399848937988281e+01,
  ""xmin"": 7.399839019775391e+01,
  ""ymax"": 1.696502113342285e+01,
  ""ymin"": 1.696490669250488e+01
}",0,"{
  ""list"": [
    {
      ""element"": {
        ""confidence"": 8.477000000000000e-01,
        ""dataset"": ""Google Open Buildings"",
        ""property"": """",
        ""record_id"": ""7J8MXX7X+X9MH"",
        ""update_time"": ""2023-05-01T00:00:00.000Z""
      }
    }
  ]
}",,,,,,false,false,,,,,,,,,,,,,"{
  ""coordinates"": [
    [
      [
        73.998392,
        16.964917
      ],
      [
        73.9984677,
        16.9649072
      ],
      [
        73.9984821,
        16.965011
      ],
      [
        73.9984064,
        16.9650208
      ],
      [
        73.998392,
        16.964917
      ]
    ]
  ],
  ""type"": ""Polygon""
}"
08b60ab6a3b1dfff02006f9e06f02581,"{
  ""xmax"": 7.399710083007812e+01,
  ""xmin"": 7.399694824218750e+01,
  ""ymax"": 1.696376228332520e+01,
  ""ymin"": 1.696365928649902e+01
}",0,"{
  ""list"": [
    {
      ""element"": {
        ""confidence"": 7.602000000000000e-01,
        ""dataset"": ""Google Open Buildings"",
        ""property"": """",
        ""record_id"": ""7J8MXX7W+FRJH"",
        ""update_time"": ""2023-05-01T00:00:00.000Z""
      }
    }
  ]
}",,,,,,false,false,,,,,,,,,,,,,"{
  ""coordinates"": [
    [
      [
        73.9970713,
        16.9636604
      ],
      [
        73.9970935,
        16.9637273
      ],
      [
        73.996983,
        16.9637612
      ],
      [
        73.9969608,
        16.9636944
      ],
      [
        73.9970713,
        16.9636604
      ]
    ]
  ],
  ""type"": ""Polygon""
}"
08b60ab6a385afff020002f44facdd67,"{
  ""xmax"": 7.399990081787109e+01,
  ""xmin"": 7.399978637695312e+01,
  ""ymax"": 1.696569633483887e+01,
  ""ymin"": 1.696558189392090e+01
}",0,"{
  ""list"": [
    {
      ""element"": {
        ""confidence"": 8.947000000000001e-01,
        ""dataset"": ""Google Open Buildings"",
        ""property"": """",
        ""record_id"": ""7J8MXX8X+7W5C"",
        ""update_time"": ""2023-05-01T00:00:00.000Z""
      }
    }
  ]
}",,,,,,false,false,,,,,,,,,,,,,"{
  ""coordinates"": [
    [
      [
        73.9998738,
        16.9655835
      ],
      [
        73.9998982,
        16.9656746
      ],
      [
        73.9998139,
        16.9656955
      ],
      [
        73.9997895,
        16.9656044
      ],
      [
        73.9998738,
        16.9655835
      ]
    ]
  ],
  ""type"": ""Polygon""
}"
08b60ab6a384efff020080c7c84f2b2a,"{
  ""xmax"": 7.399989318847656e+01,
  ""xmin"": 7.399976348876953e+01,
  ""ymax"": 1.696467399597168e+01,
  ""ymin"": 1.696459388732910e+01
}",0,"{
  ""list"": [
    {
      ""element"": {
        ""confidence"": 8.349000000000000e-01,
        ""dataset"": ""Google Open Buildings"",
        ""property"": """",
        ""record_id"": ""7J8MXX7X+VW48"",
        ""update_time"": ""2023-05-01T00:00:00.000Z""
      }
    }
  ]
}",,,,,,false,false,,,,,,,,,,,,,"{
  ""coordinates"": [
    [
      [
        73.9998771,
        16.9645942
      ],
      [
        73.9998915,
        16.9646474
      ],
      [
        73.9997898,
        16.9646729
      ],
      [
        73.9997754,
        16.9646197
      ],
      [
        73.9998771,
        16.9645942
      ]
    ]
  ],
  ""type"": ""Polygon""
}"
08b60ab6a3a32fff0200251822a2f5ec,"{
  ""xmax"": 7.399657440185547e+01,
  ""xmin"": 7.399642181396484e+01,
  ""ymax"": 1.696572875976562e+01,
  ""ymin"": 1.696556472778320e+01
}",0,"{
  ""list"": [
    {
      ""element"": {
        ""confidence"": 8.273000000000000e-01,
        ""dataset"": ""Google Open Buildings"",
        ""property"": """",
        ""record_id"": ""7J8MXX8W+7H5X"",
        ""update_time"": ""2023-05-01T00:00:00.000Z""
      }
    }
  ]
}",,,,,,false,false,,,,,,,,,,,,,"{
  ""coordinates"": [
    [
      [
        73.9964248,
        16.965581
      ],
      [
        73.9964816,
        16.9655648
      ],
      [
        73.9964911,
        16.9655955
      ],
      [
        73.9965332,
        16.9655835
      ],
      [
        73.9965688,
        16.9656991
      ],
      [
        73.9964698,
        16.9657273
      ],
      [
        73.9964248,
        16.965581
      ]
    ]
  ],
  ""type"": ""Polygon""
}"
08b60ab6a3840fff0200fd9c4e2fc6a2,"{
  ""xmax"": 7.400053405761719e+01,
  ""xmin"": 7.400041198730469e+01,
  ""ymax"": 1.696428298950195e+01,
  ""ymin"": 1.696415519714355e+01
}",0,"{
  ""list"": [
    {
      ""element"": {
        ""confidence"": 7.697000000000001e-01,
        ""dataset"": ""Google Open Buildings"",
        ""property"": """",
        ""record_id"": ""7J8PX272+M5QM"",
        ""update_time"": ""2023-05-01T00:00:00.000Z""
      }
    }
  ]
}",,,,,,false,false,,,,,,,,,,,,,"{
  ""coordinates"": [
    [
      [
        74.0004314,
        16.9641694
      ],
      [
        74.0005139,
        16.9641565
      ],
      [
        74.000533,
        16.9642692
      ],
      [
        74.0004505,
        16.9642821
      ],
      [
        74.000444,
        16.9642434
      ],
      [
        74.0004191,
        16.9642473
      ],
      [
        74.0004154,
        16.9642252
      ],
      [
        74.0004219,
        16.9642242
      ],
      [
        74.0004182,
        16.9642023
      ],
      [
        74.0004365,
        16.9641994
      ],
      [
        74.0004314,
        16.9641694
      ]
    ]
  ],
  ""type"": ""Polygon""
}"
08b60ab6a384cfff0200dcebf9eeeaf7,"{
  ""xmax"": 7.399967956542969e+01,
  ""xmin"": 7.399959564208984e+01,
  ""ymax"": 1.696430587768555e+01,
  ""ymin"": 1.696419143676758e+01
}",0,"{
  ""list"": [
    {
      ""element"": {
        ""confidence"": 8.562000000000000e-01,
        ""dataset"": ""Google Open Buildings"",
        ""property"": """",
        ""record_id"": ""7J8MXX7X+MVRV"",
        ""update_time"": ""2023-05-01T00:00:00.000Z""
      }
    }
  ]
}",,,,,,false,false,,,,,,,,,,,,,"{
  ""coordinates"": [
    [
      [
        73.9995973,
        16.9642035
      ],
      [
        73.9996596,
        16.9641933
      ],
      [
        73.9996776,
        16.9642948
      ],
      [
        73.9996153,
        16.964305
      ],
      [
        73.9995973,
        16.9642035
      ]
    ]
  ],
  ""type"": ""Polygon""
}"
08b60ab6a3848fff0200b25ea6e671bb,"{
  ""xmax"": 7.399944305419922e+01,
  ""xmin"": 7.399932098388672e+01,
  ""ymax"": 1.696431922912598e+01,
  ""ymin"": 1.696421051025391e+01
}",0,"{
  ""list"": [
    {
      ""element"": {
        ""confidence"": 8.693000000000000e-01,
        ""dataset"": ""Google Open Buildings"",
        ""property"": """",
        ""record_id"": ""7J8MXX7X+PQ2J"",
        ""update_time"": ""2023-05-01T00:00:00.000Z""
      }
    }
  ]
}",,,,,,false,false,,,,,,,,,,,,,"{
  ""coordinates"": [
    [
      [
        73.9994284,
        16.9642119
      ],
      [
        73.9994415,
        16.9643046
      ],
      [
        73.9993355,
        16.9643185
      ],
      [
        73.9993224,
        16.9642258
      ],
      [
        73.9994284,
        16.9642119
      ]
    ]
  ],
  ""type"": ""Polygon""
}"
08b60ab6a3b95fff02004ab240089977,"{
  ""xmax"": 7.399864959716797e+01,
  ""xmin"": 7.399860382080078e+01,
  ""ymax"": 1.696704673767090e+01,
  ""ymin"": 1.696700096130371e+01
}",0,"{
  ""list"": [
    {
      ""element"": {
        ""confidence"": 7.234000000000000e-01,
        ""dataset"": ""Google Open Buildings"",
        ""property"": """",
        ""record_id"": ""7J8MXX8X+RF2R"",
        ""update_time"": ""2023-05-01T00:00:00.000Z""
      }
    }
  ]
}",,,,,,false,false,,,,,,,,,,,,,"{
  ""coordinates"": [
    [
      [
        73.9986195,
        16.967001
      ],
      [
        73.9986469,
        16.9670063
      ],
      [
        73.9986388,
        16.9670454
      ],
      [
        73.9986114,
        16.9670401
      ],
      [
        73.9986195,
        16.967001
      ]
    ]
  ],
  ""type"": ""Polygon""
}"
08b60ab6a386afff020033e6f0416e6c,"{
  ""xmax"": 7.399981689453125e+01,
  ""xmin"": 7.399974060058594e+01,
  ""ymax"": 1.696378517150879e+01,
  ""ymin"": 1.696364212036133e+01
}",0,"{
  ""list"": [
    {
      ""element"": {
        ""confidence"": 8.485000000000000e-01,
        ""dataset"": ""Google Open Buildings"",
        ""property"": """",
        ""record_id"": ""7J8MXX7X+FWJH"",
        ""update_time"": ""2023-05-01T00:00:00.000Z""
      }
    }
  ]
}",,,,,,false,false,,,,,,,,,,,,,"{
  ""coordinates"": [
    [
      [
        73.9997601,
        16.9636424
      ],
      [
        73.9998113,
        16.9636472
      ],
      [
        73.9997975,
        16.9637844
      ],
      [
        73.9997463,
        16.9637796
      ],
      [
        73.9997601,
        16.9636424
      ]
    ]
  ],
  ""type"": ""Polygon""
}"
08b60ab6a3874fff020096a81d873db1,"{
  ""xmax"": 7.400180816650391e+01,
  ""xmin"": 7.400170135498047e+01,
  ""ymax"": 1.696429634094238e+01,
  ""ymin"": 1.696420288085938e+01
}",0,"{
  ""list"": [
    {
      ""element"": {
        ""confidence"": 8.647000000000000e-01,
        ""dataset"": ""Google Open Buildings"",
        ""property"": """",
        ""record_id"": ""7J8PX272+MPRR"",
        ""update_time"": ""2023-05-01T00:00:00.000Z""
      }
    }
  ]
}",,,,,,false,false,,,,,,,,,,,,,"{
  ""coordinates"": [
    [
      [
        74.0017832,
        16.9642031
      ],
      [
        74.001808,
        16.964268
      ],
      [
        74.0017286,
        16.9642962
      ],
      [
        74.0017037,
        16.9642312
      ],
      [
        74.0017832,
        16.9642031
      ]
    ]
  ],
  ""type"": ""Polygon""
}"
08b60ab6a3841fff02001098d30a894c,"{
  ""xmax"": 7.400010681152344e+01,
  ""xmin"": 7.399993896484375e+01,
  ""ymax"": 1.696434211730957e+01,
  ""ymin"": 1.696418762207031e+01
}",0,"{
  ""list"": [
    {
      ""element"": {
        ""confidence"": 8.861000000000000e-01,
        ""dataset"": ""Google Open Buildings"",
        ""property"": """",
        ""record_id"": ""7J8PX272+P22H"",
        ""update_time"": ""2023-05-01T00:00:00.000Z""
      }
    }
  ]
}",,,,,,false,false,,,,,,,,,,,,,"{
  ""coordinates"": [
    [
      [
        74.0000859,
        16.9641877
      ],
      [
        74.0001036,
        16.964327
      ],
      [
        73.9999756,
        16.964342
      ],
      [
        73.9999636,
        16.9642474
      ],
      [
        73.9999451,
        16.9642495
      ],
      [
        73.9999394,
        16.9642048
      ],
      [
        74.0000859,
        16.9641877
      ]
    ]
  ],
  ""type"": ""Polygon""
}"
08b60ab6a3b95fff020031faec554f3f,"{
  ""xmax"": 7.399860382080078e+01,
  ""xmin"": 7.399855804443359e+01,
  ""ymax"": 1.696701431274414e+01,
  ""ymin"": 1.696698760986328e+01
}",0,"{
  ""list"": [
    {
      ""element"": {
        ""confidence"": 6.907000000000000e-01,
        ""dataset"": ""Google Open Buildings"",
        ""property"": """",
        ""record_id"": ""7J8MXX8X+RC44"",
        ""update_time"": ""2023-05-01T00:00:00.000Z""
      }
    }
  ]
}",,,,,,false,false,,,,,,,,,,,,,"{
  ""coordinates"": [
    [
      [
        73.9985724,
        16.9669881
      ],
      [
        73.9985988,
        16.9669902
      ],
      [
        73.9985969,
        16.9670129
      ],
      [
        73.9985705,
        16.9670109
      ],
      [
        73.9985724,
        16.9669881
      ]
    ]
  ],
  ""type"": ""Polygon""
}"
08b60ab6a384efff02000aca451895e2,"{
  ""xmax"": 7.399984741210938e+01,
  ""xmin"": 7.399967956542969e+01,
  ""ymax"": 1.696450424194336e+01,
  ""ymin"": 1.696430778503418e+01
}",0,"{
  ""list"": [
    {
      ""element"": {
        ""confidence"": 7.957000000000000e-01,
        ""dataset"": ""Google Open Buildings"",
        ""property"": """",
        ""record_id"": ""7J8MXX7X+QW62"",
        ""update_time"": ""2023-05-01T00:00:00.000Z""
      }
    }
  ]
}",,,,,,false,false,,,,,,,,,,,,,"{
  ""coordinates"": [
    [
      [
        73.9996848,
        16.9643148
      ],
      [
        73.99972,
        16.964308
      ],
      [
        73.9997341,
        16.964375
      ],
      [
        73.9998249,
        16.9643573
      ],
      [
        73.999841,
        16.9644342
      ],
      [
        73.9997502,
        16.9644519
      ],
      [
        73.9997595,
        16.9644958
      ],
      [
        73.9997242,
        16.9645027
      ],
      [
        73.9996848,
        16.9643148
      ]
    ]
  ],
  ""type"": ""Polygon""
}"
08b60ab6a3b5bfff0200a5a28304dfe6,"{
  ""xmax"": 7.399385833740234e+01,
  ""xmin"": 7.399377441406250e+01,
  ""ymax"": 1.696350288391113e+01,
  ""ymin"": 1.696336555480957e+01
}",0,"{
  ""list"": [
    {
      ""element"": {
        ""confidence"": 8.270999999999999e-01,
        ""dataset"": ""Google Open Buildings"",
        ""property"": """",
        ""record_id"": ""7J8MXX7V+9GFQ"",
        ""update_time"": ""2023-05-01T00:00:00.000Z""
      }
    }
  ]
}",,,,,,false,false,,,,,,,,,,,,,"{
  ""coordinates"": [
    [
      [
        73.9937863,
        16.9633674
      ],
      [
        73.9938095,
        16.9633694
      ],
      [
        73.9938076,
        16.9633906
      ],
      [
        73.993852,
        16.9633943
      ],
      [
        73.9938422,
        16.963502
      ],
      [
        73.9937746,
        16.9634963
      ],
      [
        73.9937863,
        16.9633674
      ]
    ]
  ],
  ""type"": ""Polygon""
}"
08b60ab6a3b53fff0200c53b3ba12eb8,"{
  ""xmax"": 7.399511718750000e+01,
  ""xmin"": 7.399497985839844e+01,
  ""ymax"": 1.696354293823242e+01,
  ""ymin"": 1.696346282958984e+01
}",0,"{
  ""list"": [
    {
      ""element"": {
        ""confidence"": 8.650000000000000e-01,
        ""dataset"": ""Google Open Buildings"",
        ""property"": """",
        ""record_id"": ""7J8MXX7W+C234"",
        ""update_time"": ""2023-05-01T00:00:00.000Z""
      }
    }
  ]
}",,,,,,false,false,,,,,,,,,,,,,"{
  ""coordinates"": [
    [
      [
        73.9951049,
        16.9634632
      ],
      [
        73.995114,
        16.9635252
      ],
      [
        73.9949898,
        16.9635422
      ],
      [
        73.9949806,
        16.9634803
      ],
      [
        73.9951049,
        16.9634632
      ]
    ]
  ],
  ""type"": ""Polygon""
}"
08b60ab6a3b1dfff0200ab2549d3692e,"{
  ""xmax"": 7.399676513671875e+01,
  ""xmin"": 7.399665069580078e+01,
  ""ymax"": 1.696392440795898e+01,
  ""ymin"": 1.696381187438965e+01
}",0,"{
  ""list"": [
    {
      ""element"": {
        ""confidence"": 8.325000000000000e-01,
        ""dataset"": ""Google Open Buildings"",
        ""property"": """",
        ""record_id"": ""7J8MXX7W+GMWP"",
        ""update_time"": ""2023-05-01T00:00:00.000Z""
      }
    }
  ]
}",,,,,,false,false,,,,,,,,,,,,,"{
  ""coordinates"": [
    [
      [
        73.9967268,
        16.9638136
      ],
      [
        73.9967619,
        16.963889
      ],
      [
        73.9966864,
        16.9639215
      ],
      [
        73.9966513,
        16.9638462
      ],
      [
        73.9967268,
        16.9638136
      ]
    ]
  ],
  ""type"": ""Polygon""
}"
08b60ab6a3b1dfff020001681796a792,"{
  ""xmax"": 7.399701690673828e+01,
  ""xmin"": 7.399679565429688e+01,
  ""ymax"": 1.696403121948242e+01,
  ""ymin"": 1.696376419067383e+01
}",0,"{
  ""list"": [
    {
      ""element"": {
        ""confidence"": 8.210000000000000e-01,
        ""dataset"": ""Google Open Buildings"",
        ""property"": """",
        ""record_id"": ""7J8MXX7W+HQ64"",
        ""update_time"": ""2023-05-01T00:00:00.000Z""
      }
    }
  ]
}",,,,,,false,false,,,,,,,,,,,,,"{
  ""coordinates"": [
    [
      [
        73.9969017,
        16.9637646
      ],
      [
        73.9970047,
        16.9639673
      ],
      [
        73.9968699,
        16.9640308
      ],
      [
        73.9968248,
        16.9639419
      ],
      [
        73.9968556,
        16.9639274
      ],
      [
        73.9967977,
        16.9638135
      ],
      [
        73.9969017,
        16.9637646
      ]
    ]
  ],
  ""type"": ""Polygon""
}"
08b60ab6a3b0efff0200cafc9d29f3b6,"{
  ""xmax"": 7.399659729003906e+01,
  ""xmin"": 7.399649810791016e+01,
  ""ymax"": 1.696342277526855e+01,
  ""ymin"": 1.696333694458008e+01
}",0,"{
  ""list"": [
    {
      ""element"": {
        ""confidence"": 6.765000000000000e-01,
        ""dataset"": ""Google Open Buildings"",
        ""property"": """",
        ""record_id"": ""7J8MXX7W+9J38"",
        ""update_time"": ""2023-05-01T00:00:00.000Z""
      }
    }
  ]
}",,,,,,false,false,,,,,,,,,,,,,"{
  ""coordinates"": [
    [
      [
        73.996568,
        16.9633382
      ],
      [
        73.9965966,
        16.9633834
      ],
      [
        73.9965296,
        16.9634227
      ],
      [
        73.996501,
        16.9633775
      ],
      [
        73.996568,
        16.9633382
      ]
    ]
  ],
  ""type"": ""Polygon""
}"
08b60ab6a3b0efff02008795ef536201,"{
  ""xmax"": 7.399703979492188e+01,
  ""xmin"": 7.399689483642578e+01,
  ""ymax"": 1.696334838867188e+01,
  ""ymin"": 1.696323013305664e+01
}",0,"{
  ""list"": [
    {
      ""element"": {
        ""confidence"": 7.664000000000000e-01,
        ""dataset"": ""Google Open Buildings"",
        ""property"": """",
        ""record_id"": ""7J8MXX7W+8Q97"",
        ""update_time"": ""2023-05-01T00:00:00.000Z""
      }
    }
  ]
}",,,,,,false,false,,,,,,,,,,,,,"{
  ""coordinates"": [
    [
      [
        73.9968958,
        16.9632471
      ],
      [
        73.9970268,
        16.963233
      ],
      [
        73.9970394,
        16.9633408
      ],
      [
        73.99697,
        16.9633483
      ],
      [
        73.9969623,
        16.963282
      ],
      [
        73.9969006,
        16.9632887
      ],
      [
        73.9968958,
        16.9632471
      ]
    ]
  ],
  ""type"": ""Polygon""
}"
08b60ab6a3b0efff020089e56e2d484d,"{
  ""xmax"": 7.399684143066406e+01,
  ""xmin"": 7.399678039550781e+01,
  ""ymax"": 1.696336936950684e+01,
  ""ymin"": 1.696331977844238e+01
}",0,"{
  ""list"": [
    {
      ""element"": {
        ""confidence"": 7.971000000000000e-01,
        ""dataset"": ""Google Open Buildings"",
        ""property"": """",
        ""record_id"": ""7J8MXX7W+8PMQ"",
        ""update_time"": ""2023-05-01T00:00:00.000Z""
      }
    }
  ]
}",,,,,,false,false,,,,,,,,,,,,,"{
  ""coordinates"": [
    [
      [
        73.996823,
        16.9633198
      ],
      [
        73.996838,
        16.9633483
      ],
      [
        73.9967974,
        16.9633682
      ],
      [
        73.9967823,
        16.9633398
      ],
      [
        73.996823,
        16.9633198
      ]
    ]
  ],
  ""type"": ""Polygon""
}"
08b60ab6a3b18fff02009d4ec27c83fe,"{
  ""xmax"": 7.399694824218750e+01,
  ""xmin"": 7.399683380126953e+01,
  ""ymax"": 1.696419143676758e+01,
  ""ymin"": 1.696410751342773e+01
}",0,"{
  ""list"": [
    {
      ""element"": {
        ""confidence"": 8.156000000000000e-01,
        ""dataset"": ""Google Open Buildings"",
        ""property"": """",
        ""record_id"": ""7J8MXX7W+MQ64"",
        ""update_time"": ""2023-05-01T00:00:00.000Z""
      }
    }
  ]
}",,,,,,false,false,,,,,,,,,,,,,"{
  ""coordinates"": [
    [
      [
        73.9969247,
        16.9641104
      ],
      [
        73.9969446,
        16.9641583
      ],
      [
        73.9968591,
        16.9641912
      ],
      [
        73.9968392,
        16.9641433
      ],
      [
        73.9969247,
        16.9641104
      ]
    ]
  ],
  ""type"": ""Polygon""
}"
08b60ab6a3b02fff0200d6241353d6ff,"{
  ""xmax"": 7.399752044677734e+01,
  ""xmin"": 7.399740600585938e+01,
  ""ymax"": 1.696377563476562e+01,
  ""ymin"": 1.696369934082031e+01
}",0,"{
  ""list"": [
    {
      ""element"": {
        ""confidence"": 8.747000000000000e-01,
        ""dataset"": ""Google Open Buildings"",
        ""property"": """",
        ""record_id"": ""7J8MXX7W+FXWH"",
        ""update_time"": ""2023-05-01T00:00:00.000Z""
      }
    }
  ]
}",,,,,,false,false,,,,,,,,,,,,,"{
  ""coordinates"": [
    [
      [
        73.9975064,
        16.9637012
      ],
      [
        73.9975145,
        16.9637626
      ],
      [
        73.9974203,
        16.9637742
      ],
      [
        73.9974121,
        16.9637128
      ],
      [
        73.9975064,
        16.9637012
      ]
    ]
  ],
  ""type"": ""Polygon""
}"
08b60ab6a3b03fff020091336d9fd43b,"{
  ""xmax"": 7.399725341796875e+01,
  ""xmin"": 7.399710845947266e+01,
  ""ymax"": 1.696363830566406e+01,
  ""ymin"": 1.696353149414062e+01
}",0,"{
  ""list"": [
    {
      ""element"": {
        ""confidence"": 8.006000000000000e-01,
        ""dataset"": ""Google Open Buildings"",
        ""property"": """",
        ""record_id"": ""7J8MXX7W+CVMH"",
        ""update_time"": ""2023-05-01T00:00:00.000Z""
      }
    }
  ]
}",,,,,,false,false,,,,,,,,,,,,,"{
  ""coordinates"": [
    [
      [
        73.997214,
        16.9635329
      ],
      [
        73.9972414,
        16.9636057
      ],
      [
        73.9971483,
        16.9636381
      ],
      [
        73.9971209,
        16.9635653
      ],
      [
        73.997214,
        16.9635329
      ]
    ]
  ],
  ""type"": ""Polygon""
}"
08b60ab6a3b1cfff02004f09f7de91ad,"{
  ""xmax"": 7.399743652343750e+01,
  ""xmin"": 7.399734497070312e+01,
  ""ymax"": 1.696391677856445e+01,
  ""ymin"": 1.696383476257324e+01
}",0,"{
  ""list"": [
    {
      ""element"": {
        ""confidence"": 8.827000000000000e-01,
        ""dataset"": ""Google Open Buildings"",
        ""property"": """",
        ""record_id"": ""7J8MXX7W+HX24"",
        ""update_time"": ""2023-05-01T00:00:00.000Z""
      }
    }
  ]
}",,,,,,false,false,,,,,,,,,,,,,"{
  ""coordinates"": [
    [
      [
        73.9973484,
        16.9638397
      ],
      [
        73.9974297,
        16.9638364
      ],
      [
        73.997433,
        16.9639124
      ],
      [
        73.9973517,
        16.9639157
      ],
      [
        73.9973484,
        16.9638397
      ]
    ]
  ],
  ""type"": ""Polygon""
}"
08b60ab6a3b03fff0200fb8641fdd494,"{
  ""xmax"": 7.399727630615234e+01,
  ""xmin"": 7.399710845947266e+01,
  ""ymax"": 1.696335983276367e+01,
  ""ymin"": 1.696322822570801e+01
}",0,"{
  ""list"": [
    {
      ""element"": {
        ""confidence"": 8.784999999999999e-01,
        ""dataset"": ""Google Open Buildings"",
        ""property"": """",
        ""record_id"": ""7J8MXX7W+8V8J"",
        ""update_time"": ""2023-05-01T00:00:00.000Z""
      }
    }
  ]
}",,,,,,false,false,,,,,,,,,,,,,"{
  ""coordinates"": [
    [
      [
        73.9972556,
        16.9632296
      ],
      [
        73.9972688,
        16.9633431
      ],
      [
        73.9971251,
        16.9633586
      ],
      [
        73.9971118,
        16.9632451
      ],
      [
        73.9972556,
        16.9632296
      ]
    ]
  ],
  ""type"": ""Polygon""
}"
08b60ab6a3b1cfff020099712627b820,"{
  ""xmax"": 7.399734497070312e+01,
  ""xmin"": 7.399725341796875e+01,
  ""ymax"": 1.696379852294922e+01,
  ""ymin"": 1.696373176574707e+01
}",0,"{
  ""list"": [
    {
      ""element"": {
        ""confidence"": 8.462000000000000e-01,
        ""dataset"": ""Google Open Buildings"",
        ""property"": """",
        ""record_id"": ""7J8MXX7W+GW3F"",
        ""update_time"": ""2023-05-01T00:00:00.000Z""
      }
    }
  ]
}",,,,,,false,false,,,,,,,,,,,,,"{
  ""coordinates"": [
    [
      [
        73.9973158,
        16.9637323
      ],
      [
        73.9973325,
        16.963778
      ],
      [
        73.9972751,
        16.9637974
      ],
      [
        73.9972585,
        16.9637516
      ],
      [
        73.9973158,
        16.9637323
      ]
    ]
  ],
  ""type"": ""Polygon""
}"
08b60ab6a3b03fff02009c841e12f45d,"{
  ""xmax"": 7.399729919433594e+01,
  ""xmin"": 7.399713134765625e+01,
  ""ymax"": 1.696350860595703e+01,
  ""ymin"": 1.696336746215820e+01
}",0,"{
  ""list"": [
    {
      ""element"": {
        ""confidence"": 9.093000000000000e-01,
        ""dataset"": ""Google Open Buildings"",
        ""property"": """",
        ""record_id"": ""7J8MXX7W+9VGH"",
        ""update_time"": ""2023-05-01T00:00:00.000Z""
      }
    }
  ]
}",,,,,,false,false,,,,,,,,,,,,,"{
  ""coordinates"": [
    [
      [
        73.9972755,
        16.9633686
      ],
      [
        73.9972958,
        16.9634845
      ],
      [
        73.997153,
        16.9635077
      ],
      [
        73.9971326,
        16.9633918
      ],
      [
        73.9972755,
        16.9633686
      ]
    ]
  ],
  ""type"": ""Polygon""
}"
08b60ab6a3b03fff0200e916628c6fb8,"{
  ""xmax"": 7.399736022949219e+01,
  ""xmin"": 7.399723052978516e+01,
  ""ymax"": 1.696362686157227e+01,
  ""ymin"": 1.696351432800293e+01
}",0,"{
  ""list"": [
    {
      ""element"": {
        ""confidence"": 7.318000000000000e-01,
        ""dataset"": ""Google Open Buildings"",
        ""property"": """",
        ""record_id"": ""7J8MXX7W+CWFV"",
        ""update_time"": ""2023-05-01T00:00:00.000Z""
      }
    }
  ]
}",,,,,,false,false,,,,,,,,,,,,,"{
  ""coordinates"": [
    [
      [
        73.9973211,
        16.9635155
      ],
      [
        73.9973572,
        16.9635792
      ],
      [
        73.9972691,
        16.9636256
      ],
      [
        73.9972329,
        16.9635619
      ],
      [
        73.9973211,
        16.9635155
      ]
    ]
  ],
  ""type"": ""Polygon""
}"
08b60ab6a3b01fff020025e3c1bfbfce,"{
  ""xmax"": 7.399730682373047e+01,
  ""xmin"": 7.399722290039062e+01,
  ""ymax"": 1.696303558349609e+01,
  ""ymin"": 1.696295928955078e+01
}",0,"{
  ""list"": [
    {
      ""element"": {
        ""confidence"": 7.940000000000000e-01,
        ""dataset"": ""Google Open Buildings"",
        ""property"": """",
        ""record_id"": ""7J8MXX7W+5WRV"",
        ""update_time"": ""2023-05-01T00:00:00.000Z""
      }
    }
  ]
}",,,,,,false,false,,,,,,,,,,,,,"{
  ""coordinates"": [
    [
      [
        73.9972926,
        16.9629599
      ],
      [
        73.9972999,
        16.9630287
      ],
      [
        73.9972317,
        16.9630354
      ],
      [
        73.9972244,
        16.9629666
      ],
      [
        73.9972926,
        16.9629599
      ]
    ]
  ],
  ""type"": ""Polygon""
}"
08b60ab6a3b01fff02007378d36f6a21,"{
  ""xmax"": 7.399733734130859e+01,
  ""xmin"": 7.399720001220703e+01,
  ""ymax"": 1.696320533752441e+01,
  ""ymin"": 1.696306228637695e+01
}",0,"{
  ""list"": [
    {
      ""element"": {
        ""confidence"": 8.125000000000000e-01,
        ""dataset"": ""Google Open Buildings"",
        ""property"": """",
        ""record_id"": ""7J8MXX7W+7W28"",
        ""update_time"": ""2023-05-01T00:00:00.000Z""
      }
    }
  ]
}",,,,,,false,false,,,,,,,,,,,,,"{
  ""coordinates"": [
    [
      [
        73.9972064,
        16.963071
      ],
      [
        73.9973209,
        16.9630631
      ],
      [
        73.9973308,
        16.9631958
      ],
      [
        73.9972163,
        16.9632037
      ],
      [
        73.9972064,
        16.963071
      ]
    ]
  ],
  ""type"": ""Polygon""
}"
08b60ab6a3b03fff02008ecc3251348a,"{
  ""xmax"": 7.399726867675781e+01,
  ""xmin"": 7.399721527099609e+01,
  ""ymax"": 1.696355056762695e+01,
  ""ymin"": 1.696351623535156e+01
}",0,"{
  ""list"": [
    {
      ""element"": {
        ""confidence"": 7.188000000000000e-01,
        ""dataset"": ""Google Open Buildings"",
        ""property"": """",
        ""record_id"": ""7J8MXX7W+CV98"",
        ""update_time"": ""2023-05-01T00:00:00.000Z""
      }
    }
  ]
}",,,,,,false,false,,,,,,,,,,,,,"{
  ""coordinates"": [
    [
      [
        73.9972564,
        16.9635166
      ],
      [
        73.9972611,
        16.9635435
      ],
      [
        73.997227,
        16.9635491
      ],
      [
        73.9972223,
        16.9635221
      ],
      [
        73.9972564,
        16.9635166
      ]
    ]
  ],
  ""type"": ""Polygon""
}"
08b60ab6a3b03fff0200114144f10201,"{
  ""xmax"": 7.399732208251953e+01,
  ""xmin"": 7.399717712402344e+01,
  ""ymax"": 1.696373176574707e+01,
  ""ymin"": 1.696363639831543e+01
}",0,"{
  ""list"": [
    {
      ""element"": {
        ""confidence"": 8.179000000000000e-01,
        ""dataset"": ""Google Open Buildings"",
        ""property"": """",
        ""record_id"": ""7J8MXX7W+FVH9"",
        ""update_time"": ""2023-05-01T00:00:00.000Z""
      }
    }
  ]
}",,,,,,false,false,,,,,,,,,,,,,"{
  ""coordinates"": [
    [
      [
        73.9972857,
        16.9636375
      ],
      [
        73.99731,
        16.9636785
      ],
      [
        73.9972135,
        16.9637314
      ],
      [
        73.9971892,
        16.9636904
      ],
      [
        73.9972857,
        16.9636375
      ]
    ]
  ],
  ""type"": ""Polygon""
}"
08b60ab6a3b02fff02006d2c666d415e,"{
  ""xmax"": 7.399752807617188e+01,
  ""xmin"": 7.399745178222656e+01,
  ""ymax"": 1.696386146545410e+01,
  ""ymin"": 1.696376228332520e+01
}",0,"{
  ""list"": [
    {
      ""element"": {
        ""confidence"": 8.738000000000000e-01,
        ""dataset"": ""Google Open Buildings"",
        ""property"": """",
        ""record_id"": ""7J8MXX7W+GXHG"",
        ""update_time"": ""2023-05-01T00:00:00.000Z""
      }
    }
  ]
}",,,,,,false,false,,,,,,,,,,,,,"{
  ""coordinates"": [
    [
      [
        73.9975145,
        16.9637626
      ],
      [
        73.9975267,
        16.9638541
      ],
      [
        73.9974673,
        16.9638614
      ],
      [
        73.9974552,
        16.9637699
      ],
      [
        73.9975145,
        16.9637626
      ]
    ]
  ],
  ""type"": ""Polygon""
}"
08b60ab6a3a36fff0200775e5971723c,"{
  ""xmax"": 7.399668121337891e+01,
  ""xmin"": 7.399656677246094e+01,
  ""ymax"": 1.696555709838867e+01,
  ""ymin"": 1.696545219421387e+01
}",0,"{
  ""list"": [
    {
      ""element"": {
        ""confidence"": 8.549000000000000e-01,
        ""dataset"": ""Google Open Buildings"",
        ""property"": """",
        ""record_id"": ""7J8MXX8W+6M22"",
        ""update_time"": ""2023-05-01T00:00:00.000Z""
      }
    }
  ]
}",,,,,,false,false,,,,,,,,,,,,,"{
  ""coordinates"": [
    [
      [
        73.9966059,
        16.9654522
      ],
      [
        73.996679,
        16.9655268
      ],
      [
        73.9966465,
        16.9655563
      ],
      [
        73.9965734,
        16.9654816
      ],
      [
        73.9966059,
        16.9654522
      ]
    ]
  ],
  ""type"": ""Polygon""
}"
08b60ab6a3a36fff02002281f4e3f1d5,"{
  ""xmax"": 7.399694824218750e+01,
  ""xmin"": 7.399691009521484e+01,
  ""ymax"": 1.696530151367188e+01,
  ""ymin"": 1.696527481079102e+01
}",0,"{
  ""list"": [
    {
      ""element"": {
        ""confidence"": 6.672000000000000e-01,
        ""dataset"": ""Google Open Buildings"",
        ""property"": """",
        ""record_id"": ""7J8MXX8W+4Q7G"",
        ""update_time"": ""2023-05-01T00:00:00.000Z""
      }
    }
  ]
}",,,,,,false,false,,,,,,,,,,,,,"{
  ""coordinates"": [
    [
      [
        73.9969149,
        16.9652757
      ],
      [
        73.9969412,
        16.9652788
      ],
      [
        73.9969384,
        16.9653009
      ],
      [
        73.9969121,
        16.9652977
      ],
      [
        73.9969149,
        16.9652757
      ]
    ]
  ],
  ""type"": ""Polygon""
}"
08b60ab6a3b18fff020029d22c485f16,"{
  ""xmax"": 7.399687957763672e+01,
  ""xmin"": 7.399679565429688e+01,
  ""ymax"": 1.696434402465820e+01,
  ""ymin"": 1.696429824829102e+01
}",0,"{
  ""list"": [
    {
      ""element"": {
        ""confidence"": 6.650000000000000e-01,
        ""dataset"": ""Google Open Buildings"",
        ""property"": """",
        ""record_id"": ""7J8MXX7W+PPGX"",
        ""update_time"": ""2023-05-01T00:00:00.000Z""
      }
    }
  ]
}",,,,,,false,false,,,,,,,,,,,,,"{
  ""coordinates"": [
    [
      [
        73.9968707,
        16.964299
      ],
      [
        73.9968767,
        16.964333
      ],
      [
        73.996814,
        16.9643433
      ],
      [
        73.996808,
        16.9643093
      ],
      [
        73.9968707,
        16.964299
      ]
    ]
  ],
  ""type"": ""Polygon""
}"
08b60ab6a3bacfff0200f8c6a050fb1d,"{
  ""xmax"": 7.399803161621094e+01,
  ""xmin"": 7.399787902832031e+01,
  ""ymax"": 1.696517562866211e+01,
  ""ymin"": 1.696507453918457e+01
}",0,"{
  ""list"": [
    {
      ""element"": {
        ""confidence"": 8.774000000000000e-01,
        ""dataset"": ""Google Open Buildings"",
        ""property"": """",
        ""record_id"": ""7J8MXX8X+25WV"",
        ""update_time"": ""2023-05-01T00:00:00.000Z""
      }
    }
  ]
}",,,,,,false,false,,,,,,,,,,,,,"{
  ""coordinates"": [
    [
      [
        73.9980037,
        16.9650753
      ],
      [
        73.9980194,
        16.9651507
      ],
      [
        73.9979001,
        16.9651738
      ],
      [
        73.9978843,
        16.9650984
      ],
      [
        73.9980037,
        16.9650753
      ]
    ]
  ],
  ""type"": ""Polygon""
}"
08b60ab6a3b13fff0200228971bbfeb9,"{
  ""xmax"": 7.399787139892578e+01,
  ""xmin"": 7.399780273437500e+01,
  ""ymax"": 1.696462821960449e+01,
  ""ymin"": 1.696454811096191e+01
}",0,"{
  ""list"": [
    {
      ""element"": {
        ""confidence"": 6.749000000000001e-01,
        ""dataset"": ""Google Open Buildings"",
        ""property"": """",
        ""record_id"": ""7J8MXX7X+R4PH"",
        ""update_time"": ""2023-05-01T00:00:00.000Z""
      }
    }
  ]
}",,,,,,false,false,,,,,,,,,,,,,"{
  ""coordinates"": [
    [
      [
        73.9978096,
        16.9645482
      ],
      [
        73.9978712,
        16.9645527
      ],
      [
        73.9978653,
        16.9646266
      ],
      [
        73.9978037,
        16.964622
      ],
      [
        73.9978096,
        16.9645482
      ]
    ]
  ],
  ""type"": ""Polygon""
}"
08b60ab6a3ba3fff0200d098ecac9edc,"{
  ""xmax"": 7.399840545654297e+01,
  ""xmin"": 7.399831390380859e+01,
  ""ymax"": 1.696551132202148e+01,
  ""ymin"": 1.696541976928711e+01
}",0,"{
  ""list"": [
    {
      ""element"": {
        ""confidence"": 8.594000000000001e-01,
        ""dataset"": ""Google Open Buildings"",
        ""property"": """",
        ""record_id"": ""7J8MXX8X+58QP"",
        ""update_time"": ""2023-05-01T00:00:00.000Z""
      }
    }
  ]
}",,,,,,false,false,,,,,,,,,,,,,"{
  ""coordinates"": [
    [
      [
        73.9983257,
        16.9654314
      ],
      [
        73.9983927,
        16.9654216
      ],
      [
        73.9984051,
        16.9655
      ],
      [
        73.9983381,
        16.9655098
      ],
      [
        73.9983257,
        16.9654314
      ]
    ]
  ],
  ""type"": ""Polygon""
}"
08b60ab6a3baefff0200e264058921bb,"{
  ""xmax"": 7.399820709228516e+01,
  ""xmin"": 7.399811553955078e+01,
  ""ymax"": 1.696548080444336e+01,
  ""ymin"": 1.696539306640625e+01
}",0,"{
  ""list"": [
    {
      ""element"": {
        ""confidence"": 7.319000000000000e-01,
        ""dataset"": ""Google Open Buildings"",
        ""property"": """",
        ""record_id"": ""7J8MXX8X+57FC"",
        ""update_time"": ""2023-05-01T00:00:00.000Z""
      }
    }
  ]
}",,,,,,false,false,,,,,,,,,,,,,"{
  ""coordinates"": [
    [
      [
        73.9981725,
        16.9653948
      ],
      [
        73.9982053,
        16.9654548
      ],
      [
        73.9981543,
        16.9654807
      ],
      [
        73.9981215,
        16.9654206
      ],
      [
        73.9981725,
        16.9653948
      ]
    ]
  ],
  ""type"": ""Polygon""
}"
08b60ab6a3b10fff02002af9b2e0f0c6,"{
  ""xmax"": 7.399826049804688e+01,
  ""xmin"": 7.399819183349609e+01,
  ""ymax"": 1.696445465087891e+01,
  ""ymin"": 1.696438598632812e+01
}",0,"{
  ""list"": [
    {
      ""element"": {
        ""confidence"": 7.583000000000000e-01,
        ""dataset"": ""Google Open Buildings"",
        ""property"": """",
        ""record_id"": ""7J8MXX7X+Q79M"",
        ""update_time"": ""2023-05-01T00:00:00.000Z""
      }
    }
  ]
}",,,,,,false,false,,,,,,,,,,,,,"{
  ""coordinates"": [
    [
      [
        73.9982051,
        16.964386
      ],
      [
        73.9982588,
        16.9643874
      ],
      [
        73.998257,
        16.9644529
      ],
      [
        73.9982033,
        16.9644515
      ],
      [
        73.9982051,
        16.964386
      ]
    ]
  ],
  ""type"": ""Polygon""
}"
08b60ab6a3baefff020089e612c814b0,"{
  ""xmax"": 7.399810791015625e+01,
  ""xmin"": 7.399788665771484e+01,
  ""ymax"": 1.696558761596680e+01,
  ""ymin"": 1.696533584594727e+01
}",0,"{
  ""list"": [
    {
      ""element"": {
        ""confidence"": 8.387000000000000e-01,
        ""dataset"": ""Google Open Buildings"",
        ""property"": """",
        ""record_id"": ""7J8MXX8X+55Q8"",
        ""update_time"": ""2023-05-01T00:00:00.000Z""
      }
    }
  ]
}",,,,,,false,false,,,,,,,,,,,,,"{
  ""coordinates"": [
    [
      [
        73.9980361,
        16.9653359
      ],
      [
        73.998105,
        16.9654618
      ],
      [
        73.9979839,
        16.9655231
      ],
      [
        73.9980027,
        16.9655574
      ],
      [
        73.9979449,
        16.9655867
      ],
      [
        73.9978881,
        16.9654828
      ],
      [
        73.9979459,
        16.9654535
      ],
      [
        73.9979151,
        16.9653972
      ],
      [
        73.9980361,
        16.9653359
      ]
    ]
  ],
  ""type"": ""Polygon""
}"
08b60ab6a3baefff0200802e55e8d970,"{
  ""xmax"": 7.399819946289062e+01,
  ""xmin"": 7.399805450439453e+01,
  ""ymax"": 1.696542358398438e+01,
  ""ymin"": 1.696527671813965e+01
}",0,"{
  ""list"": [
    {
      ""element"": {
        ""confidence"": 8.728000000000000e-01,
        ""dataset"": ""Google Open Buildings"",
        ""property"": """",
        ""record_id"": ""7J8MXX8X+47JR"",
        ""update_time"": ""2023-05-01T00:00:00.000Z""
      }
    }
  ]
}",,,,,,false,false,,,,,,,,,,,,,"{
  ""coordinates"": [
    [
      [
        73.998138,
        16.9652773
      ],
      [
        73.9981961,
        16.9653773
      ],
      [
        73.9981131,
        16.965422
      ],
      [
        73.9980549,
        16.965322
      ],
      [
        73.998138,
        16.9652773
      ]
    ]
  ],
  ""type"": ""Polygon""
}"
08b60ab6a3baafff0200ad39c24d93f7,"{
  ""xmax"": 7.399758148193359e+01,
  ""xmin"": 7.399739837646484e+01,
  ""ymax"": 1.696562767028809e+01,
  ""ymin"": 1.696546173095703e+01
}",0,"{
  ""list"": [
    {
      ""element"": {
        ""confidence"": 8.650000000000000e-01,
        ""dataset"": ""Google Open Buildings"",
        ""property"": """",
        ""record_id"": ""7J8MXX8W+6X9P"",
        ""update_time"": ""2023-05-01T00:00:00.000Z""
      }
    }
  ]
}",,,,,,false,false,,,,,,,,,,,,,"{
  ""coordinates"": [
    [
      [
        73.9975289,
        16.9654634
      ],
      [
        73.9975812,
        16.9655668
      ],
      [
        73.9974539,
        16.9656265
      ],
      [
        73.9974016,
        16.9655231
      ],
      [
        73.9975289,
        16.9654634
      ]
    ]
  ],
  ""type"": ""Polygon""
}"
08b60ab6a3b12fff0200ee66a965142e,"{
  ""xmax"": 7.399838256835938e+01,
  ""xmin"": 7.399822235107422e+01,
  ""ymax"": 1.696463394165039e+01,
  ""ymin"": 1.696452903747559e+01
}",0,"{
  ""list"": [
    {
      ""element"": {
        ""confidence"": 6.596000000000000e-01,
        ""dataset"": ""Google Open Buildings"",
        ""property"": """",
        ""record_id"": ""7J8MXX7X+R8M8"",
        ""update_time"": ""2023-05-01T00:00:00.000Z""
      }
    }
  ]
}",,,,,,false,false,,,,,,,,,,,,,"{
  ""coordinates"": [
    [
      [
        73.9982294,
        16.9645308
      ],
      [
        73.9983815,
        16.9645402
      ],
      [
        73.9983753,
        16.9646332
      ],
      [
        73.9982232,
        16.9646239
      ],
      [
        73.9982294,
        16.9645308
      ]
    ]
  ],
  ""type"": ""Polygon""
}"
08b60ab6a3ba8fff02008bd91e5a448b,"{
  ""xmax"": 7.399766540527344e+01,
  ""xmin"": 7.399755096435547e+01,
  ""ymax"": 1.696555709838867e+01,
  ""ymin"": 1.696542549133301e+01
}",0,"{
  ""list"": [
    {
      ""element"": {
        ""confidence"": 7.500000000000000e-01,
        ""dataset"": ""Google Open Buildings"",
        ""property"": """",
        ""record_id"": ""7J8MXX8X+52XP"",
        ""update_time"": ""2023-05-01T00:00:00.000Z""
      }
    }
  ]
}",,,,,,false,false,,,,,,,,,,,,,"{
  ""coordinates"": [
    [
      [
        73.9976111,
        16.965426
      ],
      [
        73.9976629,
        16.9655284
      ],
      [
        73.997608,
        16.9655542
      ],
      [
        73.9975562,
        16.9654518
      ],
      [
        73.9976111,
        16.965426
      ]
    ]
  ],
  ""type"": ""Polygon""
}"
08b60ab6a3b12fff020054078860b37c,"{
  ""xmax"": 7.399834442138672e+01,
  ""xmin"": 7.399823760986328e+01,
  ""ymax"": 1.696472930908203e+01,
  ""ymin"": 1.696462821960449e+01
}",0,"{
  ""list"": [
    {
      ""element"": {
        ""confidence"": 7.720000000000000e-01,
        ""dataset"": ""Google Open Buildings"",
        ""property"": """",
        ""record_id"": ""7J8MXX7X+V8F3"",
        ""update_time"": ""2023-05-01T00:00:00.000Z""
      }
    }
  ]
}",,,,,,false,false,,,,,,,,,,,,,"{
  ""coordinates"": [
    [
      [
        73.9983442,
        16.9646566
      ],
      [
        73.998312,
        16.9647141
      ],
      [
        73.9982927,
        16.9647041
      ],
      [
        73.9982787,
        16.9647291
      ],
      [
        73.9982434,
        16.9647108
      ],
      [
        73.9982898,
        16.9646283
      ],
      [
        73.9983442,
        16.9646566
      ]
    ]
  ],
  ""type"": ""Polygon""
}"
08b60ab6a3ba1fff020090c8e772b1b4,"{
  ""xmax"": 7.399840545654297e+01,
  ""xmin"": 7.399835205078125e+01,
  ""ymax"": 1.696507644653320e+01,
  ""ymin"": 1.696503067016602e+01
}",0,"{
  ""list"": [
    {
      ""element"": {
        ""confidence"": 7.149000000000000e-01,
        ""dataset"": ""Google Open Buildings"",
        ""property"": """",
        ""record_id"": ""7J8MXX8X+29C2"",
        ""update_time"": ""2023-05-01T00:00:00.000Z""
      }
    }
  ]
}",,,,,,false,false,,,,,,,,,,,,,"{
  ""coordinates"": [
    [
      [
        73.9983924,
        16.9650311
      ],
      [
        73.998398,
        16.9650715
      ],
      [
        73.9983613,
        16.9650762
      ],
      [
        73.9983557,
        16.9650358
      ],
      [
        73.9983924,
        16.9650311
      ]
    ]
  ],
  ""type"": ""Polygon""
}"
08b60ab6a3ba1fff0200fc96aec0dd34,"{
  ""xmax"": 7.399835968017578e+01,
  ""xmin"": 7.399822998046875e+01,
  ""ymax"": 1.696511650085449e+01,
  ""ymin"": 1.696495628356934e+01
}",0,"{
  ""list"": [
    {
      ""element"": {
        ""confidence"": 8.102000000000000e-01,
        ""dataset"": ""Google Open Buildings"",
        ""property"": """",
        ""record_id"": ""7J8MXX8X+287G"",
        ""update_time"": ""2023-05-01T00:00:00.000Z""
      }
    }
  ]
}",,,,,,false,false,,,,,,,,,,,,,"{
  ""coordinates"": [
    [
      [
        73.998325,
        16.964958
      ],
      [
        73.9983574,
        16.9650915
      ],
      [
        73.9982464,
        16.9651164
      ],
      [
        73.9982415,
        16.9650964
      ],
      [
        73.9982851,
        16.9650867
      ],
      [
        73.9982576,
        16.9649732
      ],
      [
        73.998325,
        16.964958
      ]
    ]
  ],
  ""type"": ""Polygon""
}"
08b60ab6a3ba1fff02007119b9fa1e9c,"{
  ""xmax"": 7.399835205078125e+01,
  ""xmin"": 7.399825286865234e+01,
  ""ymax"": 1.696520614624023e+01,
  ""ymin"": 1.696514129638672e+01
}",0,"{
  ""list"": [
    {
      ""element"": {
        ""confidence"": 8.403000000000000e-01,
        ""dataset"": ""Google Open Buildings"",
        ""property"": """",
        ""record_id"": ""7J8MXX8X+387X"",
        ""update_time"": ""2023-05-01T00:00:00.000Z""
      }
    }
  ]
}",,,,,,false,false,,,,,,,,,,,,,"{
  ""coordinates"": [
    [
      [
        73.9983411,
        16.9651415
      ],
      [
        73.9983518,
        16.9651873
      ],
      [
        73.9982688,
        16.9652053
      ],
      [
        73.9982581,
        16.9651596
      ],
      [
        73.9983411,
        16.9651415
      ]
    ]
  ],
  ""type"": ""Polygon""
}"
08b60ab6a3ba1fff02009ec193b4695a,"{
  ""xmax"": 7.399826049804688e+01,
  ""xmin"": 7.399816131591797e+01,
  ""ymax"": 1.696525382995605e+01,
  ""ymin"": 1.696517944335938e+01
}",0,"{
  ""list"": [
    {
      ""element"": {
        ""confidence"": 8.408000000000000e-01,
        ""dataset"": ""Google Open Buildings"",
        ""property"": """",
        ""record_id"": ""7J8MXX8X+37PQ"",
        ""update_time"": ""2023-05-01T00:00:00.000Z""
      }
    }
  ]
}",,,,,,false,false,,,,,,,,,,,,,"{
  ""coordinates"": [
    [
      [
        73.9982388,
        16.9651824
      ],
      [
        73.9982575,
        16.9652282
      ],
      [
        73.9981922,
        16.965253
      ],
      [
        73.9981734,
        16.9652072
      ],
      [
        73.9982388,
        16.9651824
      ]
    ]
  ],
  ""type"": ""Polygon""
}"
08b60ab6a3baefff0200d2f18a96baf7,"{
  ""xmax"": 7.399786376953125e+01,
  ""xmin"": 7.399773406982422e+01,
  ""ymax"": 1.696563529968262e+01,
  ""ymin"": 1.696552467346191e+01
}",0,"{
  ""list"": [
    {
      ""element"": {
        ""confidence"": 8.537000000000000e-01,
        ""dataset"": ""Google Open Buildings"",
        ""property"": """",
        ""record_id"": ""7J8MXX8X+64M4"",
        ""update_time"": ""2023-05-01T00:00:00.000Z""
      }
    }
  ]
}",,,,,,false,false,,,,,,,,,,,,,"{
  ""coordinates"": [
    [
      [
        73.9978264,
        16.965525
      ],
      [
        73.9978631,
        16.9655891
      ],
      [
        73.9977769,
        16.9656348
      ],
      [
        73.9977402,
        16.9655707
      ],
      [
        73.9978264,
        16.965525
      ]
    ]
  ],
  ""type"": ""Polygon""
}"
08b60ab6a3baefff020011b57d60bce7,"{
  ""xmax"": 7.399790191650391e+01,
  ""xmin"": 7.399783325195312e+01,
  ""ymax"": 1.696556282043457e+01,
  ""ymin"": 1.696549034118652e+01
}",0,"{
  ""list"": [
    {
      ""element"": {
        ""confidence"": 7.071000000000000e-01,
        ""dataset"": ""Google Open Buildings"",
        ""property"": """",
        ""record_id"": ""7J8MXX8X+6494"",
        ""update_time"": ""2023-05-01T00:00:00.000Z""
      }
    }
  ]
}",,,,,,false,false,,,,,,,,,,,,,"{
  ""coordinates"": [
    [
      [
        73.9978347,
        16.9655027
      ],
      [
        73.9978771,
        16.9654906
      ],
      [
        73.9978953,
        16.96555
      ],
      [
        73.997853,
        16.965562
      ],
      [
        73.9978347,
        16.9655027
      ]
    ]
  ],
  ""type"": ""Polygon""
}"
08b60ab6a3aadfff020025ba7f337706,"{
  ""xmax"": 7.399509429931641e+01,
  ""xmin"": 7.399496459960938e+01,
  ""ymax"": 1.696677970886230e+01,
  ""ymin"": 1.696666145324707e+01
}",0,"{
  ""list"": [
    {
      ""element"": {
        ""confidence"": 8.401000000000000e-01,
        ""dataset"": ""Google Open Buildings"",
        ""property"": """",
        ""record_id"": ""7J8MXX8W+M2JX"",
        ""update_time"": ""2023-05-01T00:00:00.000Z""
      }
    }
  ]
}",,,,,,false,false,,,,,,,,,,,,,"{
  ""coordinates"": [
    [
      [
        73.9950665,
        16.9666632
      ],
      [
        73.9950919,
        16.9667512
      ],
      [
        73.9949959,
        16.9667768
      ],
      [
        73.9949705,
        16.9666889
      ],
      [
        73.9950665,
        16.9666632
      ]
    ]
  ],
  ""type"": ""Polygon""
}"
08b60ab6a3a1efff0200d9d1733ec2af,"{
  ""xmax"": 7.399533081054688e+01,
  ""xmin"": 7.399516296386719e+01,
  ""ymax"": 1.696651458740234e+01,
  ""ymin"": 1.696642494201660e+01
}",0,"{
  ""list"": [
    {
      ""element"": {
        ""confidence"": 8.763000000000000e-01,
        ""dataset"": ""Google Open Buildings"",
        ""property"": """",
        ""record_id"": ""7J8MXX8W+H3QQ"",
        ""update_time"": ""2023-05-01T00:00:00.000Z""
      }
    }
  ]
}",,,,,,false,false,,,,,,,,,,,,,"{
  ""coordinates"": [
    [
      [
        73.9953102,
        16.9664254
      ],
      [
        73.9953247,
        16.9664744
      ],
      [
        73.9951827,
        16.9665133
      ],
      [
        73.9951682,
        16.9664643
      ],
      [
        73.9953102,
        16.9664254
      ]
    ]
  ],
  ""type"": ""Polygon""
}"
08b60ab6a3a11fff0200356722139d06,"{
  ""xmax"": 7.399545288085938e+01,
  ""xmin"": 7.399532318115234e+01,
  ""ymax"": 1.696624755859375e+01,
  ""ymin"": 1.696614456176758e+01
}",0,"{
  ""list"": [
    {
      ""element"": {
        ""confidence"": 8.597000000000000e-01,
        ""dataset"": ""Google Open Buildings"",
        ""property"": """",
        ""record_id"": ""7J8MXX8W+F5CW"",
        ""update_time"": ""2023-05-01T00:00:00.000Z""
      }
    }
  ]
}",,,,,,false,false,,,,,,,,,,,,,"{
  ""coordinates"": [
    [
      [
        73.9954225,
        16.9661454
      ],
      [
        73.9954474,
        16.9662192
      ],
      [
        73.9953598,
        16.9662467
      ],
      [
        73.9953348,
        16.9661729
      ],
      [
        73.9954225,
        16.9661454
      ]
    ]
  ],
  ""type"": ""Polygon""
}"
08b60ab6a3a1efff0200ccbfb127268d,"{
  ""xmax"": 7.399505615234375e+01,
  ""xmin"": 7.399491882324219e+01,
  ""ymax"": 1.696664428710938e+01,
  ""ymin"": 1.696654701232910e+01
}",0,"{
  ""list"": [
    {
      ""element"": {
        ""confidence"": 8.690000000000000e-01,
        ""dataset"": ""Google Open Buildings"",
        ""property"": """",
        ""record_id"": ""7J8MXX8V+JXQW"",
        ""update_time"": ""2023-05-01T00:00:00.000Z""
      }
    }
  ]
}",,,,,,false,false,,,,,,,,,,,,,"{
  ""coordinates"": [
    [
      [
        73.9950271,
        16.9665487
      ],
      [
        73.9950508,
        16.9665939
      ],
      [
        73.9949481,
        16.9666438
      ],
      [
        73.9949244,
        16.9665986
      ],
      [
        73.9950271,
        16.9665487
      ]
    ]
  ],
  ""type"": ""Polygon""
}"
08b60ab6a3aa9fff0200e3a722edcbab,"{
  ""xmax"": 7.399468231201172e+01,
  ""xmin"": 7.399458312988281e+01,
  ""ymax"": 1.696699905395508e+01,
  ""ymin"": 1.696690559387207e+01
}",0,"{
  ""list"": [
    {
      ""element"": {
        ""confidence"": 8.492000000000000e-01,
        ""dataset"": ""Google Open Buildings"",
        ""property"": """",
        ""record_id"": ""7J8MXX8V+QVJ6"",
        ""update_time"": ""2023-05-01T00:00:00.000Z""
      }
    }
  ]
}",,,,,,false,false,,,,,,,,,,,,,"{
  ""coordinates"": [
    [
      [
        73.9945856,
        16.9669095
      ],
      [
        73.9946054,
        16.9669075
      ],
      [
        73.9946076,
        16.9669278
      ],
      [
        73.9946722,
        16.9669214
      ],
      [
        73.9946796,
        16.9669892
      ],
      [
        73.9945951,
        16.9669977
      ],
      [
        73.9945856,
        16.9669095
      ]
    ]
  ],
  ""type"": ""Polygon""
}"
08b60ab6a3a1afff020000fb2313ea34,"{
  ""xmax"": 7.399472045898438e+01,
  ""xmin"": 7.399443054199219e+01,
  ""ymax"": 1.696682167053223e+01,
  ""ymin"": 1.696659278869629e+01
}",0,"{
  ""list"": [
    {
      ""element"": {
        ""confidence"": 9.247000000000000e-01,
        ""dataset"": ""Google Open Buildings"",
        ""property"": """",
        ""record_id"": ""7J8MXX8V+MRP7"",
        ""update_time"": ""2023-05-01T00:00:00.000Z""
      }
    }
  ]
}",,,,,,false,false,,,,,,,,,,,,,"{
  ""coordinates"": [
    [
      [
        73.9946576,
        16.9665932
      ],
      [
        73.9947168,
        16.9667351
      ],
      [
        73.9944958,
        16.9668205
      ],
      [
        73.9944366,
        16.9666785
      ],
      [
        73.9946576,
        16.9665932
      ]
    ]
  ],
  ""type"": ""Polygon""
}"
08b60ab6a3a11fff0200463ec5e55979,"{
  ""xmax"": 7.399558258056641e+01,
  ""xmin"": 7.399554443359375e+01,
  ""ymax"": 1.696611595153809e+01,
  ""ymin"": 1.696609306335449e+01
}",0,"{
  ""list"": [
    {
      ""element"": {
        ""confidence"": 7.238000000000000e-01,
        ""dataset"": ""Google Open Buildings"",
        ""property"": """",
        ""record_id"": ""7J8MXX8W+C6V5"",
        ""update_time"": ""2023-05-01T00:00:00.000Z""
      }
    }
  ]
}",,,,,,false,false,,,,,,,,,,,,,"{
  ""coordinates"": [
    [
      [
        73.9955465,
        16.9660931
      ],
      [
        73.99557,
        16.9660932
      ],
      [
        73.9955699,
        16.9661158
      ],
      [
        73.9955464,
        16.9661157
      ],
      [
        73.9955465,
        16.9660931
      ]
    ]
  ],
  ""type"": ""Polygon""
}"
08b60ab6a3a10fff02006b4ffdc4ce16,"{
  ""xmax"": 7.399560546875000e+01,
  ""xmin"": 7.399555206298828e+01,
  ""ymax"": 1.696624946594238e+01,
  ""ymin"": 1.696617317199707e+01
}",0,"{
  ""list"": [
    {
      ""element"": {
        ""confidence"": 8.274000000000000e-01,
        ""dataset"": ""Google Open Buildings"",
        ""property"": """",
        ""record_id"": ""7J8MXX8W+F6PF"",
        ""update_time"": ""2023-05-01T00:00:00.000Z""
      }
    }
  ]
}",,,,,,false,false,,,,,,,,,,,,,"{
  ""coordinates"": [
    [
      [
        73.9955532,
        16.966179
      ],
      [
        73.9955935,
        16.9661743
      ],
      [
        73.9956023,
        16.9662439
      ],
      [
        73.9955619,
        16.9662486
      ],
      [
        73.9955532,
        16.966179
      ]
    ]
  ],
  ""type"": ""Polygon""
}"
08b60ab6a3af4fff02006e6038346f5f,"{
  ""xmax"": 7.399459838867188e+01,
  ""xmin"": 7.399452209472656e+01,
  ""ymax"": 1.696698188781738e+01,
  ""ymin"": 1.696693038940430e+01
}",0,"{
  ""list"": [
    {
      ""element"": {
        ""confidence"": 8.388000000000000e-01,
        ""dataset"": ""Google Open Buildings"",
        ""property"": """",
        ""record_id"": ""7J8MXX8V+QRM9"",
        ""update_time"": ""2023-05-01T00:00:00.000Z""
      }
    }
  ]
}",,,,,,false,false,,,,,,,,,,,,,"{
  ""coordinates"": [
    [
      [
        73.9945279,
        16.9669357
      ],
      [
        73.994589,
        16.9669316
      ],
      [
        73.9945921,
        16.966975
      ],
      [
        73.994531,
        16.966979
      ],
      [
        73.9945279,
        16.9669357
      ]
    ]
  ],
  ""type"": ""Polygon""
}"
08b60ab6a3aadfff02005c17f18d22fd,"{
  ""xmax"": 7.399497222900391e+01,
  ""xmin"": 7.399489593505859e+01,
  ""ymax"": 1.696678733825684e+01,
  ""ymin"": 1.696669387817383e+01
}",0,"{
  ""list"": [
    {
      ""element"": {
        ""confidence"": 7.675000000000000e-01,
        ""dataset"": ""Google Open Buildings"",
        ""property"": """",
        ""record_id"": ""7J8MXX8V+MXVQ"",
        ""update_time"": ""2023-05-01T00:00:00.000Z""
      }
    }
  ]
}",,,,,,false,false,,,,,,,,,,,,,"{
  ""coordinates"": [
    [
      [
        73.994898,
        16.9667098
      ],
      [
        73.9949475,
        16.9666968
      ],
      [
        73.9949692,
        16.9667736
      ],
      [
        73.9949197,
        16.9667866
      ],
      [
        73.994898,
        16.9667098
      ]
    ]
  ],
  ""type"": ""Polygon""
}"
08b60ab6a3a1afff02009c85e7d4d536,"{
  ""xmax"": 7.399491882324219e+01,
  ""xmin"": 7.399481201171875e+01,
  ""ymax"": 1.696678352355957e+01,
  ""ymin"": 1.696669006347656e+01
}",0,"{
  ""list"": [
    {
      ""element"": {
        ""confidence"": 7.966000000000000e-01,
        ""dataset"": ""Google Open Buildings"",
        ""property"": """",
        ""record_id"": ""7J8MXX8V+MWXG"",
        ""update_time"": ""2023-05-01T00:00:00.000Z""
      }
    }
  ]
}",,,,,,false,false,,,,,,,,,,,,,"{
  ""coordinates"": [
    [
      [
        73.9948925,
        16.9666904
      ],
      [
        73.9949132,
        16.9667635
      ],
      [
        73.9948377,
        16.9667833
      ],
      [
        73.9948171,
        16.9667102
      ],
      [
        73.9948925,
        16.9666904
      ]
    ]
  ],
  ""type"": ""Polygon""
}"
08b60ab6a3a1efff02004881c563c1a0,"{
  ""xmax"": 7.399520111083984e+01,
  ""xmin"": 7.399513244628906e+01,
  ""ymax"": 1.696641349792480e+01,
  ""ymin"": 1.696635627746582e+01
}",0,"{
  ""list"": [
    {
      ""element"": {
        ""confidence"": 6.937000000000000e-01,
        ""dataset"": ""Google Open Buildings"",
        ""property"": """",
        ""record_id"": ""7J8MXX8W+H337"",
        ""update_time"": ""2023-05-01T00:00:00.000Z""
      }
    }
  ]
}",,,,,,false,false,,,,,,,,,,,,,"{
  ""coordinates"": [
    [
      [
        73.9951982,
        16.9663875
      ],
      [
        73.995151,
        16.9664118
      ],
      [
        73.9951341,
        16.9663815
      ],
      [
        73.9951814,
        16.9663572
      ],
      [
        73.9951982,
        16.9663875
      ]
    ]
  ],
  ""type"": ""Polygon""
}"
08b60ab6a3a13fff0200ecf2ef1713d6,"{
  ""xmax"": 7.399529266357422e+01,
  ""xmin"": 7.399522399902344e+01,
  ""ymax"": 1.696666336059570e+01,
  ""ymin"": 1.696659088134766e+01
}",0,"{
  ""list"": [
    {
      ""element"": {
        ""confidence"": 7.510000000000000e-01,
        ""dataset"": ""Google Open Buildings"",
        ""property"": """",
        ""record_id"": ""7J8MXX8W+M423"",
        ""update_time"": ""2023-05-01T00:00:00.000Z""
      }
    }
  ]
}",,,,,,false,false,,,,,,,,,,,,,"{
  ""coordinates"": [
    [
      [
        73.9952778,
        16.9665915
      ],
      [
        73.9952907,
        16.9666526
      ],
      [
        73.9952389,
        16.9666626
      ],
      [
        73.9952261,
        16.9666016
      ],
      [
        73.9952778,
        16.9665915
      ]
    ]
  ],
  ""type"": ""Polygon""
}"
08b60ab6a3a1efff0200c8f03a2f5e6d,"{
  ""xmax"": 7.399517822265625e+01,
  ""xmin"": 7.399510192871094e+01,
  ""ymax"": 1.696657371520996e+01,
  ""ymin"": 1.696652603149414e+01
}",0,"{
  ""list"": [
    {
      ""element"": {
        ""confidence"": 7.952000000000000e-01,
        ""dataset"": ""Google Open Buildings"",
        ""property"": """",
        ""record_id"": ""7J8MXX8W+J3C3"",
        ""update_time"": ""2023-05-01T00:00:00.000Z""
      }
    }
  ]
}",,,,,,false,false,,,,,,,,,,,,,"{
  ""coordinates"": [
    [
      [
        73.9951577,
        16.9665274
      ],
      [
        73.9951665,
        16.9665615
      ],
      [
        73.9951165,
        16.9665734
      ],
      [
        73.9951077,
        16.9665392
      ],
      [
        73.9951577,
        16.9665274
      ]
    ]
  ],
  ""type"": ""Polygon""
}"
08b60ab6a3a10fff02003be4ff454c07,"{
  ""xmax"": 7.399563598632812e+01,
  ""xmin"": 7.399556732177734e+01,
  ""ymax"": 1.696641349792480e+01,
  ""ymin"": 1.696635055541992e+01
}",0,"{
  ""list"": [
    {
      ""element"": {
        ""confidence"": 7.004000000000000e-01,
        ""dataset"": ""Google Open Buildings"",
        ""property"": """",
        ""record_id"": ""7J8MXX8W+H656"",
        ""update_time"": ""2023-05-01T00:00:00.000Z""
      }
    }
  ]
}",,,,,,false,false,,,,,,,,,,,,,"{
  ""coordinates"": [
    [
      [
        73.9956245,
        16.9663508
      ],
      [
        73.9956327,
        16.9664051
      ],
      [
        73.995576,
        16.9664131
      ],
      [
        73.9955678,
        16.9663588
      ],
      [
        73.9956245,
        16.9663508
      ]
    ]
  ],
  ""type"": ""Polygon""
}"
08b60ab6a3a10fff020026fcc64ad3b8,"{
  ""xmax"": 7.399588775634766e+01,
  ""xmin"": 7.399580383300781e+01,
  ""ymax"": 1.696636390686035e+01,
  ""ymin"": 1.696629905700684e+01
}",0,"{
  ""list"": [
    {
      ""element"": {
        ""confidence"": 7.347000000000000e-01,
        ""dataset"": ""Google Open Buildings"",
        ""property"": """",
        ""record_id"": ""7J8MXX8W+G8Q6"",
        ""update_time"": ""2023-05-01T00:00:00.000Z""
      }
    }
  ]
}",,,,,,false,false,,,,,,,,,,,,,"{
  ""coordinates"": [
    [
      [
        73.9958711,
        16.9663
      ],
      [
        73.9958852,
        16.9663454
      ],
      [
        73.9958255,
        16.9663626
      ],
      [
        73.9958114,
        16.9663172
      ],
      [
        73.9958711,
        16.9663
      ]
    ]
  ],
  ""type"": ""Polygon""
}"
08b60ab6a3a32fff0200699d3f65f331,"{
  ""xmax"": 7.399648284912109e+01,
  ""xmin"": 7.399633789062500e+01,
  ""ymax"": 1.696583557128906e+01,
  ""ymin"": 1.696563720703125e+01
}",0,"{
  ""list"": [
    {
      ""element"": {
        ""confidence"": 8.370000000000000e-01,
        ""dataset"": ""Google Open Buildings"",
        ""property"": """",
        ""record_id"": ""7J8MXX8W+7HR9"",
        ""update_time"": ""2023-05-01T00:00:00.000Z""
      }
    }
  ]
}",,,,,,false,false,,,,,,,,,,,,,"{
  ""coordinates"": [
    [
      [
        73.9964288,
        16.9656376
      ],
      [
        73.9964703,
        16.965777
      ],
      [
        73.9964155,
        16.9657921
      ],
      [
        73.9964244,
        16.9658219
      ],
      [
        73.9963801,
        16.9658341
      ],
      [
        73.9963382,
        16.9656931
      ],
      [
        73.9963825,
        16.9656809
      ],
      [
        73.9963741,
        16.9656526
      ],
      [
        73.9964288,
        16.9656376
      ]
    ]
  ],
  ""type"": ""Polygon""
}"
08b60ab6a3a14fff0200b0386d951b2a,"{
  ""xmax"": 7.399632263183594e+01,
  ""xmin"": 7.399617004394531e+01,
  ""ymax"": 1.696587181091309e+01,
  ""ymin"": 1.696573638916016e+01
}",0,"{
  ""list"": [
    {
      ""element"": {
        ""confidence"": 8.211000000000001e-01,
        ""dataset"": ""Google Open Buildings"",
        ""property"": """",
        ""record_id"": ""7J8MXX8W+8FH9"",
        ""update_time"": ""2023-05-01T00:00:00.000Z""
      }
    }
  ]
}",,,,,,false,false,,,,,,,,,,,,,"{
  ""coordinates"": [
    [
      [
        73.9962951,
        16.965737
      ],
      [
        73.9963159,
        16.9658489
      ],
      [
        73.9961897,
        16.9658706
      ],
      [
        73.9961754,
        16.9657935
      ],
      [
        73.9962156,
        16.9657866
      ],
      [
        73.9962092,
        16.9657518
      ],
      [
        73.9962951,
        16.965737
      ]
    ]
  ],
  ""type"": ""Polygon""
}"
08b60ab6a3a10fff02001b68265d1057,"{
  ""xmax"": 7.399583435058594e+01,
  ""xmin"": 7.399573516845703e+01,
  ""ymax"": 1.696654319763184e+01,
  ""ymin"": 1.696646308898926e+01
}",0,"{
  ""list"": [
    {
      ""element"": {
        ""confidence"": 8.576000000000000e-01,
        ""dataset"": ""Google Open Buildings"",
        ""property"": """",
        ""record_id"": ""7J8MXX8W+J832"",
        ""update_time"": ""2023-05-01T00:00:00.000Z""
      }
    }
  ]
}",,,,,,false,false,,,,,,,,,,,,,"{
  ""coordinates"": [
    [
      [
        73.9958186,
        16.9664642
      ],
      [
        73.995834,
        16.9665229
      ],
      [
        73.9957558,
        16.9665419
      ],
      [
        73.9957404,
        16.9664833
      ],
      [
        73.9958186,
        16.9664642
      ]
    ]
  ],
  ""type"": ""Polygon""
}"
08b60ab6a3a32fff02007be2087b35e0,"{
  ""xmax"": 7.399636840820312e+01,
  ""xmin"": 7.399627685546875e+01,
  ""ymax"": 1.696584892272949e+01,
  ""ymin"": 1.696569633483887e+01
}",0,"{
  ""list"": [
    {
      ""element"": {
        ""confidence"": 8.338000000000000e-01,
        ""dataset"": ""Google Open Buildings"",
        ""property"": """",
        ""record_id"": ""7J8MXX8W+8G4V"",
        ""update_time"": ""2023-05-01T00:00:00.000Z""
      }
    }
  ]
}",,,,,,false,false,,,,,,,,,,,,,"{
  ""coordinates"": [
    [
      [
        73.9962891,
        16.9657049
      ],
      [
        73.9963346,
        16.9656971
      ],
      [
        73.9963613,
        16.965841
      ],
      [
        73.9963159,
        16.9658489
      ],
      [
        73.9962891,
        16.9657049
      ]
    ]
  ],
  ""type"": ""Polygon""
}"
08b60ab6a3a14fff020050f994b71f1e,"{
  ""xmax"": 7.399625396728516e+01,
  ""xmin"": 7.399615478515625e+01,
  ""ymax"": 1.696617507934570e+01,
  ""ymin"": 1.696607971191406e+01
}",0,"{
  ""list"": [
    {
      ""element"": {
        ""confidence"": 8.250999999999999e-01,
        ""dataset"": ""Google Open Buildings"",
        ""property"": """",
        ""record_id"": ""7J8MXX8W+FF44"",
        ""update_time"": ""2023-05-01T00:00:00.000Z""
      }
    }
  ]
}",,,,,,false,false,,,,,,,,,,,,,"{
  ""coordinates"": [
    [
      [
        73.9961905,
        16.9660808
      ],
      [
        73.9962511,
        16.9661444
      ],
      [
        73.9962177,
        16.9661739
      ],
      [
        73.996157,
        16.9661104
      ],
      [
        73.9961905,
        16.9660808
      ]
    ]
  ],
  ""type"": ""Polygon""
}"
08b60ab6a3a10fff020073f519d6c779,"{
  ""xmax"": 7.399588775634766e+01,
  ""xmin"": 7.399581146240234e+01,
  ""ymax"": 1.696622276306152e+01,
  ""ymin"": 1.696617889404297e+01
}",0,"{
  ""list"": [
    {
      ""element"": {
        ""confidence"": 7.280000000000000e-01,
        ""dataset"": ""Google Open Buildings"",
        ""property"": """",
        ""record_id"": ""7J8MXX8W+F8Q3"",
        ""update_time"": ""2023-05-01T00:00:00.000Z""
      }
    }
  ]
}",,,,,,false,false,,,,,,,,,,,,,"{
  ""coordinates"": [
    [
      [
        73.9958823,
        16.9661801
      ],
      [
        73.9958865,
        16.9662134
      ],
      [
        73.9958215,
        16.9662211
      ],
      [
        73.9958172,
        16.9661877
      ],
      [
        73.9958823,
        16.9661801
      ]
    ]
  ],
  ""type"": ""Polygon""
}"
08b60ab6a3a32fff02006991e4858cf2,"{
  ""xmax"": 7.399656677246094e+01,
  ""xmin"": 7.399648284912109e+01,
  ""ymax"": 1.696590042114258e+01,
  ""ymin"": 1.696583175659180e+01
}",0,"{
  ""list"": [
    {
      ""element"": {
        ""confidence"": 6.733000000000000e-01,
        ""dataset"": ""Google Open Buildings"",
        ""property"": """",
        ""record_id"": ""7J8MXX8W+8JRQ"",
        ""update_time"": ""2023-05-01T00:00:00.000Z""
      }
    }
  ]
}",,,,,,false,false,,,,,,,,,,,,,"{
  ""coordinates"": [
    [
      [
        73.9965259,
        16.9658334
      ],
      [
        73.9965636,
        16.9658683
      ],
      [
        73.996532,
        16.9658998
      ],
      [
        73.9964943,
        16.9658649
      ],
      [
        73.9965259,
        16.9658334
      ]
    ]
  ],
  ""type"": ""Polygon""
}"
08b60ab6a3a10fff020064620ca50000,"{
  ""xmax"": 7.399576568603516e+01,
  ""xmin"": 7.399566650390625e+01,
  ""ymax"": 1.696644401550293e+01,
  ""ymin"": 1.696637153625488e+01
}",0,"{
  ""list"": [
    {
      ""element"": {
        ""confidence"": 8.651000000000000e-01,
        ""dataset"": ""Google Open Buildings"",
        ""property"": """",
        ""record_id"": ""7J8MXX8W+H789"",
        ""update_time"": ""2023-05-01T00:00:00.000Z""
      }
    }
  ]
}",,,,,,false,false,,,,,,,,,,,,,"{
  ""coordinates"": [
    [
      [
        73.9957433,
        16.9663724
      ],
      [
        73.9957598,
        16.9664215
      ],
      [
        73.9956903,
        16.9664431
      ],
      [
        73.9956738,
        16.966394
      ],
      [
        73.9957433,
        16.9663724
      ]
    ]
  ],
  ""type"": ""Polygon""
}"
08b60ab6a3a10fff0200094f8ea68bc5,"{
  ""xmax"": 7.399581909179688e+01,
  ""xmin"": 7.399571990966797e+01,
  ""ymax"": 1.696648597717285e+01,
  ""ymin"": 1.696640777587891e+01
}",0,"{
  ""list"": [
    {
      ""element"": {
        ""confidence"": 8.463000000000001e-01,
        ""dataset"": ""Google Open Buildings"",
        ""property"": """",
        ""record_id"": ""7J8MXX8W+H8CW"",
        ""update_time"": ""2023-05-01T00:00:00.000Z""
      }
    }
  ]
}",,,,,,false,false,,,,,,,,,,,,,"{
  ""coordinates"": [
    [
      [
        73.995801,
        16.9664087
      ],
      [
        73.9958187,
        16.9664613
      ],
      [
        73.9957411,
        16.9664854
      ],
      [
        73.9957235,
        16.9664328
      ],
      [
        73.995801,
        16.9664087
      ]
    ]
  ],
  ""type"": ""Polygon""
}"
08b60ab6a3b82fff02008d8aa4a3bc1a,"{
  ""xmax"": 7.399835205078125e+01,
  ""xmin"": 7.399828338623047e+01,
  ""ymax"": 1.696667861938477e+01,
  ""ymin"": 1.696661376953125e+01
}",0,"{
  ""list"": [
    {
      ""element"": {
        ""confidence"": 6.741000000000000e-01,
        ""dataset"": ""Google Open Buildings"",
        ""property"": """",
        ""record_id"": ""7J8MXX8X+M84R"",
        ""update_time"": ""2023-05-01T00:00:00.000Z""
      }
    }
  ]
}",,,,,,false,false,,,,,,,,,,,,,"{
  ""coordinates"": [
    [
      [
        73.9983241,
        16.9666144
      ],
      [
        73.998345,
        16.9666617
      ],
      [
        73.9983075,
        16.9666771
      ],
      [
        73.9982865,
        16.9666298
      ],
      [
        73.9983241,
        16.9666144
      ]
    ]
  ],
  ""type"": ""Polygon""
}"
